Workbook

Sheet 사용법
A1: 단계 | B1: 내용
A2: 1. 붙여넣기 | B2: 두 판정자의 판정이 끝나면 「입력」 시트를 엽니다. 텍스트와 연번은 이미 채워져 있습니다. 코더 A의 각 편 시트에서 H·I·J 열(은유 여부·원천 영역·목표 영역)을 복사해 C·D·E 열에 값으로 붙여넣고, 코더 B의 같은 열을 F·G·H에 붙여넣습니다.
A3: 2. 순서 확인 | B3: 붙여넣기 전에 두 파일의 행 순서가 같은지 확인하십시오. 판정지는 두 코더 모두 같은 순서로 만들어졌으므로, 정렬을 하지 않았다면 그대로 맞습니다.
A4: 3. 결과 확인 | B4: 「은유 여부 Kappa」·「원천 영역 Kappa」·「목표 영역 Kappa」 세 시트가 자동으로 계산됩니다. 초록색 칸이 결과입니다.
A5: 4. 불일치 검토 | B5: 「불일치 목록」 시트에 두 판정이 갈린 항목이 모입니다. 사전에 정한 절차에 따라 조정하십시오. 일치도는 조정 전 수치로 보고합니다.
A6: 주의 — 값으로 붙여넣기 | B6: 수식이 아니라 값으로 붙여넣어야 합니다. 엑셀에서 「선택하여 붙여넣기 → 값」을 쓰십시오.
A7: 주의 — 빈칸 | B7: 한쪽이라도 비어 있는 행은 계산에서 제외됩니다. 미판정이 남아 있으면 「입력」 시트 상단의 유효 건수로 확인할 수 있습니다.

Sheet 입력
A1: 텍스트 | B1: 연번 | C1: A 은유여부 | D1: A 원천 영역 | E1: A 목표 영역 | F1: B 은유여부 | G1: B 원천 영역 | H1: B 목표 영역
A2: 화식열전 | B2: 1
A3: 화식열전 | B3: 2
A4: 화식열전 | B4: 3
A5: 화식열전 | B5: 4
A6: 화식열전 | B6: 5
A7: 화식열전 | B7: 6
A8: 화식열전 | B8: 7
A9: 화식열전 | B9: 8
A10: 화식열전 | B10: 9
A11: 화식열전 | B11: 10
A12: 화식열전 | B12: 11
A13: 화식열전 | B13: 12
... A1881: 심세편 | B1881: 21

Sheet 은유 여부 Kappa
A1: 은유 여부 Kappa
A2: 두 판정자가 모두 Y 또는 N을 입력한 행만 계산에 들어갑니다.
A4: A \ B | B4: Y | C4: N | D4: A 소계
A5: Y | B5: =COUNTIFS(입력!$C$2:$C$1881,$A5,입력!$F$2:$F$1881,B$4) -> 0 | C5: =COUNTIFS(입력!$C$2:$C$1881,$A5,입력!$F$2:$F$1881,C$4) -> 0 | D5: =SUM(B5:C5) -> 0
A6: N | B6: =COUNTIFS(입력!$C$2:$C$1881,$A6,입력!$F$2:$F$1881,B$4) -> 0 | C6: =COUNTIFS(입력!$C$2:$C$1881,$A6,입력!$F$2:$F$1881,C$4) -> 0 | D6: =SUM(B6:C6) -> 0
A7: B 소계 | B7: =SUM(B5:B6) -> 0 | C7: =SUM(C5:C6) -> 0 | D7: =SUM(B7:C7) -> 0
A9: 유효 건수 N | B9: =D7 -> 0
A10: 일치 건수 | B10: =B5+C6 -> 0
A11: 관찰 일치도 Po | B11: =IFERROR(B10/B9,"")
A12: 우연 일치도 Pe | B12: =IFERROR((D5*B7+D6*C7)/(B9*B9),"")
A13: Cohen's Kappa | B13: =IFERROR((B11-B12)/(1-B12),"")
A15: 해석 기준: .81~1.00 매우 높음 / .61~.80 상당함 / .41~.60 보통 / .21~.40 낮음
A17: 범주별 일치율
A18: Y | B18: =IFERROR(B5/(D5+B7-B5),"")
A19: N | B19: =IFERROR(C6/(D6+C7-C6),"")

Sheet 원천 영역 Kappa
A1: 원천 영역 Kappa
A2: 두 판정자가 모두 은유(Y)로 판정한 행만 계산에 들어갑니다.
A4: A \ B | B4: SD-1 자연·물질 | C4: SD-2 신체·감각 | D4: SD-3 공간·방위 | E4: SD-4 사냥·전쟁 | F4: SD-5 운동·시간 | G4: SD-6 문화·제도 | H4: (수사 기제) | I4: A 소계
A5: SD-1 자연·물질 | B5: =COUNTIFS(입력!$D$2:$D$1881,$A5,입력!$G$2:$G$1881,B$4,입력!$C$2:$C$1881,"Y",입력!$F$2:$F$1881,"Y") -> 0 | C5: =COUNTIFS(입력!$D$2:$D$1881,$A5,입력!$G$2:$G$1881,C$4,입력!$C$2:$C$1881,"Y",입력!$F$2:$F$1881,"Y") -> 0 | D5: =COUNTIFS(입력!$D$2:$D$1881,$A5,입력!$G$2:$G$1881,D$4,입력!$C$2:$C$1881,"Y",입력!$F$2:$F$1881,"Y") -> 0 | E5: =COUNTIFS(입력!$D$2:$D$1881,$A5,입력!$G$2:$G$1881,E$4,입력!$C$2:$C$1881,"Y",입력!$F$2:$F$1881,"Y") -> 0 | F5: =COUNTIFS(입력!$D$2:$D$1881,$A5,입력!$G$2:$G$1881,F$4,입력!$C$2:$C$1881,"Y",입력!$F$2:$F$1881,"Y") -> 0 | G5: =COUNTIFS(입력!$D$2:$D$1881,$A5,입력!$G$2:$G$1881,G$4,입력!$C$2:$C$1881,"Y",입력!$F$2:$F$1881,"Y") -> 0 | H5: =COUNTIFS(입력!$D$2:$D$1881,$A5,입력!$G$2:$G$1881,H$4,입력!$C$2:$C$1881,"Y",입력!$F$2:$F$1881,"Y") -> 0 | I5: =SUM(B5:H5) -> 0
A6: SD-2 신체·감각 | B6: =COUNTIFS(입력!$D$2:$D$1881,$A6,입력!$G$2:$G$1881,B$4,입력!$C$2:$C$1881,"Y",입력!$F$2:$F$1881,"Y") -> 0 | C6: =COUNTIFS(입력!$D$2:$D$1881,$A6,입력!$G$2:$G$1881,C$4,입력!$C$2:$C$1881,"Y",입력!$F$2:$F$1881,"Y") -> 0 | D6: =COUNTIFS(입력!$D$2:$D$1881,$A6,입력!$G$2:$G$1881,D$4,입력!$C$2:$C$1881,"Y",입력!$F$2:$F$1881,"Y") -> 0 | E6: =COUNTIFS(입력!$D$2:$D$1881,$A6,입력!$G$2:$G$1881,E$4,입력!$C$2:$C$1881,"Y",입력!$F$2:$F$1881,"Y") -> 0 | F6: =COUNTIFS(입력!$D$2:$D$1881,$A6,입력!$G$2:$G$1881,F$4,입력!$C$2:$C$1881,"Y",입력!$F$2:$F$1881,"Y") -> 0 | G6: =COUNTIFS(입력!$D$2:$D$1881,$A6,입력!$G$2:$G$1881,G$4,입력!$C$2:$C$1881,"Y",입력!$F$2:$F$1881,"Y") -> 0 | H6: =COUNTIFS(입력!$D$2:$D$1881,$A6,입력!$G$2:$G$1881,H$4,입력!$C$2:$C$1881,"Y",입력!$F$2:$F$1881,"Y") -> 0 | I6: =SUM(B6:H6) -> 0
A7: SD-3 공간·방위 | B7: =COUNTIFS(입력!$D$2:$D$1881,$A7,입력!$G$2:$G$1881,B$4,입력!$C$2:$C$1881,"Y",입력!$F$2:$F$1881,"Y") -> 0 | C7: =COUNTIFS(입력!$D$2:$D$1881,$A7,입력!$G$2:$G$1881,C$4,입력!$C$2:$C$1881,"Y",입력!$F$2:$F$1881,"Y") -> 0 | D7: =COUNTIFS(입력!$D$2:$D$1881,$A7,입력!$G$2:$G$1881,D$4,입력!$C$2:$C$1881,"Y",입력!$F$2:$F$1881,"Y") -> 0 | E7: =COUNTIFS(입력!$D$2:$D$1881,$A7,입력!$G$2:$G$1881,E$4,입력!$C$2:$C$1881,"Y",입력!$F$2:$F$1881,"Y") -> 0 | F7: =COUNTIFS(입력!$D$2:$D$1881,$A7,입력!$G$2:$G$1881,F$4,입력!$C$2:$C$1881,"Y",입력!$F$2:$F$1881,"Y") -> 0 | G7: =COUNTIFS(입력!$D$2:$D$1881,$A7,입력!$G$2:$G$1881,G$4,입력!$C$2:$C$1881,"Y",입력!$F$2:$F$1881,"Y") -> 0 | H7: =COUNTIFS(입력!$D$2:$D$1881,$A7,입력!$G$2:$G$1881,H$4,입력!$C$2:$C$1881,"Y",입력!$F$2:$F$1881,"Y") -> 0 | I7: =SUM(B7:H7) -> 0
A8: SD-4 사냥·전쟁 | B8: =COUNTIFS(입력!$D$2:$D$1881,$A8,입력!$G$2:$G$1881,B$4,입력!$C$2:$C$1881,"Y",입력!$F$2:$F$1881,"Y") -> 0 | C8: =COUNTIFS(입력!$D$2:$D$1881,$A8,입력!$G$2:$G$1881,C$4,입력!$C$2:$C$1881,"Y",입력!$F$2:$F$1881,"Y") -> 0 | D8: =COUNTIFS(입력!$D$2:$D$1881,$A8,입력!$G$2:$G$1881,D$4,입력!$C$2:$C$1881,"Y",입력!$F$2:$F$1881,"Y") -> 0 | E8: =COUNTIFS(입력!$D$2:$D$1881,$A8,입력!$G$2:$G$1881,E$4,입력!$C$2:$C$1881,"Y",입력!$F$2:$F$1881,"Y") -> 0 | F8: =COUNTIFS(입력!$D$2:$D$1881,$A8,입력!$G$2:$G$1881,F$4,입력!$C$2:$C$1881,"Y",입력!$F$2:$F$1881,"Y") -> 0 | G8: =COUNTIFS(입력!$D$2:$D$1881,$A8,입력!$G$2:$G$1881,G$4,입력!$C$2:$C$1881,"Y",입력!$F$2:$F$1881,"Y") -> 0 | H8: =COUNTIFS(입력!$D$2:$D$1881,$A8,입력!$G$2:$G$1881,H$4,입력!$C$2:$C$1881,"Y",입력!$F$2:$F$1881,"Y") -> 0 | I8: =SUM(B8:H8) -> 0
A9: SD-5 운동·시간 | B9: =COUNTIFS(입력!$D$2:$D$1881,$A9,입력!$G$2:$G$1881,B$4,입력!$C$2:$C$1881,"Y",입력!$F$2:$F$1881,"Y") -> 0 | C9: =COUNTIFS(입력!$D$2:$D$1881,$A9,입력!$G$2:$G$1881,C$4,입력!$C$2:$C$1881,"Y",입력!$F$2:$F$1881,"Y") -> 0 | D9: =COUNTIFS(입력!$D$2:$D$1881,$A9,입력!$G$2:$G$1881,D$4,입력!$C$2:$C$1881,"Y",입력!$F$2:$F$1881,"Y") -> 0 | E9: =COUNTIFS(입력!$D$2:$D$1881,$A9,입력!$G$2:$G$1881,E$4,입력!$C$2:$C$1881,"Y",입력!$F$2:$F$1881,"Y") -> 0 | F9: =COUNTIFS(입력!$D$2:$D$1881,$A9,입력!$G$2:$G$1881,F$4,입력!$C$2:$C$1881,"Y",입력!$F$2:$F$1881,"Y") -> 0 | G9: =COUNTIFS(입력!$D$2:$D$1881,$A9,입력!$G$2:$G$1881,G$4,입력!$C$2:$C$1881,"Y",입력!$F$2:$F$1881,"Y") -> 0 | H9: =COUNTIFS(입력!$D$2:$D$1881,$A9,입력!$G$2:$G$1881,H$4,입력!$C$2:$C$1881,"Y",입력!$F$2:$F$1881,"Y") -> 0 | I9: =SUM(B9:H9) -> 0
A10: SD-6 문화·제도 | B10: =COUNTIFS(입력!$D$2:$D$1881,$A10,입력!$G$2:$G$1881,B$4,입력!$C$2:$C$1881,"Y",입력!$F$2:$F$1881,"Y") -> 0 | C10: =COUNTIFS(입력!$D$2:$D$1881,$A10,입력!$G$2:$G$1881,C$4,입력!$C$2:$C$1881,"Y",입력!$F$2:$F$1881,"Y") -> 0 | D10: =COUNTIFS(입력!$D$2:$D$1881,$A10,입력!$G$2:$G$1881,D$4,입력!$C$2:$C$1881,"Y",입력!$F$2:$F$1881,"Y") -> 0 | E10: =COUNTIFS(입력!$D$2:$D$1881,$A10,입력!$G$2:$G$1881,E$4,입력!$C$2:$C$1881,"Y",입력!$F$2:$F$1881,"Y") -> 0 | F10: =COUNTIFS(입력!$D$2:$D$1881,$A10,입력!$G$2:$G$1881,F$4,입력!$C$2:$C$1881,"Y",입력!$F$2:$F$1881,"Y") -> 0 | G10: =COUNTIFS(입력!$D$2:$D$1881,$A10,입력!$G$2:$G$1881,G$4,입력!$C$2:$C$1881,"Y",입력!$F$2:$F$1881,"Y") -> 0 | H10: =COUNTIFS(입력!$D$2:$D$1881,$A10,입력!$G$2:$G$1881,H$4,입력!$C$2:$C$1881,"Y",입력!$F$2:$F$1881,"Y") -> 0 | I10: =SUM(B10:H10) -> 0
A11: (수사 기제) | B11: =COUNTIFS(입력!$D$2:$D$1881,$A11,입력!$G$2:$G$1881,B$4,입력!$C$2:$C$1881,"Y",입력!$F$2:$F$1881,"Y") -> 0 | C11: =COUNTIFS(입력!$D$2:$D$1881,$A11,입력!$G$2:$G$1881,C$4,입력!$C$2:$C$1881,"Y",입력!$F$2:$F$1881,"Y") -> 0 | D11: =COUNTIFS(입력!$D$2:$D$1881,$A11,입력!$G$2:$G$1881,D$4,입력!$C$2:$C$1881,"Y",입력!$F$2:$F$1881,"Y") -> 0 | E11: =COUNTIFS(입력!$D$2:$D$1881,$A11,입력!$G$2:$G$1881,E$4,입력!$C$2:$C$1881,"Y",입력!$F$2:$F$1881,"Y") -> 0 | F11: =COUNTIFS(입력!$D$2:$D$1881,$A11,입력!$G$2:$G$1881,F$4,입력!$C$2:$C$1881,"Y",입력!$F$2:$F$1881,"Y") -> 0 | G11: =COUNTIFS(입력!$D$2:$D$1881,$A11,입력!$G$2:$G$1881,G$4,입력!$C$2:$C$1881,"Y",입력!$F$2:$F$1881,"Y") -> 0 | H11: =COUNTIFS(입력!$D$2:$D$1881,$A11,입력!$G$2:$G$1881,H$4,입력!$C$2:$C$1881,"Y",입력!$F$2:$F$1881,"Y") -> 0 | I11: =SUM(B11:H11) -> 0
A12: B 소계 | B12: =SUM(B5:B11) -> 0 | C12: =SUM(C5:C11) -> 0 | D12: =SUM(D5:D11) -> 0 | E12: =SUM(E5:E11) -> 0 | F12: =SUM(F5:F11) -> 0 | G12: =SUM(G5:G11) -> 0 | H12: =SUM(H5:H11) -> 0 | I12: =SUM(B12:H12) -> 0
A14: 유효 건수 N | B14: =I12 -> 0
A15: 일치 건수 | B15: =B5+C6+D7+E8+F9+G10+H11 -> 0
A16: 관찰 일치도 Po | B16: =IFERROR(B15/B14,"")
A17: 우연 일치도 Pe | B17: =IFERROR((I5*B12+I6*C12+I7*D12+I8*E12+I9*F12+I10*G12+I11*H12)/(B14*B14),"")
A18: Cohen's Kappa | B18: =IFERROR((B16-B17)/(1-B17),"")
A20: 해석 기준: .81~1.00 매우 높음 / .61~.80 상당함 / .41~.60 보통 / .21~.40 낮음
A22: 범주별 일치율
A23: SD-1 자연·물질 | B23: =IFERROR(B5/(I5+B12-B5),"")
A24: SD-2 신체·감각 | B24: =IFERROR(C6/(I6+C12-C6),"")
A25: SD-3 공간·방위 | B25: =IFERROR(D7/(I7+D12-D7),"")
A26: SD-4 사냥·전쟁 | B26: =IFERROR(E8/(I8+E12-E8),"")
A27: SD-5 운동·시간 | B27: =IFERROR(F9/(I9+F12-F9),"")
A28: SD-6 문화·제도 | B28: =IFERROR(G10/(I10+G12-G10),"")
A29: (수사 기제) | B29: =IFERROR(H11/(I11+H12-H11),"")

Sheet 목표 영역 Kappa
A1: 목표 영역 Kappa
A2: 두 판정자가 모두 은유(Y)로 판정한 행만 계산에 들어갑니다.
A4: A \ B | B4: TD-1 축적·유통 | C4: TD-2 권력·지배 | D4: TD-3 인식·진위 | E4: TD-4 도덕·책무 | F4: TD-5 문명·제도 | G4: TD-7 경물·감각 | H4: TD-6 기타 | I4: A 소계
A5: TD-1 축적·유통 | B5: =COUNTIFS(입력!$E$2:$E$1881,$A5,입력!$H$2:$H$1881,B$4,입력!$C$2:$C$1881,"Y",입력!$F$2:$F$1881,"Y") -> 0 | C5: =COUNTIFS(입력!$E$2:$E$1881,$A5,입력!$H$2:$H$1881,C$4,입력!$C$2:$C$1881,"Y",입력!$F$2:$F$1881,"Y") -> 0 | D5: =COUNTIFS(입력!$E$2:$E$1881,$A5,입력!$H$2:$H$1881,D$4,입력!$C$2:$C$1881,"Y",입력!$F$2:$F$1881,"Y") -> 0 | E5: =COUNTIFS(입력!$E$2:$E$1881,$A5,입력!$H$2:$H$1881,E$4,입력!$C$2:$C$1881,"Y",입력!$F$2:$F$1881,"Y") -> 0 | F5: =COUNTIFS(입력!$E$2:$E$1881,$A5,입력!$H$2:$H$1881,F$4,입력!$C$2:$C$1881,"Y",입력!$F$2:$F$1881,"Y") -> 0 | G5: =COUNTIFS(입력!$E$2:$E$1881,$A5,입력!$H$2:$H$1881,G$4,입력!$C$2:$C$1881,"Y",입력!$F$2:$F$1881,"Y") -> 0 | H5: =COUNTIFS(입력!$E$2:$E$1881,$A5,입력!$H$2:$H$1881,H$4,입력!$C$2:$C$1881,"Y",입력!$F$2:$F$1881,"Y") -> 0 | I5: =SUM(B5:H5) -> 0
A6: TD-2 권력·지배 | B6: =COUNTIFS(입력!$E$2:$E$1881,$A6,입력!$H$2:$H$1881,B$4,입력!$C$2:$C$1881,"Y",입력!$F$2:$F$1881,"Y") -> 0 | C6: =COUNTIFS(입력!$E$2:$E$1881,$A6,입력!$H$2:$H$1881,C$4,입력!$C$2:$C$1881,"Y",입력!$F$2:$F$1881,"Y") -> 0 | D6: =COUNTIFS(입력!$E$2:$E$1881,$A6,입력!$H$2:$H$1881,D$4,입력!$C$2:$C$1881,"Y",입력!$F$2:$F$1881,"Y") -> 0 | E6: =COUNTIFS(입력!$E$2:$E$1881,$A6,입력!$H$2:$H$1881,E$4,입력!$C$2:$C$1881,"Y",입력!$F$2:$F$1881,"Y") -> 0 | F6: =COUNTIFS(입력!$E$2:$E$1881,$A6,입력!$H$2:$H$1881,F$4,입력!$C$2:$C$1881,"Y",입력!$F$2:$F$1881,"Y") -> 0 | G6: =COUNTIFS(입력!$E$2:$E$1881,$A6,입력!$H$2:$H$1881,G$4,입력!$C$2:$C$1881,"Y",입력!$F$2:$F$1881,"Y") -> 0 | H6: =COUNTIFS(입력!$E$2:$E$1881,$A6,입력!$H$2:$H$1881,H$4,입력!$C$2:$C$1881,"Y",입력!$F$2:$F$1881,"Y") -> 0 | I6: =SUM(B6:H6) -> 0
A7: TD-3 인식·진위 | B7: =COUNTIFS(입력!$E$2:$E$1881,$A7,입력!$H$2:$H$1881,B$4,입력!$C$2:$C$1881,"Y",입력!$F$2:$F$1881,"Y") -> 0 | C7: =COUNTIFS(입력!$E$2:$E$1881,$A7,입력!$H$2:$H$1881,C$4,입력!$C$2:$C$1881,"Y",입력!$F$2:$F$1881,"Y") -> 0 | D7: =COUNTIFS(입력!$E$2:$E$1881,$A7,입력!$H$2:$H$1881,D$4,입력!$C$2:$C$1881,"Y",입력!$F$2:$F$1881,"Y") -> 0 | E7: =COUNTIFS(입력!$E$2:$E$1881,$A7,입력!$H$2:$H$1881,E$4,입력!$C$2:$C$1881,"Y",입력!$F$2:$F$1881,"Y") -> 0 | F7: =COUNTIFS(입력!$E$2:$E$1881,$A7,입력!$H$2:$H$1881,F$4,입력!$C$2:$C$1881,"Y",입력!$F$2:$F$1881,"Y") -> 0 | G7: =COUNTIFS(입력!$E$2:$E$1881,$A7,입력!$H$2:$H$1881,G$4,입력!$C$2:$C$1881,"Y",입력!$F$2:$F$1881,"Y") -> 0 | H7: =COUNTIFS(입력!$E$2:$E$1881,$A7,입력!$H$2:$H$1881,H$4,입력!$C$2:$C$1881,"Y",입력!$F$2:$F$1881,"Y") -> 0 | I7: =SUM(B7:H7) -> 0
A8: TD-4 도덕·책무 | B8: =COUNTIFS(입력!$E$2:$E$1881,$A8,입력!$H$2:$H$1881,B$4,입력!$C$2:$C$1881,"Y",입력!$F$2:$F$1881,"Y") -> 0 | C8: =COUNTIFS(입력!$E$2:$E$1881,$A8,입력!$H$2:$H$1881,C$4,입력!$C$2:$C$1881,"Y",입력!$F$2:$F$1881,"Y") -> 0 | D8: =COUNTIFS(입력!$E$2:$E$1881,$A8,입력!$H$2:$H$1881,D$4,입력!$C$2:$C$1881,"Y",입력!$F$2:$F$1881,"Y") -> 0 | E8: =COUNTIFS(입력!$E$2:$E$1881,$A8,입력!$H$2:$H$1881,E$4,입력!$C$2:$C$1881,"Y",입력!$F$2:$F$1881,"Y") -> 0 | F8: =COUNTIFS(입력!$E$2:$E$1881,$A8,입력!$H$2:$H$1881,F$4,입력!$C$2:$C$1881,"Y",입력!$F$2:$F$1881,"Y") -> 0 | G8: =COUNTIFS(입력!$E$2:$E$1881,$A8,입력!$H$2:$H$1881,G$4,입력!$C$2:$C$1881,"Y",입력!$F$2:$F$1881,"Y") -> 0 | H8: =COUNTIFS(입력!$E$2:$E$1881,$A8,입력!$H$2:$H$1881,H$4,입력!$C$2:$C$1881,"Y",입력!$F$2:$F$1881,"Y") -> 0 | I8: =SUM(B8:H8) -> 0
A9: TD-5 문명·제도 | B9: =COUNTIFS(입력!$E$2:$E$1881,$A9,입력!$H$2:$H$1881,B$4,입력!$C$2:$C$1881,"Y",입력!$F$2:$F$1881,"Y") -> 0 | C9: =COUNTIFS(입력!$E$2:$E$1881,$A9,입력!$H$2:$H$1881,C$4,입력!$C$2:$C$1881,"Y",입력!$F$2:$F$1881,"Y") -> 0 | D9: =COUNTIFS(입력!$E$2:$E$1881,$A9,입력!$H$2:$H$1881,D$4,입력!$C$2:$C$1881,"Y",입력!$F$2:$F$1881,"Y") -> 0 | E9: =COUNTIFS(입력!$E$2:$E$1881,$A9,입력!$H$2:$H$1881,E$4,입력!$C$2:$C$1881,"Y",입력!$F$2:$F$1881,"Y") -> 0 | F9: =COUNTIFS(입력!$E$2:$E$1881,$A9,입력!$H$2:$H$1881,F$4,입력!$C$2:$C$1881,"Y",입력!$F$2:$F$1881,"Y") -> 0 | G9: =COUNTIFS(입력!$E$2:$E$1881,$A9,입력!$H$2:$H$1881,G$4,입력!$C$2:$C$1881,"Y",입력!$F$2:$F$1881,"Y") -> 0 | H9: =COUNTIFS(입력!$E$2:$E$1881,$A9,입력!$H$2:$H$1881,H$4,입력!$C$2:$C$1881,"Y",입력!$F$2:$F$1881,"Y") -> 0 | I9: =SUM(B9:H9) -> 0
A10: TD-7 경물·감각 | B10: =COUNTIFS(입력!$E$2:$E$1881,$A10,입력!$H$2:$H$1881,B$4,입력!$C$2:$C$1881,"Y",입력!$F$2:$F$1881,"Y") -> 0 | C10: =COUNTIFS(입력!$E$2:$E$1881,$A10,입력!$H$2:$H$1881,C$4,입력!$C$2:$C$1881,"Y",입력!$F$2:$F$1881,"Y") -> 0 | D10: =COUNTIFS(입력!$E$2:$E$1881,$A10,입력!$H$2:$H$1881,D$4,입력!$C$2:$C$1881,"Y",입력!$F$2:$F$1881,"Y") -> 0 | E10: =COUNTIFS(입력!$E$2:$E$1881,$A10,입력!$H$2:$H$1881,E$4,입력!$C$2:$C$1881,"Y",입력!$F$2:$F$1881,"Y") -> 0 | F10: =COUNTIFS(입력!$E$2:$E$1881,$A10,입력!$H$2:$H$1881,F$4,입력!$C$2:$C$1881,"Y",입력!$F$2:$F$1881,"Y") -> 0 | G10: =COUNTIFS(입력!$E$2:$E$1881,$A10,입력!$H$2:$H$1881,G$4,입력!$C$2:$C$1881,"Y",입력!$F$2:$F$1881,"Y") -> 0 | H10: =COUNTIFS(입력!$E$2:$E$1881,$A10,입력!$H$2:$H$1881,H$4,입력!$C$2:$C$1881,"Y",입력!$F$2:$F$1881,"Y") -> 0 | I10: =SUM(B10:H10) -> 0
A11: TD-6 기타 | B11: =COUNTIFS(입력!$E$2:$E$1881,$A11,입력!$H$2:$H$1881,B$4,입력!$C$2:$C$1881,"Y",입력!$F$2:$F$1881,"Y") -> 0 | C11: =COUNTIFS(입력!$E$2:$E$1881,$A11,입력!$H$2:$H$1881,C$4,입력!$C$2:$C$1881,"Y",입력!$F$2:$F$1881,"Y") -> 0 | D11: =COUNTIFS(입력!$E$2:$E$1881,$A11,입력!$H$2:$H$1881,D$4,입력!$C$2:$C$1881,"Y",입력!$F$2:$F$1881,"Y") -> 0 | E11: =COUNTIFS(입력!$E$2:$E$1881,$A11,입력!$H$2:$H$1881,E$4,입력!$C$2:$C$1881,"Y",입력!$F$2:$F$1881,"Y") -> 0 | F11: =COUNTIFS(입력!$E$2:$E$1881,$A11,입력!$H$2:$H$1881,F$4,입력!$C$2:$C$1881,"Y",입력!$F$2:$F$1881,"Y") -> 0 | G11: =COUNTIFS(입력!$E$2:$E$1881,$A11,입력!$H$2:$H$1881,G$4,입력!$C$2:$C$1881,"Y",입력!$F$2:$F$1881,"Y") -> 0 | H11: =COUNTIFS(입력!$E$2:$E$1881,$A11,입력!$H$2:$H$1881,H$4,입력!$C$2:$C$1881,"Y",입력!$F$2:$F$1881,"Y") -> 0 | I11: =SUM(B11:H11) -> 0
A12: B 소계 | B12: =SUM(B5:B11) -> 0 | C12: =SUM(C5:C11) -> 0 | D12: =SUM(D5:D11) -> 0 | E12: =SUM(E5:E11) -> 0 | F12: =SUM(F5:F11) -> 0 | G12: =SUM(G5:G11) -> 0 | H12: =SUM(H5:H11) -> 0 | I12: =SUM(B12:H12) -> 0
A14: 유효 건수 N | B14: =I12 -> 0
A15: 일치 건수 | B15: =B5+C6+D7+E8+F9+G10+H11 -> 0
A16: 관찰 일치도 Po | B16: =IFERROR(B15/B14,"")
A17: 우연 일치도 Pe | B17: =IFERROR((I5*B12+I6*C12+I7*D12+I8*E12+I9*F12+I10*G12+I11*H12)/(B14*B14),"")
A18: Cohen's Kappa | B18: =IFERROR((B16-B17)/(1-B17),"")
A20: 해석 기준: .81~1.00 매우 높음 / .61~.80 상당함 / .41~.60 보통 / .21~.40 낮음
A22: 범주별 일치율
A23: TD-1 축적·유통 | B23: =IFERROR(B5/(I5+B12-B5),"")
A24: TD-2 권력·지배 | B24: =IFERROR(C6/(I6+C12-C6),"")
A25: TD-3 인식·진위 | B25: =IFERROR(D7/(I7+D12-D7),"")
A26: TD-4 도덕·책무 | B26: =IFERROR(E8/(I8+E12-E8),"")
A27: TD-5 문명·제도 | B27: =IFERROR(F9/(I9+F12-F9),"")
A28: TD-7 경물·감각 | B28: =IFERROR(G10/(I10+G12-G10),"")
A29: TD-6 기타 | B29: =IFERROR(H11/(I11+H12-H11),"")

Sheet 불일치 목록
A1: 텍스트 | B1: 연번 | C1: A 은유 | D1: B 은유 | E1: A 원천 | F1: B 원천 | G1: A 목표 | H1: B 목표 | I1: 불일치 유형
A2: =IF(OR(입력!C2<>입력!F2,AND(입력!C2="Y",입력!F2="Y",OR(입력!D2<>입력!G2,입력!E2<>입력!H2))),입력!A2,"") | B2: =IF($A2="","",입력!B2) | C2: =IF($A2="","",입력!C2) | D2: =IF($A2="","",입력!F2) | E2: =IF($A2="","",입력!D2) | F2: =IF($A2="","",입력!G2) | G2: =IF($A2="","",입력!E2) | H2: =IF($A2="","",입력!H2) | I2: =IF($A2="","",IF(입력!C2<>입력!F2,"은유 여부",IF(입력!D2<>입력!G2,IF(입력!E2<>입력!H2,"원천+목표","원천 영역"),"목표 영역")))
A3: =IF(OR(입력!C3<>입력!F3,AND(입력!C3="Y",입력!F3="Y",OR(입력!D3<>입력!G3,입력!E3<>입력!H3))),입력!A3,"") | B3: =IF($A3="","",입력!B3) | C3: =IF($A3="","",입력!C3) | D3: =IF($A3="","",입력!F3) | E3: =IF($A3="","",입력!D3) | F3: =IF($A3="","",입력!G3) | G3: =IF($A3="","",입력!E3) | H3: =IF($A3="","",입력!H3) | I3: =IF($A3="","",IF(입력!C3<>입력!F3,"은유 여부",IF(입력!D3<>입력!G3,IF(입력!E3<>입력!H3,"원천+목표","원천 영역"),"목표 영역")))
A4: =IF(OR(입력!C4<>입력!F4,AND(입력!C4="Y",입력!F4="Y",OR(입력!D4<>입력!G4,입력!E4<>입력!H4))),입력!A4,"") | B4: =IF($A4="","",입력!B4) | C4: =IF($A4="","",입력!C4) | D4: =IF($A4="","",입력!F4) | E4: =IF($A4="","",입력!D4) | F4: =IF($A4="","",입력!G4) | G4: =IF($A4="","",입력!E4) | H4: =IF($A4="","",입력!H4) | I4: =IF($A4="","",IF(입력!C4<>입력!F4,"은유 여부",IF(입력!D4<>입력!G4,IF(입력!E4<>입력!H4,"원천+목표","원천 영역"),"목표 영역")))
A5: =IF(OR(입력!C5<>입력!F5,AND(입력!C5="Y",입력!F5="Y",OR(입력!D5<>입력!G5,입력!E5<>입력!H5))),입력!A5,"") | B5: =IF($A5="","",입력!B5) | C5: =IF($A5="","",입력!C5) | D5: =IF($A5="","",입력!F5) | E5: =IF($A5="","",입력!D5) | F5: =IF($A5="","",입력!G5) | G5: =IF($A5="","",입력!E5) | H5: =IF($A5="","",입력!H5) | I5: =IF($A5="","",IF(입력!C5<>입력!F5,"은유 여부",IF(입력!D5<>입력!G5,IF(입력!E5<>입력!H5,"원천+목표","원천 영역"),"목표 영역")))
A6: =IF(OR(입력!C6<>입력!F6,AND(입력!C6="Y",입력!F6="Y",OR(입력!D6<>입력!G6,입력!E6<>입력!H6))),입력!A6,"") | B6: =IF($A6="","",입력!B6) | C6: =IF($A6="","",입력!C6) | D6: =IF($A6="","",입력!F6) | E6: =IF($A6="","",입력!D6) | F6: =IF($A6="","",입력!G6) | G6: =IF($A6="","",입력!E6) | H6: =IF($A6="","",입력!H6) | I6: =IF($A6="","",IF(입력!C6<>입력!F6,"은유 여부",IF(입력!D6<>입력!G6,IF(입력!E6<>입력!H6,"원천+목표","원천 영역"),"목표 영역")))
A7: =IF(OR(입력!C7<>입력!F7,AND(입력!C7="Y",입력!F7="Y",OR(입력!D7<>입력!G7,입력!E7<>입력!H7))),입력!A7,"") | B7: =IF($A7="","",입력!B7) | C7: =IF($A7="","",입력!C7) | D7: =IF($A7="","",입력!F7) | E7: =IF($A7="","",입력!D7) | F7: =IF($A7="","",입력!G7) | G7: =IF($A7="","",입력!E7) | H7: =IF($A7="","",입력!H7) | I7: =IF($A7="","",IF(입력!C7<>입력!F7,"은유 여부",IF(입력!D7<>입력!G7,IF(입력!E7<>입력!H7,"원천+목표","원천 영역"),"목표 영역")))
A8: =IF(OR(입력!C8<>입력!F8,AND(입력!C8="Y",입력!F8="Y",OR(입력!D8<>입력!G8,입력!E8<>입력!H8))),입력!A8,"") | B8: =IF($A8="","",입력!B8) | C8: =IF($A8="","",입력!C8) | D8: =IF($A8="","",입력!F8) | E8: =IF($A8="","",입력!D8) | F8: =IF($A8="","",입력!G8) | G8: =IF($A8="","",입력!E8) | H8: =IF($A8="","",입력!H8) | I8: =IF($A8="","",IF(입력!C8<>입력!F8,"은유 여부",IF(입력!D8<>입력!G8,IF(입력!E8<>입력!H8,"원천+목표","원천 영역"),"목표 영역")))
A9: =IF(OR(입력!C9<>입력!F9,AND(입력!C9="Y",입력!F9="Y",OR(입력!D9<>입력!G9,입력!E9<>입력!H9))),입력!A9,"") | B9: =IF($A9="","",입력!B9) | C9: =IF($A9="","",입력!C9) | D9: =IF($A9="","",입력!F9) | E9: =IF($A9="","",입력!D9) | F9: =IF($A9="","",입력!G9) | G9: =IF($A9="","",입력!E9) | H9: =IF($A9="","",입력!H9) | I9: =IF($A9="","",IF(입력!C9<>입력!F9,"은유 여부",IF(입력!D9<>입력!G9,IF(입력!E9<>입력!H9,"원천+목표","원천 영역"),"목표 영역")))
A10: =IF(OR(입력!C10<>입력!F10,AND(입력!C10="Y",입력!F10="Y",OR(입력!D10<>입력!G10,입력!E10<>입력!H10))),입력!A10,"") | B10: =IF($A10="","",입력!B10) | C10: =IF($A10="","",입력!C10) | D10: =IF($A10="","",입력!F10) | E10: =IF($A10="","",입력!D10) | F10: =IF($A10="","",입력!G10) | G10: =IF($A10="","",입력!E10) | H10: =IF($A10="","",입력!H10) | I10: =IF($A10="","",IF(입력!C10<>입력!F10,"은유 여부",IF(입력!D10<>입력!G10,IF(입력!E10<>입력!H10,"원천+목표","원천 영역"),"목표 영역")))
A11: =IF(OR(입력!C11<>입력!F11,AND(입력!C11="Y",입력!F11="Y",OR(입력!D11<>입력!G11,입력!E11<>입력!H11))),입력!A11,"") | B11: =IF($A11="","",입력!B11) | C11: =IF($A11="","",입력!C11) | D11: =IF($A11="","",입력!F11) | E11: =IF($A11="","",입력!D11) | F11: =IF($A11="","",입력!G11) | G11: =IF($A11="","",입력!E11) | H11: =IF($A11="","",입력!H11) | I11: =IF($A11="","",IF(입력!C11<>입력!F11,"은유 여부",IF(입력!D11<>입력!G11,IF(입력!E11<>입력!H11,"원천+목표","원천 영역"),"목표 영역")))
A12: =IF(OR(입력!C12<>입력!F12,AND(입력!C12="Y",입력!F12="Y",OR(입력!D12<>입력!G12,입력!E12<>입력!H12))),입력!A12,"") | B12: =IF($A12="","",입력!B12) | C12: =IF($A12="","",입력!C12) | D12: =IF($A12="","",입력!F12) | E12: =IF($A12="","",입력!D12) | F12: =IF($A12="","",입력!G12) | G12: =IF($A12="","",입력!E12) | H12: =IF($A12="","",입력!H12) | I12: =IF($A12="","",IF(입력!C12<>입력!F12,"은유 여부",IF(입력!D12<>입력!G12,IF(입력!E12<>입력!H12,"원천+목표","원천 영역"),"목표 영역")))
A13: =IF(OR(입력!C13<>입력!F13,AND(입력!C13="Y",입력!F13="Y",OR(입력!D13<>입력!G13,입력!E13<>입력!H13))),입력!A13,"") | B13: =IF($A13="","",입력!B13) | C13: =IF($A13="","",입력!C13) | D13: =IF($A13="","",입력!F13) | E13: =IF($A13="","",입력!D13) | F13: =IF($A13="","",입력!G13) | G13: =IF($A13="","",입력!E13) | H13: =IF($A13="","",입력!H13) | I13: =IF($A13="","",IF(입력!C13<>입력!F13,"은유 여부",IF(입력!D13<>입력!G13,IF(입력!E13<>입력!H13,"원천+목표","원천 영역"),"목표 영역")))
... A1881: =IF(OR(입력!C1881<>입력!F1881,AND(입력!C1881="Y",입력!F1881="Y",OR(입력!D1881<>입력!G1881,입력!E1881<>입력!H1881))),입력!A1881,"") | B1881: =IF($A1881="","",입력!B1881) | C1881: =IF($A1881="","",입력!C1881) | D1881: =IF($A1881="","",입력!F1881) | E1881: =IF($A1881="","",입력!D1881) | F1881: =IF($A1881="","",입력!G1881) | G1881: =IF($A1881="","",입력!E1881) | H1881: =IF($A1881="","",입력!H1881) | I1881: =IF($A1881="","",IF(입력!C1881<>입력!F1881,"은유 여부",IF(입력!D1881<>입력!G1881,IF(입력!E1881<>입력!H1881,"원천+목표","원천 영역"),"목표 영역")))
