Workbook

Sheet 설계 안내
A1: 항목 | B1: 내용
A2: ※ 2차 개정 사항 | B2: 목표 영역에 「TD-7 경물·감각」을 추가하였습니다. 시범 코딩에서 경물 묘사와 감각·정서 표현이 갈 자리가 없어 TD-6 기타에 몰리는 문제가 확인되었기 때문입니다. 기행문에서 견문을 서술하는 대목은 대체로 TD-7에 듭니다. TD-6은 나머지 여섯에 모두 들지 않을 때만 쓰고, 그때는 비고란에 무엇인지 적어 주십시오.
A3: 이 파일의 용도 | B3: 「화식열전」과 열하일기 7편 전체를 새 설계로 재코딩하기 위한 판정지입니다. 두 판정자가 각자 사본에 독립적으로 입력한 뒤 대조합니다.
A4: 작업량 | B4: 판정 대상 절은 8편 합계 1,880절입니다. 절당 30초로 잡으면 1인 약 16시간입니다. 먼저 한 편을 끝까지 해보고 실제 속도를 확인한 뒤 전체 일정을 잡으시기를 권합니다.
A5: 작업 순서 권고 | B5: 「화식열전」과 「도강록」을 먼저 하십시오. 이 두 편(718절)은 건별 자료가 아예 없어 심사의견 2·5·6·7번의 공통 원인이 되고 있습니다. 나머지 6편은 기존 판정 자료가 남아 있으므로 후순위로 두어도 됩니다.
A6: 분석 단위 — 절(節) | B6: 두 저본이 각자 표시한 경계를 그대로 씁니다. 「화식열전」은 표점(，。：；)으로, 열하일기는 저본의 띄어쓰기로 나눕니다. 연구자가 임의로 정한 분절이 아닙니다.
A7: 두 저본의 절 길이가 사실상 같습니다 | B7: 「화식열전」 1,155절 평균 4.14자(중위 4.0), 열하일기 16,278절 평균 4.98자(중위 4.0)입니다. 표점의 쉼표와 저본의 띄어쓰기가 같은 층위의 경계를 표시한다는 뜻이며, 심사의견 4번에 대한 실질적 해결책이 됩니다.
A8: 판정 대상 선정 | B8: 트리거 41개를 포함한 절과 그 앞뒤 각 1절이 대상입니다. 두 문헌에 같은 규칙을 적용합니다.
A9: 음성 사례를 반드시 남기십시오 | B9: 기존 검토표는 은유로 판정된 건만 기록되어 은유 여부의 Kappa를 산출할 수 없었습니다. 이번에는 대상 절 전체를 Y/N으로 판정하므로 음성 사례가 남습니다. 은유가 아닌 절도 빠짐없이 N으로 표시해 주십시오. 빈칸으로 두면 미판정과 구별되지 않습니다.
A10: 목표 영역을 함께 코딩합니다 | B10: 모든 은유 항목에 목표 영역 코드를 붙입니다. 그러면 원천 × 목표 교차표가 산출되어, 대응쌍을 골라 제시할 필요가 없어집니다. 심사의견 5번이 여기서 해소됩니다.
A11: 판정 방법 | B11: ① 절의 문맥적 의미를 확인합니다. ② 해당 어휘의 기본 의미(더 구체적이고 신체적 경험에 가까우며 역사적으로 앞선 의미)를 떠올립니다. ③ 두 의미가 다르고 전자를 후자와의 비교로 이해할 수 있으면 Y로 판정합니다. ④ Y라면 원천 영역과 목표 영역을 각각 고르고 해당 어휘를 적습니다.
A12: 과장·역설의 처리 | B12: 과장이나 역설은 두 영역 사이의 사상이 아니므로 원천 영역이 아닙니다. 그것만으로 이루어진 표현은 원천 영역에 「(수사 기제)」를 선택하십시오. 원천 영역과 함께 나타나면 원천 영역을 고르고 비고란에 적으십시오.
... A15: 심세편에 관한 유의 | B15: 「심세편」은 판정 대상이 21절에 그칩니다. 재코딩 후에도 정량표에 넣기 어려울 가능성이 높으나, 판정해 두면 제외 근거를 수치로 제시할 수 있습니다.

Sheet 진행 현황
A1: 텍스트 | B1: 판정 대상 절 | C1: 판정 완료 | D1: 미판정 | E1: 은유(Y) | F1: 비은유(N)
A2: 화식열전 | B2: 394 | C2: =COUNTIF(화식열전!$H$2:$H$395,"Y")+COUNTIF(화식열전!$H$2:$H$395,"N") | D2: =B2-C2 | E2: =COUNTIF(화식열전!$H$2:$H$395,"Y") | F2: =COUNTIF(화식열전!$H$2:$H$395,"N")
A3: 도강록 | B3: 324 | C3: =COUNTIF(도강록!$H$2:$H$325,"Y")+COUNTIF(도강록!$H$2:$H$325,"N") | D3: =B3-C3 | E3: =COUNTIF(도강록!$H$2:$H$325,"Y") | F3: =COUNTIF(도강록!$H$2:$H$325,"N")
A4: 성경잡지 | B4: 295 | C4: =COUNTIF(성경잡지!$H$2:$H$296,"Y")+COUNTIF(성경잡지!$H$2:$H$296,"N") | D4: =B4-C4 | E4: =COUNTIF(성경잡지!$H$2:$H$296,"Y") | F4: =COUNTIF(성경잡지!$H$2:$H$296,"N")
A5: 일신수필 | B5: 273 | C5: =COUNTIF(일신수필!$H$2:$H$274,"Y")+COUNTIF(일신수필!$H$2:$H$274,"N") | D5: =B5-C5 | E5: =COUNTIF(일신수필!$H$2:$H$274,"Y") | F5: =COUNTIF(일신수필!$H$2:$H$274,"N")
A6: 관내정사 | B6: 254 | C6: =COUNTIF(관내정사!$H$2:$H$255,"Y")+COUNTIF(관내정사!$H$2:$H$255,"N") | D6: =B6-C6 | E6: =COUNTIF(관내정사!$H$2:$H$255,"Y") | F6: =COUNTIF(관내정사!$H$2:$H$255,"N")
A7: 옥갑야화 | B7: 254 | C7: =COUNTIF(옥갑야화!$H$2:$H$255,"Y")+COUNTIF(옥갑야화!$H$2:$H$255,"N") | D7: =B7-C7 | E7: =COUNTIF(옥갑야화!$H$2:$H$255,"Y") | F7: =COUNTIF(옥갑야화!$H$2:$H$255,"N")
A8: 행재잡록 | B8: 65 | C8: =COUNTIF(행재잡록!$H$2:$H$66,"Y")+COUNTIF(행재잡록!$H$2:$H$66,"N") | D8: =B8-C8 | E8: =COUNTIF(행재잡록!$H$2:$H$66,"Y") | F8: =COUNTIF(행재잡록!$H$2:$H$66,"N")
A9: 심세편 | B9: 21 | C9: =COUNTIF(심세편!$H$2:$H$22,"Y")+COUNTIF(심세편!$H$2:$H$22,"N") | D9: =B9-C9 | E9: =COUNTIF(심세편!$H$2:$H$22,"Y") | F9: =COUNTIF(심세편!$H$2:$H$22,"N")
A10: 합계 | B10: =SUM(B2:B9) | C10: =SUM(C2:C9) | D10: =SUM(D2:D9) | E10: =SUM(E2:E9) | F10: =SUM(F2:F9)

Sheet 화식열전
A1: 연번 | B1: 문단 | C1: 절번호 | D1: 앞 절 | E1: 판정 대상 절 | F1: 뒤 절 | G1: 트리거 | H1: 은유 여부 | I1: 원천 영역 | J1: 목표 영역 | K1: 원천 어휘 | L1: 목표 개념 | M1: 판정 근거 | N1: 확신도 | O1: 비고
A2: 1 | B2: 2 | C2: 13 | D2: 終不能化 | E2: 故善者因之 | F2: 其次利道之
A3: 2 | B3: 2 | C3: 14 | D3: 故善者因之 | E3: 其次利道之 | F3: 其次教誨之 | G3: ●
A4: 3 | B4: 2 | C4: 15 | D4: 其次利道之 | E4: 其次教誨之 | F4: 其次整齊之
A5: 4 | B5: 3 | C5: 38 | D5: 虞而出之 | E5: 工而成之 | F5: 商而通之
A6: 5 | B6: 3 | C6: 39 | D6: 工而成之 | E6: 商而通之 | F6: 此寧有政教發徵期會哉 | G6: ●
A7: 6 | B7: 3 | C7: 40 | D7: 商而通之 | E7: 此寧有政教發徵期會哉 | F7: 人各任其能
A8: 7 | B8: 4 | C8: 3 | D8: 農不出則乏其食 | E8: 工不出則乏其事 | F8: 商不出則三寶絕
A9: 8 | B9: 4 | C9: 4 | D9: 工不出則乏其事 | E9: 商不出則三寶絕 | F9: 虞不出則財匱少 | G9: ●
A10: 9 | B10: 4 | C10: 5 | D10: 商不出則三寶絕 | E10: 虞不出則財匱少 | F10: 財匱 | G10: ●
A11: 10 | B11: 4 | C11: 6 | D11: 虞不出則財匱少 | E11: 財匱 | F11: 少而山澤不辟矣 | G11: ●
A12: 11 | B12: 4 | C12: 7 | D12: 財匱 | E12: 少而山澤不辟矣 | F12: 此四者
A13: 12 | B13: 4 | C13: 11 | D13: 原大則饒 | E13: 原小則鮮 | F13: 上則富國
A14: 13 | B14: 4 | C14: 12 | D14: 原小則鮮 | E14: 上則富國 | F14: 下則富家 | G14: ●
A15: 14 | B15: 4 | C15: 13 | D15: 上則富國 | E15: 下則富家 | F15: 貧富 | G15: ●
A16: 15 | B16: 4 | C16: 14 | D16: 下則富家 | E16: 貧富 | F16: 之道 | G16: ●
A17: 16 | B17: 4 | C17: 15 | D17: 貧富 | E17: 之道 | F17: 莫之奪予
A18: 17 | B18: 4 | C18: 39 | D18: 歸 | E18: 位在陪臣 | F18: 富於列國之君
A19: 18 | B19: 4 | C19: 40 | D19: 位在陪臣 | E19: 富於列國之君 | F19: 是以齊富彊至於威 | G19: ●
A20: 19 | B20: 4 | C20: 41 | D20: 富於列國之君 | E20: 是以齊富彊至於威 | F20: 宣也 | G20: ●
A21: 20 | B21: 4 | C21: 42 | D21: 是以齊富彊至於威 | E21: 宣也
A22: 21 | B22: 5 | C22: 4 | D22: 衣食足而知榮辱 | E22: 禮生於有而廢於無 | F22: 故君子富
A23: 22 | B23: 5 | C23: 5 | D23: 禮生於有而廢於無 | E23: 故君子富 | F23: 好行其德 | G23: ●
A24: 23 | B24: 5 | C24: 6 | D24: 故君子富 | E24: 好行其德 | F24: 小人
A25: 24 | B25: 5 | C25: 7 | D25: 好行其德 | E25: 小人 | F25: 富
A26: 25 | B26: 5 | C26: 8 | D26: 小人 | E26: 富 | F26: 以適其力 | G26: ●
A27: 26 | B27: 5 | C27: 9 | D27: 富 | E27: 以適其力 | F27: 淵深而魚生之
A28: 27 | B28: 5 | C28: 11 | D28: 淵深而魚生之 | E28: 山深而獸往之 | F28: 人富而仁義附焉
A29: 28 | B29: 5 | C29: 12 | D29: 山深而獸往之 | E29: 人富而仁義附焉 | F29: 富者得埶益彰 | G29: ●
A30: 29 | B30: 5 | C30: 13 | D30: 人富而仁義附焉 | E30: 富者得埶益彰 | F30: 失埶則客無所 | G30: ●
A31: 30 | B31: 5 | C31: 14 | D31: 富者得埶益彰 | E31: 失埶則客無所 | F31: 之
A32: 31 | B32: 5 | C32: 18 | D32: 夷狄益甚 | E32: 諺曰 | F32: 千金之子
A33: 32 | B33: 5 | C33: 19 | D33: 諺曰 | E33: 千金之子 | F33: 不死於市 | G33: ●
A34: 33 | B34: 5 | C34: 20 | D34: 千金之子 | E34: 不死於市 | F34: 此非空言也
A35: 34 | B35: 5 | C35: 23 | D35: 故曰 | E35: 天下熙熙 | F35: 皆為利來
A36: 35 | B36: 5 | C36: 24 | D36: 天下熙熙 | E36: 皆為利來 | F36: 天下壤壤 | G36: ●
A37: 36 | B37: 5 | C37: 25 | D37: 皆為利來 | E37: 天下壤壤 | F37: 皆為利往
A38: 37 | B38: 5 | C38: 26 | D38: 天下壤壤 | E38: 皆為利往 | F38: 夫千乘之王 | G38: ●
A39: 38 | B39: 5 | C39: 27 | D39: 皆為利往 | E39: 夫千乘之王 | F39: 萬家之侯
A40: 39 | B40: 5 | C40: 29 | D40: 萬家之侯 | E40: 百室之君 | F40: 尚猶患貧
A41: 40 | B41: 5 | C41: 30 | D41: 百室之君 | E41: 尚猶患貧 | F41: 而況匹夫編 | G41: ●
A42: 41 | B42: 5 | C42: 31 | D42: 尚猶患貧 | E42: 而況匹夫編 | F42: 戶之民乎
A43: 42 | B43: 6 | C43: 7 | D43: 時用則知物 | E43: 二者形則 | F43: 萬貨之情可得而觀已
A44: 43 | B44: 6 | C44: 8 | D44: 二者形則 | E44: 萬貨之情可得而觀已 | F44: 故歲在金 | G44: ●
A45: 44 | B45: 6 | C45: 9 | D45: 萬貨之情可得而觀已 | E45: 故歲在金 | F45: 穰
A46: 45 | B46: 6 | C46: 16 | D46: 火 | E46: 旱 | F46: 旱則資舟
A47: 46 | B47: 6 | C47: 17 | D47: 旱 | E47: 旱則資舟 | F47: 水則資車 | G47: ●
A48: 47 | B48: 6 | C48: 18 | D48: 旱則資舟 | E48: 水則資車 | F48: 物之理 | G48: ●
A49: 48 | B49: 6 | C49: 19 | D49: 水則資車 | E49: 物之理 | F49: 也
A50: 49 | B50: 6 | C50: 26 | D50: 二十病農 | E50: 九十病末 | F50: 末病則財不出
A51: 50 | B51: 6 | C51: 27 | D51: 九十病末 | E51: 末病則財不出 | F51: 農病則草不 | G51: ●
A52: 51 | B52: 6 | C52: 28 | D52: 末病則財不出 | E52: 農病則草不 | F52: 辟矣
A53: 52 | B53: 6 | C53: 31 | D53: 上不過八十 | E53: 下不減三十 | F53: 則農末俱利
A54: 53 | B54: 6 | C54: 32 | D54: 下不減三十 | E54: 則農末俱利 | F54: 平糶齊物 | G54: ●
A55: 54 | B55: 6 | C55: 33 | D55: 則農末俱利 | E55: 平糶齊物 | F55: 關市不乏
A56: 55 | B56: 6 | C56: 37 | D56: 積著之理 | E56: 務完物 | F56: 無息幣
A57: 56 | B57: 6 | C57: 38 | D57: 務完物 | E57: 無息幣 | F57: 以物相貿易 | G57: ●
A58: 57 | B58: 6 | C58: 39 | D58: 無息幣 | E58: 以物相貿易 | F58: 腐敗而食之貨勿留 | G58: ●
A59: 58 | B59: 6 | C59: 40 | D59: 以物相貿易 | E59: 腐敗而食之貨勿留 | F59: 無敢居貴 | G59: ●
A60: 59 | B60: 6 | C60: 41 | D60: 腐敗而食之貨勿留 | E60: 無敢居貴 | F60: 論其有餘不足
A61: 60 | B61: 6 | C61: 48 | D61: 貴出如糞土 | E61: 賤取如珠玉 | F61: 財幣欲其行如流水
A62: 61 | B62: 6 | C62: 49 | D62: 賤取如珠玉 | E62: 財幣欲其行如流水 | F62: 修之十年 | G62: ●
A63: 62 | B63: 6 | C63: 50 | D63: 財幣欲其行如流水 | E63: 修之十年 | F63: 國富
A64: 63 | B64: 6 | C64: 51 | D64: 修之十年 | E64: 國富 | F64: 厚賂戰士 | G64: ●
A65: 64 | B65: 6 | C65: 52 | D65: 國富 | E65: 厚賂戰士 | F65: 士赴矢石
A66: 65 | B66: 7 | C66: 14 | D66: 諸 | E66: 侯四通 | F66: 貨物所交易也
A67: 66 | B67: 7 | C67: 15 | D67: 侯四通 | E67: 貨物所交易也 | F67: 乃治產積居 | G67: ●
A68: 67 | B68: 7 | C68: 16 | D68: 貨物所交易也 | E68: 乃治產積居 | F68: 與時逐而不責於人 | G68: ●
A69: 68 | B69: 7 | C69: 17 | D69: 乃治產積居 | E69: 與時逐而不責於人 | F69: 故善治生者
A70: 69 | B70: 7 | C70: 20 | D70: 能擇人而任時 | E70: 十九年 | F70: 之中三致千金
A71: 70 | B71: 7 | C71: 21 | D71: 十九年 | E71: 之中三致千金 | F71: 再分散與貧交疏昆弟 | G71: ●
A72: 71 | B72: 7 | C72: 22 | D72: 之中三致千金 | E72: 再分散與貧交疏昆弟 | F72: 此所謂富好行其德者也 | G72: ●
A73: 72 | B73: 7 | C73: 23 | D73: 再分散與貧交疏昆弟 | E73: 此所謂富好行其德者也 | F73: 後年衰老而聽子孫 | G73: ●
A74: 73 | B74: 7 | C74: 24 | D74: 此所謂富好行其德者也 | E74: 後年衰老而聽子孫 | F74: 子孫修業而
A75: 74 | B75: 7 | C75: 25 | D75: 後年衰老而聽子孫 | E75: 子孫修業而
A76: 75 | B76: 8 | C76: 1 | E76: 息之 | F76: 遂至巨萬 | G76: ●
A77: 76 | B77: 8 | C77: 2 | D77: 息之 | E77: 遂至巨萬 | F77: 故言富者皆稱陶朱公
A78: 77 | B78: 8 | C78: 3 | D78: 遂至巨萬 | E78: 故言富者皆稱陶朱公 | G78: ●
A79: 78 | B79: 9 | C79: 1 | E79: 子贛既學於仲尼 | F79: 退而仕於衛
A80: 79 | B80: 9 | C80: 2 | D80: 子贛既學於仲尼 | E80: 退而仕於衛 | F80: 廢著鬻財於曹
A81: 80 | B81: 9 | C81: 3 | D81: 退而仕於衛 | E81: 廢著鬻財於曹 | F81: 魯之閒 | G81: ●
A82: 81 | B82: 9 | C82: 4 | D82: 廢著鬻財於曹 | E82: 魯之閒 | F82: 七十子之徒
A83: 82 | B83: 9 | C83: 9 | D83: 糠 | E83: 匿於窮巷 | F83: 子貢結駟連騎
A84: 83 | B84: 9 | C84: 10 | D84: 匿於窮巷 | E84: 子貢結駟連騎 | F84: 束帛之幣以聘享諸侯 | G84: ●
A85: 84 | B85: 9 | C85: 11 | D85: 子貢結駟連騎 | E85: 束帛之幣以聘享諸侯 | F85: 所至
A86: 85 | B86: 9 | C86: 15 | D86: 夫使孔子 | E86: 名布揚於天下者 | F86: 子貢先後之也
A87: 86 | B87: 9 | C87: 16 | D87: 名布揚於天下者 | E87: 子貢先後之也 | F87: 此所謂得埶而益彰者乎 | G87: ●
A88: 87 | B88: 9 | C88: 17 | D88: 子貢先後之也 | E88: 此所謂得埶而益彰者乎
A89: 88 | B89: 10 | C89: 26 | D89: 有水 | E89: 至卯 | F89: 積著率歲倍
A90: 89 | B90: 10 | C90: 27 | D90: 至卯 | E90: 積著率歲倍 | F90: 欲長錢 | G90: ●
A91: 90 | B91: 10 | C91: 28 | D91: 積著率歲倍 | E91: 欲長錢 | F91: 取下穀 | G91: ●
A92: 91 | B92: 10 | C92: 29 | D92: 欲長錢 | E92: 取下穀 | F92: 長石斗
A93: 92 | B93: 10 | C93: 39 | D93: 故曰 | E93: 吾治生 | F93: 產
A94: 93 | B94: 10 | C94: 40 | D94: 吾治生 | E94: 產 | F94: 猶伊尹 | G94: ●
A95: 94 | B95: 10 | C95: 41 | D95: 產 | E95: 猶伊尹 | F95: 呂尚之謀
A96: 95 | B96: 10 | C96: 43 | D96: 呂尚之謀 | E96: 孫吳用兵 | F96: 商鞅行法是也
A97: 96 | B97: 10 | C97: 44 | D97: 孫吳用兵 | E97: 商鞅行法是也 | F97: 是故其智不足與權變 | G97: ●
A98: 97 | B98: 10 | C98: 45 | D98: 商鞅行法是也 | E98: 是故其智不足與權變 | F98: 勇不足以決斷
A99: 98 | B99: 11 | C99: 2 | D99: 猗頓用盬鹽起 | E99: 而邯鄲郭縱以鐵冶成業 | F99: 與王者埒富
A100: 99 | B100: 11 | C100: 3 | D100: 而邯鄲郭縱以鐵冶成業 | E100: 與王者埒富 | G100: ●
...

Sheet 도강록
A1: 연번 | B1: 문단 | C1: 절번호 | D1: 앞 절 | E1: 판정 대상 절 | F1: 뒤 절 | G1: 트리거 | H1: 은유 여부 | I1: 원천 영역 | J1: 목표 영역 | K1: 원천 어휘 | L1: 목표 개념 | M1: 판정 근거 | N1: 확신도 | O1: 비고
A2: 1 | B2: 7 | C2: 10 | D2: 徐往舘所 | E2: 諸裨已著軍服戰笠矣 | F2: 頂起銀花雲月
A3: 2 | B3: 7 | C3: 11 | D3: 諸裨已著軍服戰笠矣 | E3: 頂起銀花雲月 | F3: 懸孔雀羽 | G3: ●
A4: 3 | B4: 7 | C4: 12 | D4: 頂起銀花雲月 | E4: 懸孔雀羽 | F4: 腰繫藍方紗紬纏帶
A5: 4 | B5: 8 | C5: 38 | D5: 者 | E5: 自檢其囊中得廿六文 | F5: 而東錢有禁
A6: 5 | B6: 8 | C6: 39 | D6: 自檢其囊中得廿六文 | E6: 而東錢有禁 | F6: 不可出境 | G6: ●
A7: 6 | B7: 8 | C7: 40 | D7: 而東錢有禁 | E7: 不可出境 | F7: 棄之道則可惜
A8: 7 | B8: 8 | C8: 56 | D8: 滿酌一盞 | E8: 酹第一柱 | F8: 自祈利涉
A9: 8 | B9: 8 | C9: 57 | D9: 酹第一柱 | E9: 自祈利涉 | F9: 又斟一杯 | G9: ●
A10: 9 | B10: 8 | C10: 58 | D10: 自祈利涉 | E10: 又斟一杯 | F10: 酹第二柱
A11: 10 | B11: 9 | C11: 9 | D11: 紅粉樓中別莫愁 | E11: 秋風數騎出邊頭 | F11: 畵船簫鼓無消息
A12: 11 | B12: 9 | C12: 10 | D12: 秋風數騎出邊頭 | E12: 畵船簫鼓無消息 | F12: 斷膓淸南第一州 | G12: ●
A13: 12 | B13: 9 | C13: 11 | D13: 畵船簫鼓無消息 | E13: 斷膓淸南第一州 | F13: 此柳惠風入瀋陽時作也
A14: 13 | B14: 10 | C14: 22 | D14: 舊件新浣 | E14: 鬅騰郭索 | F14: 可謂太崇儉矣
A15: 14 | B15: 10 | C15: 23 | D15: 鬅騰郭索 | E15: 可謂太崇儉矣 | F15: 稍俟副使之出城 | G15: ●
A16: 15 | B16: 10 | C16: 24 | D16: 可謂太崇儉矣 | E16: 稍俟副使之出城 | F16: 乃按轡徐行
A17: 16 | B17: 10 | C17: 37 | D17: 搜其禁物 | E17: 大者如黃金眞珠人參貂皮 | F17: 及包外濫銀
A18: 17 | B18: 10 | C18: 38 | D18: 大者如黃金眞珠人參貂皮 | E18: 及包外濫銀 | F18: 小者新舊名目 | G18: ●
A19: 18 | B19: 10 | C19: 39 | D19: 及包外濫銀 | E19: 小者新舊名目 | F19: 不下數十種
A20: 19 | B20: 10 | C20: 54 | D20: 而其實 | E20: 文具而已 | F20: 灣賈之先期潛越
A21: 20 | B21: 10 | C21: 55 | D21: 文具而已 | E21: 灣賈之先期潛越 | F21: 有誰禁之 | G21: ●
A22: 21 | B22: 10 | C22: 56 | D22: 灣賈之先期潛越 | E22: 有誰禁之 | F22: 禁物之現捉於初旗者
A23: 22 | B23: 10 | C23: 66 | D23: 今行原包猶未及半 | E23: 多空包者 | F23: 其濫銀奚論
A24: 23 | B24: 10 | C24: 67 | D24: 多空包者 | E24: 其濫銀奚論 | G24: ●
A25: 24 | B25: 11 | C25: 1 | E25: 茶啖草草 | F25: 乍進旋退
A26: 25 | B26: 11 | C26: 64 | D26: 惟 | E26: 知道者能之 | F26: 鄭之子產
A27: 26 | B27: 11 | C27: 65 | D27: 知道者能之 | E27: 鄭之子產 | G27: ●
A28: 27 | B28: 12 | C28: 1 | E28: 船已泊岸 | F28: 蘆荻如織
A29: 28 | B29: 12 | C29: 36 | D29: 有一人起立應聲曰 | E29: 爾們的不時節 | F29: 緣何朝貢入大國
A30: 29 | B30: 12 | C30: 37 | D30: 爾們的不時節 | E30: 緣何朝貢入大國 | F30: 暑天裏長途 | G30: ●
A31: 30 | B31: 12 | C31: 38 | D31: 緣何朝貢入大國 | E31: 暑天裏長途 | F31: 辛苦時大
A32: 31 | B32: 12 | C32: 133 | D32: 余騰身載其背 | E32: 其人笑嘻嘻入船 | F32: 出氣長息曰
A33: 32 | B33: 12 | C33: 134 | D33: 其人笑嘻嘻入船 | E33: 出氣長息曰 | F33: 黑旋風媽媽這樣沉挑時 | G33: ●
A34: 33 | B34: 12 | C34: 135 | D34: 出氣長息曰 | E34: 黑旋風媽媽這樣沉挑時 | F34: 巴不得上了沂
A35: 34 | B35: 13 | C35: 46 | D35: 或五人同帳 | E35: 譯卒及刷馬驅人 | F35: 伍伍什什
A36: 35 | B36: 13 | C36: 47 | D36: 譯卒及刷馬驅人 | E36: 伍伍什什 | F36: 靠溪搆木 | G36: ●
A37: 36 | B37: 13 | C37: 48 | D37: 伍伍什什 | E37: 靠溪搆木 | F37: 炊烟相連
A38: 37 | B38: 13 | C38: 52 | D38: 儼 | E38: 成村閭 | F38: 灣商一隊
A39: 38 | B39: 13 | C39: 53 | D39: 成村閭 | E39: 灣商一隊 | F39: 自爲一屯 | G39: ●
A40: 39 | B40: 13 | C40: 54 | D40: 灣商一隊 | E40: 自爲一屯 | F40: 臨溪洗數十鷄
A41: 40 | B41: 21 | C41: 35 | D41: 滿面歡笑曰 | E41: 老爺 | F41: 息怒
A42: 41 | B42: 21 | C42: 36 | D42: 老爺 | E42: 息怒 | F42: 小人們該死的 | G42: ●
A43: 42 | B43: 21 | C43: 37 | D43: 息怒 | E43: 小人們該死的 | F43: 馬頭輩皆大笑
A44: 43 | B44: 23 | C44: 27 | D44: 口含烟竹 | E44: 光頭搖扇 | F44: 或黑貢緞衣
A45: 44 | B45: 23 | C45: 28 | D45: 光頭搖扇 | E45: 或黑貢緞衣 | F45: 或秀花紬衣 | G45: ●
A46: 45 | B46: 23 | C46: 29 | D46: 或黑貢緞衣 | E46: 或秀花紬衣 | F46: 或生布生苧
A47: 46 | B47: 23 | C47: 49 | D47: 家裏都是太平麽 | E47: 充 | F47: 得包銀麽
A48: 47 | B48: 23 | C48: 50 | D48: 充 | E48: 得包銀麽 | F48: 人人酬酢如出一口 | G48: ●
A49: 48 | B49: 23 | C49: 51 | D49: 得包銀麽 | E49: 人人酬酢如出一口 | F49: 又爭問韓相公安相公來麽
A50: 49 | B50: 23 | C50: 58 | D50: 習知燕中事 | E50: 所謂相公者 | F50: 商賈相尊之稱也
A51: 50 | B51: 23 | C51: 59 | D51: 所謂相公者 | E51: 商賈相尊之稱也 | G51: ●
A52: 51 | B52: 24 | C52: 1 | E52: 使行時 | F52: 例給正官八包
A53: 52 | B53: 24 | C53: 10 | D53: 今不 | E53: 官給 | F53: 令自備銀
A54: 53 | B54: 24 | C54: 11 | D54: 官給 | E54: 令自備銀 | F54: 只限包數 | G54: ●
A55: 54 | B55: 24 | C55: 12 | D55: 令自備銀 | E55: 只限包數 | F55: 堂上包銀三千兩
A56: 55 | B56: 24 | C56: 13 | D56: 只限包數 | E56: 堂上包銀三千兩 | F56: 堂下二千兩 | G56: ●
A57: 56 | B57: 24 | C57: 14 | D57: 堂上包銀三千兩 | E57: 堂下二千兩 | F57: 自帶入燕
A58: 57 | B58: 24 | C58: 15 | D58: 堂下二千兩 | E58: 自帶入燕 | F58: 貿易諸貨爲奇羡
A59: 58 | B59: 24 | C59: 16 | D59: 自帶入燕 | E59: 貿易諸貨爲奇羡 | F59: 貧不能自帶 | G59: ●
A60: 59 | B60: 24 | C60: 17 | D60: 貿易諸貨爲奇羡 | E60: 貧不能自帶 | F60: 則賣其包窠松都 | G60: ●
A61: 60 | B61: 24 | C61: 18 | D61: 貧不能自帶 | E61: 則賣其包窠松都 | F61: 平壤 | G61: ●
A62: 61 | B62: 24 | C62: 19 | D62: 則賣其包窠松都 | E62: 平壤 | F62: 安州等處
A63: 62 | B63: 24 | C63: 20 | D63: 平壤 | E63: 安州等處 | F63: 燕商買其包窠
A64: 63 | B64: 24 | C64: 21 | D64: 安州等處 | E64: 燕商買其包窠 | F64: 充銀以去 | G64: ●
A65: 64 | B65: 24 | C65: 22 | D65: 燕商買其包窠 | E65: 充銀以去 | F65: 然諸處燕商 | G65: ●
A66: 65 | B66: 24 | C66: 23 | D66: 充銀以去 | E66: 然諸處燕商 | F66: 法不得身自入燕 | G66: ●
A67: 66 | B67: 24 | C67: 24 | D67: 然諸處燕商 | E67: 法不得身自入燕 | F67: 將包交付
A68: 67 | B68: 24 | C68: 26 | D68: 將包交付 | E68: 灣人 | F68: 貿易以來
A69: 68 | B69: 24 | C69: 27 | D69: 灣人 | E69: 貿易以來 | F69: 如韓林諸賈 | G69: ●
A70: 69 | B70: 24 | C70: 28 | D70: 貿易以來 | E70: 如韓林諸賈 | F70: 連歲入燕 | G70: ●
A71: 70 | B71: 24 | C71: 29 | D71: 如韓林諸賈 | E71: 連歲入燕 | F71: 視燕如門庭
A72: 71 | B72: 24 | C72: 35 | D72: 都在其手 | E72: 燕 | F72: 貨之日增厥價
A73: 72 | B73: 24 | C73: 36 | D73: 燕 | E73: 貨之日增厥價 | F73: 亶由此輩 | G73: ●
A74: 73 | B74: 24 | C74: 37 | D74: 貨之日增厥價 | E74: 亶由此輩 | F74: 擧國都不理會
A75: 74 | B75: 24 | C75: 39 | D75: 擧國都不理會 | E75: 專責譯官 | F75: 譯官失權於灣賈
A76: 75 | B76: 24 | C76: 40 | D76: 專責譯官 | E76: 譯官失權於灣賈 | F76: 拱手而已 | G76: ●
A77: 76 | B77: 24 | C77: 41 | D77: 譯官失權於灣賈 | E77: 拱手而已 | F77: 諸處燕商
A78: 77 | B78: 24 | C78: 42 | D78: 拱手而已 | E78: 諸處燕商 | F78: 雖知爲灣 | G78: ●
A79: 78 | B79: 24 | C79: 43 | D79: 諸處燕商 | E79: 雖知爲灣 | F79: 賈之所操縱
A80: 79 | B80: 24 | C80: 44 | D80: 雖知爲灣 | E80: 賈之所操縱 | F80: 而事非目覩 | G80: ●
A81: 80 | B81: 24 | C81: 45 | D81: 賈之所操縱 | E81: 而事非目覩 | F81: 則敢怒而不敢言
A82: 81 | B82: 24 | C82: 47 | D82: 則敢怒而不敢言 | E82: 其來已久 | F82: 今者灣賈之蹔爲隱身
A83: 82 | B83: 24 | C83: 48 | D83: 其來已久 | E83: 今者灣賈之蹔爲隱身 | F83: 不卽相見 | G83: ●
A84: 83 | B84: 24 | C84: 49 | D84: 今者灣賈之蹔爲隱身 | E84: 不卽相見 | F84: 亦一鉤引小
A85: 84 | B85: 25 | C85: 19 | D85: 遼東及東岳廟 | E85: 素號姦細人出沒處 | F85: 汝復賣眼
A86: 85 | B86: 25 | C86: 20 | D86: 素號姦細人出沒處 | E86: 汝復賣眼 | F86: 又未知幾物見失 | G86: ●
A87: 86 | B87: 25 | C87: 21 | D87: 汝復賣眼 | E87: 又未知幾物見失 | F87: 張福閔然搔首曰
A88: 87 | B88: 27 | C88: 60 | D88: 美鬚髯衣服鮮麗 | E88: 前抱得龍腰曰 | F88: 請大哥息怒
A89: 88 | B89: 27 | C89: 61 | D89: 前抱得龍腰曰 | E89: 請大哥息怒 | F89: 得龍回 | G89: ●
A90: 89 | B90: 27 | C90: 62 | D90: 請大哥息怒 | E90: 得龍回 | F90: 怒作哂曰
A91: 90 | B91: 27 | C91: 90 | D91: 鳳城將軍二員 | E91: 主客司一員 | F91: 稅官一員
A92: 91 | B92: 27 | C92: 91 | D92: 主客司一員 | E92: 稅官一員 | F92: 御史一員 | G92: ●
A93: 92 | B93: 27 | C93: 92 | D93: 稅官一員 | E93: 御史一員 | F93: 滿洲章京八人
A94: 93 | B94: 27 | C94: 100 | D94: 加出博氏 | E94: 一人 | F94: 稅官博氏一人
A95: 94 | B95: 27 | C95: 101 | D95: 一人 | E95: 稅官博氏一人 | F95: 外郞一人 | G95: ●
A96: 95 | B96: 27 | C96: 102 | D96: 稅官博氏一人 | E96: 外郞一人 | F96: 衙譯二人
A97: 96 | B97: 27 | C97: 106 | D97: 甫古十七人 | E97: 加出甫古七人 | F97: 稅官甫古二人
A98: 97 | B98: 27 | C98: 107 | D98: 加出甫古七人 | E98: 稅官甫古二人 | F98: 分頭甫古九人 | G98: ●
A99: 98 | B99: 27 | C99: 108 | D99: 稅官甫古二人 | E99: 分頭甫古九人 | F99: 甲軍五十名
A100: 99 | B100: 27 | C100: 110 | D100: 甲軍五十名 | E100: 加出甲軍三十六名 | F100: 稅官甲軍十六名
...

Sheet 성경잡지
A1: 연번 | B1: 문단 | C1: 절번호 | D1: 앞 절 | E1: 판정 대상 절 | F1: 뒤 절 | G1: 트리거 | H1: 은유 여부 | I1: 원천 영역 | J1: 목표 영역 | K1: 원천 어휘 | L1: 목표 개념 | M1: 판정 근거 | N1: 확신도 | O1: 비고
A2: 1 | B2: 8 | C2: 59 | D2: 少焉主人之小孫 | E2: 手提吶叭 | F2: 氣息喘喘
A3: 2 | B3: 8 | C3: 60 | D3: 手提吶叭 | E3: 氣息喘喘 | F3: 走入堂裏 | G3: ●
A4: 3 | B4: 8 | C4: 61 | D4: 氣息喘喘 | E4: 走入堂裏 | F4: 抱老公項
A5: 4 | B5: 8 | C5: 62 | D5: 走入堂裏 | E5: 抱老公項 | F5: 要買吶叭
A6: 5 | B6: 8 | C6: 63 | D6: 抱老公項 | E6: 要買吶叭 | F6: 老公慈意滿面曰 | G6: ●
A7: 6 | B7: 8 | C7: 64 | D7: 要買吶叭 | E7: 老公慈意滿面曰 | F7: 這箇不中用
A8: 7 | B8: 8 | C8: 82 | D8: 余亦責軍牢索去好矣 | E8: 何必若是無聊人 | F8: 余問這狗子那地所產
A9: 8 | B9: 8 | C9: 83 | D9: 何必若是無聊人 | E9: 余問這狗子那地所產 | F9: 主人 | G9: ●
A10: 9 | B10: 8 | C10: 84 | D10: 余問這狗子那地所產 | E10: 主人 | F10: 答曰
A11: 10 | B11: 8 | C11: 85 | D11: 主人 | E11: 答曰 | F11: 雲南所產
A12: 11 | B12: 8 | C12: 86 | D12: 答曰 | E12: 雲南所產 | F12: 蜀中亦有這樣的小狗 | G12: ●
A13: 12 | B13: 8 | C13: 87 | D13: 雲南所產 | E13: 蜀中亦有這樣的小狗 | F13: 此名玉兎兒
A14: 13 | B14: 8 | C14: 89 | D14: 此名玉兎兒 | E14: 那箇叫做雪獅子 | F14: 幷是雲南產
A15: 14 | B15: 8 | C15: 90 | D15: 那箇叫做雪獅子 | E15: 幷是雲南產 | F15: 主人叫玉兎兒 | G15: ●
A16: 15 | B16: 8 | C16: 91 | D16: 幷是雲南產 | E16: 主人叫玉兎兒 | F16: 叩頭
A17: 16 | B17: 8 | C17: 100 | D17: 客官旣然愛玩此 | E17: 微物時 | F17: 情願拜送準貢回還時
A18: 17 | B18: 8 | C18: 101 | D18: 微物時 | E18: 情願拜送準貢回還時 | F18: 客官不妨携去 | G18: ●
A19: 18 | B19: 8 | C19: 102 | D19: 情願拜送準貢回還時 | E19: 客官不妨携去 | F19: 余答曰
A20: 19 | B20: 8 | C20: 113 | D20: 遂給張福與昌大共食 | E20: 自入舖子裏 | F20: 買喫一椀麵
A21: 20 | B21: 8 | C21: 114 | D21: 自入舖子裏 | E21: 買喫一椀麵 | F21: 一 | G21: ●
A22: 21 | B22: 8 | C22: 115 | D22: 買喫一椀麵 | E22: 一 | F22: 觶燒酒
A23: 22 | B23: 9 | C23: 15 | D23: 車馬雲屯 | E23: 促鞭行下馬少憩 | F23: 客商數百人
A24: 23 | B24: 9 | C24: 16 | D24: 促鞭行下馬少憩 | E24: 客商數百人 | F24: 卸擔納凉 | G24: ●
A25: 24 | B25: 9 | C25: 17 | D25: 客商數百人 | E25: 卸擔納凉 | F25: 或踞柳根
A26: 25 | B26: 9 | C26: 36 | D26: 車三十餘乘 | E26: 皆滿載石煤 | F26: 賣酒賣茶
A27: 26 | B27: 9 | C27: 37 | D27: 皆滿載石煤 | E27: 賣酒賣茶 | F27: 賣餠果 | G27: ●
A28: 27 | B28: 9 | C28: 38 | D28: 賣酒賣茶 | E28: 賣餠果 | F28: 諸般飮食者 | G28: ●
A29: 28 | B29: 9 | C29: 39 | D29: 賣餠果 | E29: 諸般飮食者 | F29: 皆聚柳陰下
A30: 29 | B30: 10 | C30: 1 | E30: 渾河 | F30: 一名阿利江
A31: 30 | B31: 10 | C31: 2 | D31: 渾河 | E31: 一名阿利江 | F31: 一名小遼水 | G31: ●
A32: 31 | B32: 10 | C32: 3 | D32: 一名阿利江 | E32: 一名小遼水 | F32: 源出長白山
A33: 32 | B33: 11 | C33: 15 | D33: 郭內民物之繁華 | E33: 市肆之侈盛 | F33: 十倍遼陽
A34: 33 | B34: 11 | C34: 16 | D34: 市肆之侈盛 | E34: 十倍遼陽 | F34: 矣 | G34: ●
A35: 34 | B35: 11 | C35: 17 | D35: 十倍遼陽 | E35: 矣 | F35: 入關廟少憩
A36: 35 | B36: 11 | C36: 32 | D36: 身披一領野繭紗道袍 | E36: 項戴藤笠 | F36: 足穿貢緞黑靴
A37: 36 | B37: 11 | C37: 33 | D37: 項戴藤笠 | E37: 足穿貢緞黑靴 | F37: 脫笠自撫其髻曰 | G37: ●
A38: 37 | B38: 11 | C38: 34 | D38: 足穿貢緞黑靴 | E38: 脫笠自撫其髻曰 | F38: 與相公一樣
A39: 38 | B39: 12 | C39: 17 | D39: 彩閣雕牕 | E39: 金扁碧榜 | F39: 貨寶
A40: 39 | B40: 12 | C40: 18 | D40: 金扁碧榜 | E40: 貨寶 | F40: 財賄 | G40: ●
A41: 40 | B41: 12 | C41: 19 | D41: 貨寶 | E41: 財賄 | F41: 充牣其中 | G41: ●
A42: 41 | B42: 12 | C42: 20 | D42: 財賄 | E42: 充牣其中 | F42: 坐市者
A43: 42 | B43: 15 | C43: 9 | D43: 箇箇若是 | E43: 遂相携入一酒樓 | F43: 其宏深奢麗
A44: 43 | B44: 15 | C44: 10 | D44: 遂相携入一酒樓 | E44: 其宏深奢麗 | F44: 更勝於前 | G44: ●
A45: 44 | B45: 15 | C45: 11 | D45: 其宏深奢麗 | E45: 更勝於前 | F45: 買得一盤卵炒
A46: 45 | B46: 15 | C46: 12 | D46: 更勝於前 | E46: 買得一盤卵炒 | F46: 一甁史國公 | G46: ●
A47: 46 | B47: 15 | C47: 13 | D47: 買得一盤卵炒 | E47: 一甁史國公 | F47: 暢飮而罷
A48: 47 | B48: 15 | C48: 14 | D48: 一甁史國公 | E48: 暢飮而罷 | F48: 入一收賣古董舖子
A49: 48 | B49: 15 | C49: 15 | D49: 暢飮而罷 | E49: 入一收賣古董舖子 | F49: 舖名藝粟齋 | G49: ●
A50: 49 | B50: 15 | C50: 16 | D50: 入一收賣古董舖子 | E50: 舖名藝粟齋 | F50: 有秀才五人
A51: 50 | B51: 15 | C51: 25 | D51: 地士人 | E51: 新開錦緞舖 | F51: 舖名歌商樓
A52: 51 | B52: 15 | C52: 26 | D52: 新開錦緞舖 | E52: 舖名歌商樓 | F52: 共有六人 | G52: ●
A53: 52 | B53: 15 | C53: 27 | D53: 舖名歌商樓 | E53: 共有六人 | F53: 衣帽鮮華
A54: 53 | B54: 17 | C54: 1 | E54: 夕飯後步月 | F54: 至歌商樓
A55: 54 | B55: 17 | C55: 2 | D55: 夕飯後步月 | E55: 至歌商樓 | F55: 携諸人 | G55: ●
A56: 55 | B56: 17 | C56: 3 | D56: 至歌商樓 | E56: 携諸人 | F56: 同至藝粟齋
A57: 56 | B57: 18 | C57: 6 | D57: 市廛朝起開舖門 | E57: 例放紙砲 | F57: 急起往歌商樓
A58: 57 | B58: 18 | C58: 7 | D58: 例放紙砲 | E58: 急起往歌商樓 | F58: 諸人 | G58: ●
A59: 58 | B59: 18 | C59: 8 | D59: 急起往歌商樓 | E59: 諸人 | F59: 又集穩話
A60: 59 | B60: 19 | C60: 10 | D60: 因入藥舖 | E60: 余遂跟入 | F60: 兩人俱買檳榔二箇
A61: 60 | B61: 19 | C61: 11 | D61: 余遂跟入 | E61: 兩人俱買檳榔二箇 | F61: 刀劈爲四 | G61: ●
A62: 61 | B62: 19 | C62: 12 | D62: 兩人俱買檳榔二箇 | E62: 刀劈爲四 | F62: 各以半顆
A63: 62 | B63: 20 | C63: 3 | D63: 需給瀋陽各衙八旗俸祿 | E63: 又自瀋陽派及興京船廠寧古塔等地 | F63: 該銀爲一百二十五萬兩云
A64: 63 | B64: 20 | C64: 4 | D64: 又自瀋陽派及興京船廠寧古塔等地 | E64: 該銀爲一百二十五萬兩云 | G64: ●
A65: 64 | B65: 21 | C65: 1 | E65: 夕月色益明 | F65: 欲與卞季涵同訪歌商諸齋
A66: 65 | B66: 21 | C66: 2 | D66: 夕月色益明 | E66: 欲與卞季涵同訪歌商諸齋 | F66: 卞君枉與首譯議可否 | G66: ●
A67: 66 | B67: 21 | C67: 3 | D67: 欲與卞季涵同訪歌商諸齋 | E67: 卞君枉與首譯議可否 | F67: 首譯瞠然駭之曰
A68: 67 | B68: 27 | C68: 14 | D68: 亦 | E68: 能談說經義 | F68: 而家貧好濟人
A69: 68 | B69: 27 | C69: 15 | D69: 能談說經義 | E69: 而家貧好濟人 | F69: 爲其多子 | G69: ●
A70: 69 | B70: 27 | C70: 16 | D70: 而家貧好濟人 | E70: 爲其多子 | F70: 養福也
A71: 70 | B71: 30 | C71: 22 | D71: 舟下三峽 | E71: 轉販吳中 | F71: 逐利口外
A72: 71 | B72: 30 | C72: 23 | D72: 轉販吳中 | E72: 逐利口外 | F72: 開舖此中 | G72: ●
A73: 72 | B73: 30 | C73: 24 | D73: 逐利口外 | E73: 開舖此中 | F73: 亦已三年
A74: 73 | B74: 31 | C74: 14 | D74: 白飯二鍋 | E74: 菜二盤 | F74: 該價銀十二兩
A75: 74 | B75: 31 | C75: 15 | D75: 菜二盤 | E75: 該價銀十二兩 | F75: 田生進前恭謝 | G75: ●
A76: 75 | B76: 31 | C76: 16 | D76: 該價銀十二兩 | E76: 田生進前恭謝 | F76: 曰
A77: 76 | B77: 31 | C77: 41 | D77: 田生曰 | E77: 先生晡刻 | F77: 要買古董
A78: 77 | B78: 31 | C78: 42 | D78: 先生晡刻 | E78: 要買古董 | F78: 未知何樣眞品 | G78: ●
A79: 78 | B79: 31 | C79: 43 | D79: 要買古董 | E79: 未知何樣眞品 | F79: 余曰
A80: 79 | B80: 31 | C80: 46 | D80: 非但古董 | E80: 更要文房四友稀奇古雅 | F80: 不限價本
A81: 80 | B81: 31 | C81: 47 | D81: 更要文房四友稀奇古雅 | E81: 不限價本 | F81: 田生曰 | G81: ●
A82: 81 | B82: 31 | C82: 48 | D82: 不限價本 | E82: 田生曰 | F82: 先生非久入都
A83: 82 | B83: 31 | C83: 60 | D83: 此中雖稱行都 | E83: 中國一隅 | F83: 賣買只仰蒙古寧古塔船廠等地
A84: 83 | B84: 31 | C84: 61 | D84: 中國一隅 | E84: 賣買只仰蒙古寧古塔船廠等地 | F84: 番俗 | G84: ●
A85: 84 | B85: 31 | C85: 62 | D85: 賣買只仰蒙古寧古塔船廠等地 | E85: 番俗 | F85: 椎魯
A86: 85 | B86: 31 | C86: 69 | D86: 貴邦珍尙 | E86: 亦異內地 | F86: 甞見賣買人
A87: 86 | B87: 31 | C87: 70 | D87: 亦異內地 | E87: 甞見賣買人 | F87: 雖如干 | G87: ●
A88: 87 | B88: 31 | C88: 71 | D88: 甞見賣買人 | E88: 雖如干 | F88: 茶藥
A89: 88 | B89: 31 | C89: 73 | D89: 茶藥 | E89: 不揀頂品 | F89: 只取價廉
A90: 89 | B90: 31 | C90: 74 | D90: 不揀頂品 | E90: 只取價廉 | F90: 何論眞假 | G90: ●
A91: 90 | B91: 31 | C91: 75 | D91: 只取價廉 | E91: 何論眞假 | F91: 非但茶藥如此
A92: 91 | B92: 31 | C92: 84 | D92: 轉輸邊門 | E92: 互相騙詐 | F92: 以爲機利
A93: 92 | B93: 31 | C93: 85 | D93: 互相騙詐 | E93: 以爲機利 | F93: 今先生所須 | G93: ●
A94: 93 | B94: 31 | C94: 86 | D94: 以爲機利 | E94: 今先生所須 | F94: 逈出流俗
A95: 94 | B95: 33 | C95: 10 | D95: 緣何離鄕棲棲 | E95: 吳生曰 | F95: 爲賣買做生涯
A96: 95 | B96: 33 | C96: 11 | D96: 吳生曰 | E96: 爲賣買做生涯 | F96: 余曰 | G96: ●
A97: 96 | B97: 33 | C97: 12 | D97: 爲賣買做生涯 | E97: 余曰 | F97: 未知寶眷隨在此中否
A98: 97 | B98: 34 | C98: 84 | D98: 實不相瞞 | E98: 亦非宣爐 | F98: 宣爐以臘茶水銀浸擦入肉
A99: 98 | B99: 34 | C99: 85 | D99: 亦非宣爐 | E99: 宣爐以臘茶水銀浸擦入肉 | F99: 更以金鑠爲泥 | G99: ●
A100: 99 | B100: 34 | C100: 86 | D100: 宣爐以臘茶水銀浸擦入肉 | E100: 更以金鑠爲泥 | F100: 火久成赤
...

Sheet 일신수필
A1: 연번 | B1: 문단 | C1: 절번호 | D1: 앞 절 | E1: 판정 대상 절 | F1: 뒤 절 | G1: 트리거 | H1: 은유 여부 | I1: 원천 영역 | J1: 목표 영역 | K1: 원천 어휘 | L1: 목표 개념 | M1: 판정 근거 | N1: 확신도 | O1: 비고
A2: 1 | B2: 3 | C2: 20 | D2: 吾今疾書至此 | E2: 而一墨之頃 | F2: 不過瞬息
A3: 2 | B3: 3 | C3: 21 | D3: 而一墨之頃 | E3: 不過瞬息 | F3: 一瞬一息之頃 | G3: ●
A4: 3 | B4: 3 | C4: 22 | D4: 不過瞬息 | E4: 一瞬一息之頃 | F4: 奄成小古小今 | G4: ●
A5: 4 | B5: 3 | C5: 23 | D5: 一瞬一息之頃 | E5: 奄成小古小今 | F5: 則一古一今
A6: 5 | B6: 3 | C6: 25 | D6: 則一古一今 | E6: 亦可謂大瞬 | F6: 大息矣
A7: 6 | B7: 3 | C7: 26 | D7: 亦可謂大瞬 | E7: 大息矣 | F7: 乃欲立名立事於其間 | G7: ●
A8: 7 | B8: 3 | C8: 27 | D8: 大息矣 | E8: 乃欲立名立事於其間 | F8: 豈不哀哉
A9: 8 | B9: 3 | C9: 35 | D9: 霧漫漫 | E9: 上承月光 | F9: 如水銀海
A10: 9 | B10: 3 | C10: 36 | D10: 上承月光 | E10: 如水銀海 | F10: 海底殷殷有聲如鼾鼻 | G10: ●
A11: 10 | B11: 3 | C11: 37 | D11: 如水銀海 | E11: 海底殷殷有聲如鼾鼻 | F11: 寺僧相語曰
A12: 11 | B12: 4 | C12: 60 | D12: 士庶人也薙髮 | E12: 雖功德侔殷周 | F12: 富强邁秦漢
A13: 12 | B13: 4 | C13: 61 | D13: 雖功德侔殷周 | E13: 富强邁秦漢 | F13: 自生民以來 | G13: ●
A14: 13 | B14: 4 | C14: 62 | D14: 富强邁秦漢 | E14: 自生民以來 | F14: 未有薙髮之天子也
A15: 14 | B15: 4 | C15: 136 | D15: 固自 | E15: 在也 | F15: 正德利用厚生之具
A16: 15 | B16: 4 | C16: 137 | D16: 在也 | E16: 正德利用厚生之具 | F16: 固自如也 | G16: ●
A17: 16 | B17: 4 | C17: 138 | D17: 正德利用厚生之具 | E17: 固自如也 | F17: 崔盧王謝之氏族固不廢也
A18: 17 | B18: 4 | C18: 145 | D18: 固不變也 | E18: 彼胡虜者 | F18: 誠知中國之可利
A19: 18 | B19: 4 | C19: 146 | D19: 彼胡虜者 | E19: 誠知中國之可利 | F19: 而足以久享 | G19: ●
A20: 19 | B20: 4 | C20: 147 | D20: 誠知中國之可利 | E20: 而足以久享 | F20: 則至於奪而據
A21: 20 | B21: 4 | C21: 151 | D21: 若固有之 | E21: 爲天下者 | F21: 苟利於民而厚於國
A22: 21 | B22: 4 | C22: 152 | D22: 爲天下者 | E22: 苟利於民而厚於國 | F22: 雖其法之或出於夷狄 | G22: ●
A23: 22 | B23: 4 | C23: 153 | D23: 苟利於民而厚於國 | E23: 雖其法之或出於夷狄 | F23: 固將取而則之
A24: 23 | B24: 4 | C24: 166 | D24: 自耕蠶陶冶 | E24: 以至通 | F24: 工惠商
A25: 24 | B25: 4 | C25: 167 | D25: 以至通 | E25: 工惠商 | F25: 莫不學焉 | G25: ●
A26: 25 | B26: 4 | C26: 168 | D26: 工惠商 | E26: 莫不學焉 | F26: 人十己百
A27: 26 | B27: 4 | C27: 169 | D27: 莫不學焉 | E27: 人十己百 | F27: 先利吾民
A28: 27 | B28: 4 | C28: 170 | D28: 人十己百 | E28: 先利吾民 | F28: 使吾民制梃 | G28: ●
A29: 28 | B29: 4 | C29: 171 | D29: 先利吾民 | E29: 使吾民制梃 | F29: 而足以撻彼之堅甲利兵
A30: 29 | B30: 4 | C30: 172 | D30: 使吾民制梃 | E30: 而足以撻彼之堅甲利兵 | F30: 然後謂中國無可觀可 | G30: ●
A31: 30 | B31: 4 | C31: 173 | D31: 而足以撻彼之堅甲利兵 | E31: 然後謂中國無可觀可 | F31: 也
A32: 31 | B32: 4 | C32: 184 | D32: 爲波濤之紋 | E32: 四合而成連環之形 | F32: 四背而成古魯錢
A33: 32 | B33: 4 | C33: 185 | D33: 四合而成連環之形 | E33: 四背而成古魯錢 | F33: 嵌空玲瓏 | G33: ●
A34: 33 | B34: 4 | C34: 186 | D34: 四背而成古魯錢 | E34: 嵌空玲瓏 | F34: 外內交映
A35: 34 | B35: 4 | C35: 191 | D35: 之文章斯在矣 | E35: 民家門庭 | F35: 貧不能鋪甎
A36: 35 | B36: 4 | C36: 192 | D36: 民家門庭 | E36: 貧不能鋪甎 | F36: 則聚諸色琉璃碎瓦及水邊小礫之磨圓者 | G36: ●
A37: 36 | B37: 4 | C37: 193 | D37: 貧不能鋪甎 | E37: 則聚諸色琉璃碎瓦及水邊小礫之磨圓者 | F37: 錯成花樹鳥獸之形
A38: 37 | B38: 6 | C38: 41 | D38: 舜封十有二山 | E38: 以醫巫閭爲幽州之鎭 | F38: 夏商周秦皆因之
A39: 38 | B39: 6 | C39: 42 | D39: 以醫巫閭爲幽州之鎭 | E39: 夏商周秦皆因之 | F39: 禮視嶽瀆 | G39: ●
A40: 39 | B40: 6 | C40: 43 | D40: 夏商周秦皆因之 | E40: 禮視嶽瀆 | F40: 雖未知廟刱何代
A41: 40 | B41: 6 | C41: 73 | D41: 純石架 | E41: 起棟椽甍檐 | F41: 不資一
A42: 41 | B42: 6 | C42: 74 | D42: 起棟椽甍檐 | E42: 不資一 | F42: 木 | G42: ●
A43: 42 | B43: 6 | C43: 75 | D43: 不資一 | E43: 木 | F43: 高四五丈
A44: 43 | B44: 8 | C44: 12 | D44: 或綾緞或羽緞爲帳 | E44: 或垂緗 | F44: 簾用銀鈕
A45: 44 | B45: 8 | C45: 13 | D45: 或垂緗 | E45: 簾用銀鈕 | F45: 開閉左右 | G45: ●
A46: 45 | B46: 8 | C46: 14 | D46: 簾用銀鈕 | E46: 開閉左右 | F46: 傅玻瓈爲窓
A47: 46 | B47: 10 | C47: 17 | D47: 撑柱 | E47: 使不傾翻也 | F47: 沿路賣餠餌菓蓏者
A48: 47 | B48: 10 | C48: 18 | D48: 使不傾翻也 | E48: 沿路賣餠餌菓蓏者 | F48: 皆用獨輪車 | G48: ●
A49: 48 | B49: 10 | C49: 19 | D49: 沿路賣餠餌菓蓏者 | E49: 皆用獨輪車 | F49: 尤便於田中輸糞
A50: 49 | B50: 11 | C50: 4 | D50: 用旱之舟而能行之屋也 | E50: 有國之大用莫如車 | F50: 故周禮問國君之富
A51: 50 | B51: 11 | C51: 5 | D51: 有國之大用莫如車 | E51: 故周禮問國君之富 | F51: 數車以 | G51: ●
A52: 51 | B52: 11 | C52: 6 | D52: 故周禮問國君之富 | E52: 數車以 | F52: 對
A53: 52 | B53: 11 | C53: 61 | D53: 而亦莫不叱馭而過之 | E53: 是以關陜川蜀江淛閩廣之遠 | F53: 巨商大賈及絜眷赴官
A54: 53 | B54: 11 | C54: 62 | D54: 是以關陜川蜀江淛閩廣之遠 | E54: 巨商大賈及絜眷赴官 | F54: 者 | G54: ●
A55: 54 | B55: 11 | C55: 63 | D55: 巨商大賈及絜眷赴官 | E55: 者 | F55: 車轂相擊
A56: 55 | B56: 11 | C56: 74 | D56: 皆我人之所目擊 | E56: 亦有廢車而不行者乎 | F56: 所以中國之貨財殷富
A57: 56 | B57: 11 | C57: 75 | D57: 亦有廢車而不行者乎 | E57: 所以中國之貨財殷富 | F57: 不滯一方 | G57: ●
A58: 57 | B58: 11 | C58: 76 | D58: 所以中國之貨財殷富 | E58: 不滯一方 | F58: 流行貿
A59: 58 | B59: 11 | C59: 78 | D59: 流行貿 | E59: 遷 | F59: 皆用車之利也
A60: 59 | B60: 11 | C60: 79 | D60: 遷 | E60: 皆用車之利也 | F60: 今以近效論之 | G60: ●
A61: 60 | B61: 11 | C61: 80 | D61: 皆用車之利也 | E61: 今以近效論之 | F61: 我使之行
A62: 61 | B62: 11 | C62: 112 | D62: 關東之千筒蠭蜜 | E62: 爲民生日用 | F62: 而莫不欲相資而相生也
A63: 62 | B63: 11 | C63: 113 | D63: 爲民生日用 | E63: 而莫不欲相資而相生也 | F63: 然而此賤而彼貴 | G63: ●
A64: 63 | B64: 11 | C64: 114 | D64: 而莫不欲相資而相生也 | E64: 然而此賤而彼貴 | F64: 聞名而不見者
A65: 64 | B65: 11 | C65: 119 | D65: 由無力而致之耳 | E65: 方數千里之國 | F65: 民萌產業
A66: 65 | B66: 11 | C66: 120 | D66: 方數千里之國 | E66: 民萌產業 | F66: 若是其貧 | G66: ●
A67: 66 | B67: 11 | C67: 121 | D67: 民萌產業 | E67: 若是其貧 | F67: 一言而蔽之曰車不行域中 | G67: ●
A68: 67 | B68: 11 | C68: 122 | D68: 若是其貧 | E68: 一言而蔽之曰車不行域中 | F68: 請問其故
A69: 68 | B69: 11 | C69: 142 | D69: 竭其心思目力手技 | E69: 而又經幾工倕 | F69: 又經商鞅
A70: 69 | B70: 11 | C70: 143 | D70: 而又經幾工倕 | E70: 又經商鞅 | F70: 李斯一制度 | G70: ●
A71: 70 | B71: 11 | C71: 144 | D71: 又經商鞅 | E71: 李斯一制度 | F71: 信縣官之學術
A72: 71 | B72: 11 | C72: 149 | D72: 其講之熟而行之要 | E72: 豈徒然哉 | F72: 誠以利生民之日用
A73: 72 | B73: 11 | C73: 150 | D73: 豈徒然哉 | E73: 誠以利生民之日用 | F73: 而有國 | G73: ●
A74: 73 | B74: 11 | C74: 151 | D74: 誠以利生民之日用 | E74: 而有國 | F74: 之大器也
A75: 74 | B75: 12 | C75: 15 | D75: 農政全書 | E75: 有心人可取而細攷焉 | F75: 則吾東生民之貧瘁欲死
A76: 75 | B76: 12 | C76: 16 | D76: 有心人可取而細攷焉 | E76: 則吾東生民之貧瘁欲死 | F76: 庶幾有瘳耳 | G76: ●
A77: 76 | B77: 12 | C77: 17 | D77: 則吾東生民之貧瘁欲死 | E77: 庶幾有瘳耳 | F77: 今以吾所目見救火之車
A78: 77 | B78: 15 | C78: 6 | D78: 繅車兩頭 | E78: 亦爲牙輪齟齬互當 | F78: 不息自轉
A79: 78 | B79: 15 | C79: 7 | D79: 亦爲牙輪齟齬互當 | E79: 不息自轉 | F79: 繅車者 | G79: ●
A80: 79 | B80: 15 | C80: 8 | D80: 不息自轉 | E80: 繅車者 | F80: 大籰
A81: 80 | B81: 16 | C81: 8 | D81: 雜畵雲物 | E81: 雉雀亭頂 | F81: 或爛銀
A82: 81 | B82: 16 | C82: 9 | D82: 雉雀亭頂 | E82: 或爛銀 | F82: 或結五色絲爲紐 | G82: ●
A83: 82 | B83: 16 | C83: 10 | D83: 或爛銀 | E83: 或結五色絲爲紐 | F83: 雙轅長幾七八丈
A84: 83 | B84: 20 | C84: 2 | D84: 今行千餘里之間 | E84: 所經市舖若鳳城遼東盛京新民屯小黑山廣寧等處 | F84: 不無大小奢儉之別
A85: 84 | B85: 20 | C85: 3 | D85: 所經市舖若鳳城遼東盛京新民屯小黑山廣寧等處 | E85: 不無大小奢儉之別 | F85: 而盛京爲最 | G85: ●
A86: 85 | B86: 20 | C86: 4 | D86: 不無大小奢儉之別 | E86: 而盛京爲最 | F86: 皆紋窓繡戶
A87: 86 | B87: 20 | C87: 14 | D87: 邊門僻奧 | E87: 更無進步之地 | F87: 而不特椅卓簾帷毡毯器什花草
A88: 87 | B88: 20 | C88: 15 | D88: 更無進步之地 | E88: 而不特椅卓簾帷毡毯器什花草 | F88: 俱是刱覩 | G88: ●
A89: 88 | B89: 20 | C89: 16 | D89: 而不特椅卓簾帷毡毯器什花草 | E89: 俱是刱覩 | F89: 其招牌認榜
A90: 89 | B90: 20 | C90: 20 | D90: 卽其觀 | E90: 美 | F90: 浪費不啻千金
A91: 90 | B91: 20 | C91: 21 | D91: 美 | E91: 浪費不啻千金 | F91: 盖不若是則賣買不旺 | G91: ●
A92: 91 | B92: 20 | C92: 22 | D92: 浪費不啻千金 | E92: 盖不若是則賣買不旺 | F92: 財神不祐 | G92: ●
A93: 92 | B93: 20 | C93: 23 | D93: 盖不若是則賣買不旺 | E93: 財神不祐 | F93: 其所敬財神 | G93: ●
A94: 93 | B94: 20 | C94: 24 | D94: 財神不祐 | E94: 其所敬財神 | F94: 多關公像 | G94: ●
A95: 94 | B95: 20 | C95: 25 | D95: 其所敬財神 | E95: 多關公像 | F95: 供卓香火
A96: 95 | B96: 20 | C96: 31 | D96: 推此則山海關以內 | E96: 可以預想矣
A97: 96 | B97: 21 | C97: 1 | E97: 小賈之行于道路者 | F97: 或高聲叫賣 | G97: ●
A98: 97 | B98: 21 | C98: 2 | D98: 小賈之行于道路者 | E98: 或高聲叫賣 | F98: 而如賣靑布者 | G98: ●
A99: 98 | B99: 21 | C99: 3 | D99: 或高聲叫賣 | E99: 而如賣靑布者 | F99: 搖手中小鼗 | G99: ●
A100: 99 | B100: 21 | C100: 4 | D100: 而如賣靑布者 | E100: 搖手中小鼗 | F100: 爲人開剃者
...

Sheet 관내정사
A1: 연번 | B1: 문단 | C1: 절번호 | D1: 앞 절 | E1: 판정 대상 절 | F1: 뒤 절 | G1: 트리거 | H1: 은유 여부 | I1: 원천 영역 | J1: 목표 영역 | K1: 원천 어휘 | L1: 목표 개념 | M1: 판정 근거 | N1: 확신도 | O1: 비고
A2: 1 | B2: 4 | C2: 114 | D2: 渭謂高麗紙 | E2: 不宜畵 | F2: 惟錢厚者稍佳
A3: 2 | B3: 4 | C3: 115 | D3: 不宜畵 | E3: 惟錢厚者稍佳 | F3: 其不見可 | G3: ●
A4: 3 | B4: 4 | C4: 116 | D4: 惟錢厚者稍佳 | E4: 其不見可 | F4: 如此
A5: 4 | B5: 4 | C5: 208 | D5: 余進至池邊 | E5: 暫倚欄干而立 | F5: 堂中寂然屛息
A6: 5 | B6: 4 | C6: 209 | D6: 暫倚欄干而立 | E6: 堂中寂然屛息 | F6: 隱暎從簾隙偸看 | G6: ●
A7: 6 | B7: 4 | C7: 210 | D7: 堂中寂然屛息 | E7: 隱暎從簾隙偸看 | F7: 余徘徊
A8: 7 | B8: 4 | C8: 314 | D8: 至昌黎諸濱海之縣 | E8: 山氣尤佳 | F8: 禹貢碣石
A9: 8 | B9: 4 | C9: 315 | D9: 山氣尤佳 | E9: 禹貢碣石 | F9: 近在縣西二十里 | G9: ●
A10: 9 | B10: 4 | C10: 316 | D10: 禹貢碣石 | E10: 近在縣西二十里 | F10: 曹操詩
A11: 10 | B11: 4 | C11: 353 | D11: 抱城逶迤 | E11: 地形甚似平壤 | F11: 而昭曠倍之
A12: 11 | B12: 4 | C12: 354 | D12: 地形甚似平壤 | E12: 而昭曠倍之 | F12: 而但無大同淸江耳 | G12: ●
A13: 12 | B13: 4 | C13: 355 | D13: 而昭曠倍之 | E13: 而但無大同淸江耳 | F13: 世傳金學士黃元登浮
A14: 13 | B14: 4 | C14: 389 | D14: 輔之地 | E14: 廬舍市舖 | F14: 繁富倍他
A15: 14 | B15: 4 | C15: 390 | D15: 廬舍市舖 | E15: 繁富倍他 | F15: 進士牌額 | G15: ●
A16: 15 | B16: 4 | C16: 391 | D16: 繁富倍他 | E16: 進士牌額 | F16: 比撫寧尤盛
A17: 16 | B17: 4 | C17: 397 | D17: 偶入一宅 | E17: 方張燈 | F17: 刻高麗進貢圖
A18: 17 | B18: 4 | C18: 398 | D18: 方張燈 | E18: 刻高麗進貢圖 | F18: 沿路店壁 | G18: ●
A19: 18 | B19: 4 | C19: 399 | D19: 刻高麗進貢圖 | E19: 沿路店壁 | F19: 多貼此畵
A20: 19 | B20: 4 | C20: 435 | D20: 墨鱗成堆 | E20: 破敗荒陋 | F20: 不直一錢
A21: 20 | B21: 4 | C21: 436 | D21: 破敗荒陋 | E21: 不直一錢 | F21: 第觀胡生擧措 | G21: ●
A22: 21 | B22: 4 | C22: 437 | D22: 不直一錢 | E22: 第觀胡生擧措 | F22: 眞若絶世奇寶
A23: 22 | B23: 4 | C23: 457 | D23: 曰 | E23: 晡刻貴國金相公 | F23: 來弊舖賣此
A24: 23 | B24: 4 | C24: 458 | D24: 晡刻貴國金相公 | E24: 來弊舖賣此 | F24: 金相公老實人 | G24: ●
A25: 24 | B25: 4 | C25: 459 | D25: 來弊舖賣此 | E25: 金相公老實人 | F25: 與俺情同嫡親兄弟
A26: 25 | B26: 4 | C26: 460 | D26: 金相公老實人 | E26: 與俺情同嫡親兄弟 | F26: 俺以三兩五分紋銀收買
A27: 26 | B27: 4 | C27: 461 | D27: 與俺情同嫡親兄弟 | E27: 俺以三兩五分紋銀收買 | F27: 改裝時直不下七兩 | G27: ●
A28: 27 | B28: 4 | C28: 462 | D28: 俺以三兩五分紋銀收買 | E28: 改裝時直不下七兩 | F28: 但無畵
A29: 28 | B29: 4 | C29: 469 | D29: 主人亦設酒果 | E29: 大約我國書畵 | F29: 什無年號
A30: 29 | B30: 4 | C30: 470 | D30: 大約我國書畵 | E30: 什無年號 | F30: 又不肯書名字 | G30: ●
A31: 30 | B31: 4 | C31: 471 | D31: 什無年號 | E31: 又不肯書名字 | F31: 詩軸所題
A32: 31 | B32: 4 | C32: 492 | D32: 故到處向人 | E32: 輒呼炒卵二字 | F32: 以試其舌頭利澀
A33: 32 | B33: 4 | C33: 493 | D33: 輒呼炒卵二字 | E33: 以試其舌頭利澀 | F33: 因此號鄭爲炒卵公 | G33: ●
A34: 33 | B34: 4 | C34: 494 | D34: 以試其舌頭利澀 | E34: 因此號鄭爲炒卵公 | F34: 我東優戱爲假面
A35: 34 | B35: 4 | C35: 502 | D35: 相與大笑 | E35: 備說其由 | F35: 欲贈其價
A36: 35 | B36: 4 | C36: 503 | D36: 備說其由 | E36: 欲贈其價 | F36: 主人大慚曰 | G36: ●
A37: 36 | B37: 4 | C37: 504 | D37: 欲贈其價 | E37: 主人大慚曰 | F37: 此非酒飯店
A38: 37 | B38: 36 | C38: 27 | D38: 朝氣微凉 | E38: 城外臨水開市 | F38: 百貨塡咽
A39: 38 | B39: 36 | C39: 28 | D39: 城外臨水開市 | E39: 百貨塡咽 | F39: 車馬縱橫 | G39: ●
A40: 39 | B40: 36 | C40: 29 | D40: 百貨塡咽 | E40: 車馬縱橫 | F40: 自入市中
A41: 40 | B41: 36 | C41: 30 | D41: 車馬縱橫 | E41: 自入市中 | F41: 買兩個蘋果
A42: 41 | B42: 36 | C42: 31 | D42: 自入市中 | E42: 買兩個蘋果 | F42: 傍有擔籠者 | G42: ●
A43: 42 | B43: 36 | C43: 32 | D43: 買兩個蘋果 | E43: 傍有擔籠者 | F43: 開籠出水晶盒五
A44: 43 | B44: 36 | C44: 133 | D44: 寒戰搐搦 | E44: 緊閉兩目 | F44: 氣息將絶
A45: 44 | B45: 36 | C45: 134 | D45: 緊閉兩目 | E45: 氣息將絶 | F45: 少焉風雨小歇 | G45: ●
A46: 45 | B46: 36 | C46: 135 | D46: 氣息將絶 | E46: 少焉風雨小歇 | F46: 面面相視
A47: 46 | B47: 40 | C47: 62 | D47: 有愚人者 | E47: 復曰淡菜似龍眼 | F47: 錢塘似飛燕
A48: 47 | B48: 40 | C48: 63 | D48: 復曰淡菜似龍眼 | E48: 錢塘似飛燕 | F48: 何如爾哉 | G48: ●
A49: 48 | B49: 40 | C49: 64 | D49: 錢塘似飛燕 | E49: 何如爾哉
A50: 49 | B50: 43 | C50: 116 | D50: 首視盆中 | E50: 爲不忘春秋之義也 | F50: 遂相與賦詩
A51: 50 | B51: 43 | C51: 117 | D51: 爲不忘春秋之義也 | E51: 遂相與賦詩 | F51: 一童子題之曰 | G51: ●
A52: 51 | B52: 43 | C52: 118 | D52: 遂相與賦詩 | E52: 一童子題之曰 | F52: 武王若敗崩
A53: 52 | B53: 43 | C53: 131 | D53: 早辨 | E53: 故乃爲此恠談也 | F53: 可賦卽景
A54: 53 | B54: 43 | C54: 132 | D54: 故乃爲此恠談也 | E54: 可賦卽景 | F54: 又有一童子題之曰 | G54: ●
A55: 54 | B55: 43 | C55: 133 | D55: 可賦卽景 | E55: 又有一童子題之曰 | F55: 採薇不眞飽
A56: 55 | B56: 43 | C56: 241 | D56: 大約唐畵美人圖中所見也 | E56: 老漢乃舘主 | F56: 兩少年皆山東客商
A57: 56 | B57: 43 | C57: 242 | D57: 老漢乃舘主 | E57: 兩少年皆山東客商 | F57: 余 | G57: ●
A58: 57 | B58: 43 | C58: 243 | D58: 兩少年皆山東客商 | E58: 余 | F58: 目象三請其彈吹
A59: 58 | B59: 43 | C59: 274 | D59: 否也 | E59: 俺 | F59: 是民家做賣買少年
A60: 59 | B60: 43 | C60: 275 | D60: 俺 | E60: 是民家做賣買少年 | F60: 又唱一詞 | G60: ●
A61: 60 | B61: 43 | C61: 276 | D61: 是民家做賣買少年 | E61: 又唱一詞 | F61: 諸妓或皷檀板
A62: 61 | B62: 43 | C62: 291 | D62: 塵埃野馬 | E62: 東流不盡江河瀉 | F62: 向來爭奪名利人
A63: 62 | B63: 43 | C63: 292 | D63: 東流不盡江河瀉 | E63: 向來爭奪名利人 | F63: 百歲幾個長存者 | G63: ●
A64: 63 | B64: 43 | C64: 293 | D64: 向來爭奪名利人 | E64: 百歲幾個長存者 | F64: 柳絲絲繼唱曰
A65: 64 | B65: 43 | C65: 304 | D65: 象三復請續唱 | E65: 絲絲流眼曰 | F65: 買菜乎求益也
A66: 65 | B66: 43 | C66: 305 | D66: 絲絲流眼曰 | E66: 買菜乎求益也 | F66: 其少 | G66: ●
A67: 66 | B67: 43 | C67: 306 | D67: 買菜乎求益也 | E67: 其少 | F67: 年自鼓琵琶
A68: 67 | B68: 43 | C68: 321 | D68: 且盡尊中美酒 | E68: 閒聽月下高歌 | F68: 功名富貴竟如何
A69: 68 | B69: 43 | C69: 322 | D69: 閒聽月下高歌 | E69: 功名富貴竟如何 | F69: 莫問收塲結果 | G69: ●
A70: 69 | B70: 43 | C70: 323 | D70: 功名富貴竟如何 | E70: 莫問收塲結果 | F70: 音聲頗厲
A71: 70 | B71: 43 | C71: 328 | D71: 再鳳亦隨出 | E71: 再鳳言象三 | F71: 給館主銀二兩
A72: 71 | B72: 43 | C72: 329 | D72: 再鳳言象三 | E72: 給館主銀二兩 | F72: 大口魚 | G72: ●
A73: 72 | B73: 43 | C73: 330 | D73: 給館主銀二兩 | E73: 大口魚 | F73: 一尾
A74: 73 | B74: 43 | C74: 332 | D74: 一尾 | E74: 扇一柄云 | F74: 尋息菴金公所觀
A75: 74 | B75: 43 | C75: 333 | D75: 扇一柄云 | E75: 尋息菴金公所觀 | F75: 季文蘭題詩 | G75: ●
A76: 75 | B76: 43 | C76: 334 | D76: 尋息菴金公所觀 | E76: 季文蘭題詩 | F76: 而不可見矣
A77: 76 | B77: 43 | C77: 409 | D77: 休休有長者風 | E77: 但酬酢之際 | F77: 不離賣買
A78: 77 | B78: 43 | C78: 410 | D78: 但酬酢之際 | E78: 不離賣買 | F78: 胡生爲贈松下仙人圖 | G78: ●
A79: 78 | B79: 43 | C79: 411 | D79: 不離賣買 | E79: 胡生爲贈松下仙人圖 | F79: 林生亦贈畵扇一柄
A80: 79 | B80: 44 | C80: 43 | D80: 行至高麗堡 | E80: 廬舍皆茅茨 | F80: 最寒儉
A81: 80 | B81: 44 | C81: 44 | D81: 廬舍皆茅茨 | E81: 最寒儉 | F81: 不問可知爲高麗堡也 | G81: ●
A82: 81 | B82: 44 | C82: 45 | D82: 最寒儉 | E82: 不問可知爲高麗堡也 | F82: 丁丑被擄人
A83: 82 | B83: 44 | C83: 59 | D83: 到古國 | E83: 多有流涕者 | F83: 馹卒輩因以爲利
A84: 83 | B84: 44 | C84: 60 | D84: 多有流涕者 | E84: 馹卒輩因以爲利 | F84: 多白喫酒食 | G84: ●
A85: 84 | B85: 44 | C85: 61 | D85: 馹卒輩因以爲利 | E85: 多白喫酒食 | F85: 或別討器服
A86: 85 | B86: 44 | C86: 69 | D86: 每値使行 | E86: 則閉藏酒食 | F86: 不肯賣買
A87: 86 | B87: 44 | C87: 70 | D87: 則閉藏酒食 | E87: 不肯賣買 | F87: 懇要然後乃賣 | G87: ●
A88: 87 | B88: 44 | C88: 71 | D88: 不肯賣買 | E88: 懇要然後乃賣 | F88: 而必討厚價 | G88: ●
A89: 88 | B89: 44 | C89: 72 | D89: 懇要然後乃賣 | E89: 而必討厚價 | F89: 或先捧其價 | G89: ●
A90: 89 | B90: 44 | C90: 73 | D90: 而必討厚價 | E90: 或先捧其價 | F90: 馹 | G90: ●
A91: 90 | B91: 44 | C91: 74 | D91: 或先捧其價 | E91: 馹 | F91: 卒必百計欺詐
A92: 91 | B92: 44 | C92: 113 | D92: 刷驅曰 | E92: 吾馬方虗氣 | F92: 要賣麥屑
A93: 92 | B93: 44 | C93: 114 | D93: 吾馬方虗氣 | E93: 要賣麥屑 | F93: 爾何故 | G93: ●
A94: 93 | B94: 44 | C94: 115 | D94: 要賣麥屑 | E94: 爾何故 | F94: 打人
A95: 94 | B95: 44 | C95: 176 | D95: 余牢辭若一認義 | E95: 則回還時 | F95: 必以京貨給與
A96: 95 | B96: 44 | C96: 177 | D96: 則回還時 | E96: 必以京貨給與 | F96: 作爲情禮 | G96: ●
A97: 96 | B97: 44 | C97: 178 | D97: 必以京貨給與 | E97: 作爲情禮 | F97: 此馬頭輩例事云
A98: 97 | B98: 44 | C98: 275 | D98: 然則何從得此 | E98: 沈曰 | F98: 曩於薊州市日收買
A99: 98 | B99: 44 | C99: 276 | D99: 沈曰 | E99: 曩於薊州市日收買 | F99: 余曰 | G99: ●
A100: 99 | B100: 44 | C100: 277 | D100: 曩於薊州市日收買 | E100: 余曰 | F100: 可許謄去否
...

Sheet 옥갑야화
A1: 연번 | B1: 문단 | C1: 절번호 | D1: 앞 절 | E1: 판정 대상 절 | F1: 뒤 절 | G1: 트리거 | H1: 은유 여부 | I1: 원천 영역 | J1: 목표 영역 | K1: 원천 어휘 | L1: 목표 개념 | M1: 판정 근거 | N1: 확신도 | O1: 비고
A2: 1 | B2: 2 | C2: 3 | D2: 與諸裨連牀夜語 | E2: 燕京舊時風俗淳厚 | F2: 譯輩雖萬金能相假貸
A3: 2 | B3: 2 | C3: 4 | D3: 燕京舊時風俗淳厚 | E3: 譯輩雖萬金能相假貸 | F3: 今則彼以欺詐爲能事 | G3: ●
A4: 3 | B4: 2 | C4: 5 | D4: 譯輩雖萬金能相假貸 | E4: 今則彼以欺詐爲能事 | F4: 而其
A5: 4 | B5: 2 | C5: 14 | D5: 對曰 | E5: 渡江 | F5: 時潛挾他人銀
A6: 5 | B6: 2 | C6: 15 | D6: 渡江 | E6: 時潛挾他人銀 | F6: 事發 | G6: ●
A7: 6 | B7: 2 | C7: 16 | D7: 時潛挾他人銀 | E7: 事發 | F7: 倂已包沒于官
A8: 7 | B8: 2 | C8: 24 | D8: 奪 | E8: 刀問曰 | F8: 所沒銀幾何
A9: 8 | B9: 2 | C9: 25 | D9: 刀問曰 | E9: 所沒銀幾何 | F9: 曰 | G9: ●
A10: 9 | B10: 2 | C10: 26 | D10: 所沒銀幾何 | E10: 曰 | F10: 三千兩
A11: 10 | B11: 2 | C11: 29 | D11: 主顧慰曰 | E11: 大丈夫獨患無身 | F11: 何患無銀
A12: 11 | B12: 2 | C12: 30 | D12: 大丈夫獨患無身 | E12: 何患無銀 | F12: 今死不還 | G12: ●
A13: 12 | B13: 2 | C13: 31 | D13: 何患無銀 | E13: 今死不還 | F13: 將如妻子何
A14: 13 | B14: 2 | C14: 33 | D14: 將如妻子何 | E14: 吾貸 | F14: 君萬金
A15: 14 | B15: 2 | C15: 34 | D15: 吾貸 | E15: 君萬金 | F15: 五年貨殖 | G15: ●
A16: 15 | B16: 2 | C16: 35 | D16: 君萬金 | E16: 五年貨殖 | F16: 可復得萬金 | G16: ●
A17: 16 | B17: 2 | C17: 36 | D17: 五年貨殖 | E17: 可復得萬金 | F17: 以本銀償我 | G17: ●
A18: 17 | B18: 2 | C18: 37 | D18: 可復得萬金 | E18: 以本銀償我 | F18: 譯旣得萬金 | G18: ●
A19: 18 | B19: 2 | C19: 38 | D19: 以本銀償我 | E19: 譯旣得萬金 | F19: 遂大貿而還 | G19: ●
A20: 19 | B20: 2 | C20: 39 | D20: 譯旣得萬金 | E20: 遂大貿而還 | F20: 當時未有識之者
A21: 20 | B21: 2 | C21: 41 | D21: 當時未有識之者 | E21: 莫不神其才 | F21: 五年中遂致鉅富
A22: 21 | B22: 2 | C22: 42 | D22: 莫不神其才 | E22: 五年中遂致鉅富 | F22: 乃自削籍譯院 | G22: ●
A23: 22 | B23: 2 | C23: 43 | D23: 五年中遂致鉅富 | E23: 乃自削籍譯院 | F23: 不復入燕
A24: 23 | B24: 3 | C24: 2 | D24: 有言李知事樞 | E24: 近世名譯也 | F24: 平居口未嘗言錢
A25: 24 | B25: 3 | C25: 3 | D25: 近世名譯也 | E25: 平居口未嘗言錢 | F25: 出入燕京四十餘年 | G25: ●
A26: 25 | B26: 3 | C26: 4 | D26: 平居口未嘗言錢 | E26: 出入燕京四十餘年 | F26: 手未嘗執銀
A27: 26 | B27: 3 | C27: 5 | D27: 出入燕京四十餘年 | E27: 手未嘗執銀 | F27: 有愷悌君子之風 | G27: ●
A28: 27 | B28: 3 | C28: 6 | D28: 手未嘗執銀 | E28: 有愷悌君子之風
A29: 28 | B29: 4 | C29: 5 | D29: 嘗遊娼館 | E29: 女隨色第 | F29: 價有千金者
A30: 29 | B30: 4 | C30: 6 | D30: 女隨色第 | E30: 價有千金者 | F30: 洪以千金求薦枕 | G30: ●
A31: 30 | B31: 4 | C31: 7 | D31: 價有千金者 | E31: 洪以千金求薦枕 | F31: 女 | G31: ●
A32: 31 | B32: 4 | C32: 8 | D32: 洪以千金求薦枕 | E32: 女 | F32: 方二八
A33: 32 | B33: 4 | C33: 11 | D33: 有殊色 | E33: 對君泣曰 | F33: 奴所以索高價者
A34: 33 | B34: 4 | C34: 12 | D34: 對君泣曰 | E34: 奴所以索高價者 | F34: 誠謂天下皆慳男 | G34: ●
A35: 34 | B35: 4 | C35: 13 | D35: 奴所以索高價者 | E35: 誠謂天下皆慳男 | F35: 無肯捐千金者
A36: 35 | B36: 4 | C36: 14 | D36: 誠謂天下皆慳男 | E36: 無肯捐千金者 | F36: 祈以免斯須之辱 | G36: ●
A37: 36 | B37: 4 | C37: 15 | D37: 無肯捐千金者 | E37: 祈以免斯須之辱 | F37: 一日
A38: 37 | B38: 4 | C38: 19 | D38: 本欲以愚館主 | E38: 一以望天下有義氣人 | F38: 贖奴作箕帚妾
A39: 38 | B39: 4 | C39: 20 | D39: 一以望天下有義氣人 | E39: 贖奴作箕帚妾 | F39: 奴入娼館五日 | G39: ●
A40: 39 | B40: 4 | C40: 21 | D40: 贖奴作箕帚妾 | E40: 奴入娼館五日 | F40: 無敢以千金來者
A41: 40 | B41: 4 | C41: 22 | D41: 奴入娼館五日 | E41: 無敢以千金來者 | F41: 今日幸 | G41: ●
A42: 41 | B42: 4 | C42: 23 | D42: 無敢以千金來者 | E42: 今日幸 | F42: 逢天下義氣人
A43: 42 | B43: 4 | C43: 33 | D43: 奴南京戶部侍郞某女也 | E43: 家被籍追贓 | F43: 自賣身娼館
A44: 43 | B44: 4 | C44: 34 | D44: 家被籍追贓 | E44: 自賣身娼館 | F44: 以贖父死 | G44: ●
A45: 44 | B45: 4 | C45: 35 | D45: 自賣身娼館 | E45: 以贖父死 | F45: 洪大驚曰 | G45: ●
A46: 45 | B46: 4 | C46: 36 | D46: 以贖父死 | E46: 洪大驚曰 | F46: 吾實不識如此
A47: 46 | B47: 4 | C47: 37 | D47: 洪大驚曰 | E47: 吾實不識如此 | F47: 今當贖妹
A48: 47 | B48: 4 | C48: 38 | D48: 吾實不識如此 | E48: 今當贖妹 | F48: 償 | G48: ●
A49: 48 | B49: 4 | C49: 39 | D49: 今當贖妹 | E49: 償 | F49: 價幾何 | G49: ●
A50: 49 | B50: 4 | C50: 40 | D50: 償 | E50: 價幾何 | F50: 女曰 | G50: ●
A51: 50 | B51: 4 | C51: 41 | D51: 價幾何 | E51: 女曰 | F51: 二千金
A52: 51 | B52: 4 | C52: 42 | D52: 女曰 | E52: 二千金 | F52: 洪立輸之 | G52: ●
A53: 52 | B53: 4 | C53: 43 | D53: 二千金 | E53: 洪立輸之 | F53: 與訣別
A54: 53 | B54: 4 | C54: 64 | D54: 丈人久忘乃女 | E54: 耶 | F54: 洪始知夫人乃娼館所贖女也
A55: 54 | B55: 4 | C55: 65 | D55: 耶 | E55: 洪始知夫人乃娼館所贖女也 | F55: 出娼館 | G55: ●
A56: 55 | B56: 4 | C56: 66 | D56: 洪始知夫人乃娼館所贖女也 | E56: 出娼館 | F56: 卽歸石星
A57: 56 | B57: 4 | C57: 72 | D57: 皆刺報恩字 | E57: 及洪歸 | F57: 裝送報恩緞及他錦綺金銀
A58: 57 | B58: 4 | C58: 73 | D58: 及洪歸 | E58: 裝送報恩緞及他錦綺金銀 | F58: 不可勝數 | G58: ●
A59: 58 | B59: 4 | C59: 74 | D59: 裝送報恩緞及他錦綺金銀 | E59: 不可勝數 | F59: 及壬倭寇
A60: 59 | B60: 4 | C60: 79 | D60: 以石本義朝鮮人 | E60: 故也
A61: 60 | B61: 5 | C61: 1 | E61: 有言朝鮮商賈熟主顧鄭世泰之富 | F61: 甲于皇城 | G61: ●
A62: 61 | B62: 5 | C62: 2 | D62: 有言朝鮮商賈熟主顧鄭世泰之富 | E62: 甲于皇城 | F62: 及世泰死
A63: 62 | B63: 5 | C63: 7 | D63: 只有一孫 | E63: 男中絶色 | F63: 幼賣塲
A64: 63 | B64: 5 | C64: 8 | D64: 男中絶色 | E64: 幼賣塲 | F64: 戱 | G64: ●
A65: 64 | B65: 5 | C65: 9 | D65: 幼賣塲 | E65: 戱 | F65: 世泰時夥計林哥
A66: 65 | B66: 5 | C66: 10 | D66: 戱 | E66: 世泰時夥計林哥 | F66: 今鉅富
A67: 66 | B67: 5 | C67: 11 | D67: 世泰時夥計林哥 | E67: 今鉅富 | F67: 見塲戱中一美男子 | G67: ●
A68: 67 | B68: 5 | C68: 12 | D68: 今鉅富 | E68: 見塲戱中一美男子 | F68: 呈戱
A69: 68 | B69: 5 | C69: 16 | D69: 聞其爲鄭家兒郞 | E69: 相持泣 | F69: 遂以千金
A70: 69 | B70: 5 | C70: 17 | D70: 相持泣 | E70: 遂以千金 | F70: 贖之 | G70: ●
A71: 70 | B71: 5 | C71: 18 | D71: 遂以千金 | E71: 贖之 | F71: 與俱歸家 | G71: ●
A72: 71 | B72: 5 | C72: 19 | D72: 贖之 | E72: 與俱歸家 | F72: 戒家人曰
A73: 72 | B73: 5 | C73: 24 | D73: 勿以戱子賤之 | E73: 及長 | F73: 中分其財而業之
A74: 73 | B74: 5 | C74: 25 | D74: 及長 | E74: 中分其財而業之 | F74: 世泰孫身 | G74: ●
A75: 74 | B75: 5 | C75: 26 | D75: 中分其財而業之 | E75: 世泰孫身 | F75: 肥白美麗
A76: 75 | B76: 5 | C76: 30 | D76: 惟飛紙鷂 | E76: 遊戱皇城中
A77: 76 | B77: 6 | C77: 1 | E77: 舊時買賣 | F77: 不開包檢驗 | G77: ●
A78: 77 | B78: 6 | C78: 2 | D78: 舊時買賣 | E78: 不開包檢驗 | F78: 直以燕裝還
A79: 78 | B79: 6 | C79: 10 | D79: 未閱 | E79: 丁丑兩恤 | F79: 反獲倍直
A80: 79 | B80: 6 | C80: 11 | D80: 丁丑兩恤 | E80: 反獲倍直 | F80: 然亦彼中不古之徵也 | G80: ●
A81: 80 | B81: 6 | C81: 12 | D81: 反獲倍直 | E81: 然亦彼中不古之徵也 | F81: 近歲則物貨自裝
A82: 81 | B82: 6 | C82: 13 | D82: 然亦彼中不古之徵也 | E82: 近歲則物貨自裝 | F82: 不任主顧裝送云 | G82: ●
A83: 82 | B83: 6 | C83: 14 | D83: 近歲則物貨自裝 | E83: 不任主顧裝送云
A84: 83 | B84: 7 | C84: 1 | E84: 有言卞承業之病也 | F84: 欲閱視貨殖都數
A85: 84 | B85: 7 | C85: 2 | D85: 有言卞承業之病也 | E85: 欲閱視貨殖都數 | F85: 聚諸夥計帳簿 | G85: ●
A86: 85 | B86: 7 | C86: 3 | D86: 欲閱視貨殖都數 | E86: 聚諸夥計帳簿 | F86: 合籌之
A87: 86 | B87: 7 | C87: 4 | D87: 聚諸夥計帳簿 | E87: 合籌之 | F87: 共銀五十餘萬
A88: 87 | B88: 7 | C88: 5 | D88: 合籌之 | E88: 共銀五十餘萬 | F88: 其子曰 | G88: ●
A89: 88 | B89: 7 | C89: 6 | D89: 共銀五十餘萬 | E89: 其子曰 | F89: 斂散煩
A90: 89 | B90: 7 | C90: 20 | D90: 爲家計者 | E90: 鮮及三世矣 | F90: 國中之爲財者
A91: 90 | B91: 7 | C91: 21 | D91: 鮮及三世矣 | E91: 國中之爲財者 | F91: 視吾家出入 | G91: ●
A92: 91 | B92: 7 | C92: 22 | D92: 國中之爲財者 | E92: 視吾家出入 | F92: 爲高下
A93: 92 | B93: 7 | C93: 26 | D93: 不散 | E93: 且及禍 | F93: 故其子孫蕃而擧貧窶者
A94: 93 | B94: 7 | C94: 27 | D94: 且及禍 | E94: 故其子孫蕃而擧貧窶者 | F94: 承業旣老 | G94: ●
A95: 94 | B95: 7 | C95: 28 | D95: 故其子孫蕃而擧貧窶者 | E95: 承業旣老 | F95: 多散之也
A96: 95 | B96: 8 | C96: 1 | E96: 余亦言有尹映者 | F96: 嘗道卞承業之富
A97: 96 | B97: 8 | C97: 2 | D97: 余亦言有尹映者 | E97: 嘗道卞承業之富 | F97: 其貨財有自來 | G97: ●
A98: 97 | B98: 8 | C98: 3 | D98: 嘗道卞承業之富 | E98: 其貨財有自來 | F98: 富甲一國 | G98: ●
A99: 98 | B99: 8 | C99: 4 | D99: 其貨財有自來 | E99: 富甲一國 | F99: 至承業時少衰 | G99: ●
A100: 99 | B100: 8 | C100: 5 | D100: 富甲一國 | E100: 至承業時少衰 | F100: 方其初起時
...

Sheet 행재잡록
A1: 연번 | B1: 문단 | C1: 절번호 | D1: 앞 절 | E1: 판정 대상 절 | F1: 뒤 절 | G1: 트리거 | H1: 은유 여부 | I1: 원천 영역 | J1: 목표 영역 | K1: 원천 어휘 | L1: 목표 개념 | M1: 판정 근거 | N1: 확신도 | O1: 비고
A2: 1 | B2: 2 | C2: 23 | D2: 故其所都燕京曰京師 | E2: 其巡幸之所曰行在 | F2: 我效土物之儀曰職貢
A3: 2 | B3: 2 | C3: 24 | D3: 其巡幸之所曰行在 | E3: 我效土物之儀曰職貢 | F3: 其語當宁曰天子 | G3: ●
A4: 3 | B4: 2 | C4: 25 | D4: 我效土物之儀曰職貢 | E4: 其語當宁曰天子 | F4: 其朝
A5: 4 | B5: 2 | C5: 36 | D5: 昔倭人覆我疆域 | E5: 我神宗皇帝提天下之師東援之 | F5: 竭帑銀以
A6: 5 | B6: 2 | C6: 37 | D6: 我神宗皇帝提天下之師東援之 | E6: 竭帑銀以 | F6: 供師旅 | G6: ●
A7: 6 | B7: 2 | C7: 38 | D7: 竭帑銀以 | E7: 供師旅 | F7: 復我三都
A8: 7 | B8: 2 | C8: 50 | D8: 所以加惠我國者 | E8: 亦累葉矣 | F8: 金非土產則蠲之
A9: 8 | B9: 2 | C9: 51 | D9: 亦累葉矣 | E9: 金非土產則蠲之 | F9: 綵馬衰小則 | G9: ●
A10: 9 | B10: 2 | C10: 52 | D10: 金非土產則蠲之 | E10: 綵馬衰小則 | F10: 免之
A11: 10 | B11: 2 | C11: 64 | D11: 命班于大臣之列 | E11: 其聽戱得比廷臣而宴賚之 | F11: 又詔永蠲正貢外
A12: 11 | B12: 2 | C12: 65 | D12: 其聽戱得比廷臣而宴賚之 | E12: 又詔永蠲正貢外 | F12: 別使方物 | G12: ●
A13: 12 | B13: 2 | C13: 66 | D13: 又詔永蠲正貢外 | E13: 別使方物 | F13: 此實曠世盛典
A14: 13 | B14: 2 | C14: 84 | D14: 在大國不過爲卹小 | E14: 柔遠之政 | F14: 則雖代蠲一貢
A15: 14 | B15: 2 | C15: 85 | D15: 柔遠之政 | E15: 則雖代蠲一貢 | F15: 歲免一幣 | G15: ●
A16: 15 | B16: 2 | C16: 86 | D16: 則雖代蠲一貢 | E16: 歲免一幣 | F16: 是惠也
A17: 16 | B17: 8 | C17: 6 | D17: 會同理藩院司員等帶領朝鮮使臣正使朴副使鄭書 | E17: 狀官趙等 | F17: 前詣札什倫布
A18: 17 | B18: 8 | C18: 7 | D18: 狀官趙等 | E18: 前詣札什倫布 | F18: 拜見額爾德尼 | G18: ●
A19: 18 | B19: 8 | C19: 8 | D19: 前詣札什倫布 | E19: 拜見額爾德尼 | F19: 行禮後
A20: 19 | B20: 8 | C20: 11 | D20: 令坐吃茶 | E20: 詢問該國遠近 | F20: 幷入貢緣由
A21: 20 | B21: 8 | C21: 12 | D21: 詢問該國遠近 | E21: 幷入貢緣由 | F21: 該使臣答以 | G21: ●
A22: 21 | B22: 8 | C22: 13 | D22: 幷入貢緣由 | E22: 該使臣答以 | F22: 因皇上七旬大慶
A23: 22 | B23: 9 | C23: 2 | D23: 使臣見班禪事 | E23: 余具載之 | F23: 札什倫布記及見禮部奏聞
A24: 23 | B24: 9 | C24: 3 | D24: 余具載之 | E24: 札什倫布記及見禮部奏聞 | F24: 其稱拜見額爾德尼 | G24: ●
A25: 24 | B25: 9 | C25: 4 | D25: 札什倫布記及見禮部奏聞 | E25: 其稱拜見額爾德尼 | F25: 給與使臣等物件
A26: 25 | B26: 9 | C26: 11 | D26: 不得不爾 | E26: 第據吾所目擊者詳錄之 | F26: 以資山中曝背一粲
A27: 26 | B27: 9 | C27: 12 | D27: 第據吾所目擊者詳錄之 | E27: 以資山中曝背一粲 | F27: 覽者 | G27: ●
A28: 27 | B28: 9 | C28: 13 | D28: 以資山中曝背一粲 | E28: 覽者 | F28: 當有以察之
A29: 28 | B29: 13 | C29: 4 | D29: 中國例相贈遺遠遊者 | E29: 必持此朝夕供養 | F29: 藏俗年例進貢
A30: 29 | B30: 13 | C30: 5 | D30: 必持此朝夕供養 | E30: 藏俗年例進貢 | F30: 首以佛一尊爲 | G30: ●
A31: 30 | B31: 13 | C31: 6 | D31: 藏俗年例進貢 | E31: 首以佛一尊爲 | F31: 方物
A32: 31 | B32: 13 | C32: 18 | D32: 諸譯亦視同糞穢 | E32: 若將凂焉 | F32: 售銀九十兩
A33: 32 | B33: 13 | C33: 19 | D33: 若將凂焉 | E33: 售銀九十兩 | F33: 散之一行 | G33: ●
A34: 33 | B34: 13 | C34: 20 | D34: 售銀九十兩 | E34: 散之一行 | F34: 馬頭輩
A35: 34 | B35: 13 | C35: 21 | D35: 散之一行 | E35: 馬頭輩 | F35: 而不以此銀
A36: 35 | B36: 13 | C36: 22 | D36: 馬頭輩 | E36: 而不以此銀 | F36: 沽飮一盃酒 | G36: ●
A37: 36 | B37: 13 | C37: 23 | D37: 而不以此銀 | E37: 沽飮一盃酒 | F37: 潔則潔矣
A38: 37 | B38: 16 | C38: 3 | D38: 稱乾隆四十五年八月十二日內閣奉上諭朝鮮世守藩封 | E38: 素稱恭順 | F38: 歲時職貢
A39: 38 | B39: 16 | C39: 4 | D39: 素稱恭順 | E39: 歲時職貢 | F39: 祗愼可嘉 | G39: ●
A40: 39 | B40: 16 | C40: 5 | D40: 歲時職貢 | E40: 祗愼可嘉 | F40: 間遇特頒敕諭及資送歸國等事
A41: 40 | B41: 16 | C41: 6 | D41: 祗愼可嘉 | E41: 間遇特頒敕諭及資送歸國等事 | F41: 如琉球等國 | G41: ●
A42: 41 | B42: 16 | C42: 7 | D42: 間遇特頒敕諭及資送歸國等事 | E42: 如琉球等國 | F42: 亦俱章陳謝
A43: 42 | B43: 16 | C43: 13 | D43: 向因專使遠來 | E43: 若令賫回徒滋跋涉 | F43: 是以歷次留作正貢
A44: 43 | B44: 16 | C44: 14 | D44: 若令賫回徒滋跋涉 | E44: 是以歷次留作正貢 | F44: 以示優卹 | G44: ●
A45: 44 | B45: 16 | C45: 15 | D45: 是以歷次留作正貢 | E45: 以示優卹 | F45: 而該國恪供
A46: 45 | B46: 16 | C46: 17 | D46: 而該國恪供 | E46: 職守 | F46: 届應正貢時
A47: 46 | B47: 16 | C47: 18 | D47: 職守 | E47: 届應正貢時 | F47: 仍復備物呈獻 | G47: ●
A48: 47 | B48: 16 | C48: 19 | D48: 届應正貢時 | E48: 仍復備物呈獻 | F48: 往來煩複
A49: 48 | B49: 16 | C49: 31 | D49: 隨朝臣一軆行禮宴 | E49: 賚其隨 | F49: 表貢物
A50: 49 | B50: 16 | C50: 32 | D50: 賚其隨 | E50: 表貢物 | F50: 此次卽行收受 | G50: ●
A51: 50 | B51: 16 | C51: 33 | D51: 表貢物 | E51: 此次卽行收受 | F51: 以伸該國慶祝之誠
A52: 51 | B52: 16 | C52: 34 | D52: 此次卽行收受 | E52: 以伸該國慶祝之誠 | F52: 嗣後除歲時慶節正貢
A53: 52 | B53: 16 | C53: 35 | D53: 以伸該國慶祝之誠 | E53: 嗣後除歲時慶節正貢 | F53: 仍聽其照例備進 | G53: ●
A54: 53 | B54: 16 | C54: 36 | D54: 嗣後除歲時慶節正貢 | E54: 仍聽其照例備進 | F54: 其餘陳謝表章
A55: 54 | B55: 16 | C55: 37 | D55: 仍聽其照例備進 | E55: 其餘陳謝表章 | F55: 所有隨表貢物
A56: 55 | B56: 16 | C56: 38 | D56: 其餘陳謝表章 | E56: 所有隨表貢物 | F56: 槪行停止 | G56: ●
A57: 56 | B57: 16 | C57: 39 | D57: 所有隨表貢物 | E57: 槪行停止 | F57: 毋庸備進
A58: 57 | B58: 17 | C58: 16 | D58: 改加賞國王 | E58: 陪臣幷從人等 | F58: 緞匹銀兩
A59: 58 | B59: 17 | C59: 17 | D59: 陪臣幷從人等 | E59: 緞匹銀兩 | F59: 榮光所被 | G59: ●
A60: 59 | B60: 17 | C60: 18 | D60: 緞匹銀兩 | E60: 榮光所被 | F60: 曠絶前後
A61: 60 | B61: 19 | C61: 26 | D61: 潛改句語 | E61: 不顧大軆 | F61: 只要一時悅豫之資
A62: 61 | B62: 19 | C62: 27 | D62: 不顧大軆 | E62: 只要一時悅豫之資 | F62: 自 | G62: ●
A63: 62 | B63: 19 | C63: 28 | D63: 只要一時悅豫之資 | E63: 自 | F63: 陷罔上之科
A64: 63 | B64: 21 | C64: 2 | D64: 仲存氏曰 | E64: 俱是深憂遠慮 | F64: 此編及原集中所論銀貨一段
A65: 64 | B65: 21 | C65: 3 | D65: 俱是深憂遠慮 | E65: 此編及原集中所論銀貨一段 | F65: 有司者宜熟講 | G65: ●
A66: 65 | B66: 21 | C66: 4 | D66: 此編及原集中所論銀貨一段 | E66: 有司者宜熟講

Sheet 심세편
A1: 연번 | B1: 문단 | C1: 절번호 | D1: 앞 절 | E1: 판정 대상 절 | F1: 뒤 절 | G1: 트리거 | H1: 은유 여부 | I1: 원천 영역 | J1: 목표 영역 | K1: 원천 어휘 | L1: 목표 개념 | M1: 판정 근거 | N1: 확신도 | O1: 비고
A2: 1 | B2: 2 | C2: 22 | D2: 道 | E2: 逢御史汪道昆 | F2: 屛息路左
A3: 2 | B3: 2 | C3: 23 | D3: 逢御史汪道昆 | E3: 屛息路左 | F3: 瞻望行塵 | G3: ●
A4: 3 | B4: 2 | C4: 24 | D4: 屛息路左 | E4: 瞻望行塵 | F4: 猶以爲榮
A5: 4 | B5: 2 | C5: 109 | D5: 始知衣冠士族幷在中原 | E5: 禮儀 | F5: 富盛
A6: 5 | B6: 2 | C6: 110 | D6: 禮儀 | E6: 富盛 | F6: 人物殷阜 | G6: ●
A7: 6 | B7: 2 | C7: 111 | D7: 富盛 | E7: 人物殷阜 | F7: 耳目所識
A8: 7 | B8: 2 | C8: 131 | D8: 等百世之王 | E8: 莫之能違也 | F8: 旣無子貢之藝
A9: 8 | B9: 2 | C9: 132 | D9: 莫之能違也 | E9: 旣無子貢之藝 | F9: 季札之智 | G9: ●
A10: 9 | B10: 2 | C10: 133 | D10: 旣無子貢之藝 | E10: 季札之智 | F10: 則雖使笙鏞干
A11: 10 | B11: 2 | C11: 238 | D11: 也 | E11: 彼將曰 | F11: 吾非利天下也
A12: 11 | B12: 2 | C12: 239 | D12: 彼將曰 | E12: 吾非利天下也 | F12: 吾爲明室 | G12: ●
A13: 12 | B13: 2 | C13: 240 | D13: 吾非利天下也 | E13: 吾爲明室 | F13: 復大仇雪大恥
A14: 13 | B14: 2 | C14: 288 | D14: 似若無所用心 | E14: 然其心以爲天下之小民 | F14: 薄其賦斂則安矣
A15: 14 | B15: 2 | C15: 289 | D15: 然其心以爲天下之小民 | E15: 薄其賦斂則安矣 | F15: 安知不 | G15: ●
A16: 15 | B16: 2 | C16: 290 | D16: 薄其賦斂則安矣 | E16: 安知不 | F16: 反便乎我之帽服而不欲變我之制度乎
A17: 16 | B17: 2 | C17: 296 | D17: 心 | E17: 其豪傑敢怒而不敢言其鄙佞 | F17: 因時義而爲身利
A18: 17 | B18: 2 | C18: 297 | D18: 其豪傑敢怒而不敢言其鄙佞 | E18: 因時義而爲身利 | F18: 一以陰弱中土之士 | G18: ●
A19: 18 | B19: 2 | C19: 298 | D19: 因時義而爲身利 | E19: 一以陰弱中土之士 | F19: 一以顯受文敎之名
A20: 19 | B20: 2 | C20: 328 | D20: 皇帝私尊何累朱子 | E20: 而中州之士如此其恥之者 | F20: 葢有所激於陽尊而爲禦世之資耳
A21: 20 | B21: 2 | C21: 329 | D21: 而中州之士如此其恥之者 | E21: 葢有所激於陽尊而爲禦世之資耳 | F21: 故時借一二集註之誤 | G21: ●
A22: 21 | B22: 2 | C22: 330 | D22: 葢有所激於陽尊而爲禦世之資耳 | E22: 故時借一二集註之誤 | F22: 以洩百年煩寃之氣

Sheet 코드 정의
A1: 구분 | B1: 코드 | C1: 정의
A2: 원천 영역 | B2: SD-1 자연·물질 | C2: 물·지형·광물·기상 등 자연물과 그 운동
A3: 원천 영역 | B3: SD-2 신체·감각 | C3: 신체 부위와 그 작용, 감각 경험
A4: 원천 영역 | B4: SD-3 공간·방위 | C4: 상하·내외·원근 등 공간 배치와 방위
A5: 원천 영역 | B5: SD-4 사냥·전쟁 | C5: 목표물을 두고 경쟁적으로 추격·획득하는 행위
A6: 원천 영역 | B6: SD-5 운동·시간 | C6: 이동·방향·시간의 경과와 축적
A7: 원천 영역 | B7: SD-6 문화·제도 | C7: 역사 인물·전거, 신분 제도, 문자·복식 등 인공적 산물
A8: 원천 영역 | B8: (수사 기제) | C8: 원천 영역이 아니라 과장·역설·대조 등 표현을 조직하는 방식
A9: 목표 영역 | B9: TD-1 축적·유통 | C9: 재화의 축적, 유통, 경제 원리 자체
A10: 목표 영역 | B10: TD-2 권력·지배 | C10: 정치 권력, 지배와 복속, 국가 간 관계
A11: 목표 영역 | B11: TD-3 인식·진위 | C11: 앎, 판단, 진위 분별, 인식의 한계
A12: 목표 영역 | B12: TD-4 도덕·책무 | C12: 윤리 규범, 의무, 사회적 책임
... A15: 목표 영역 | B15: TD-6 기타 | C15: 위 여섯에 들지 않는 목표. 반드시 비고란에 무엇인지 적을 것
