Workbook

Sheet 시작하기 전에
A1: 항목 | B1: 내용
A2: 판정자 | B2: 판정자 2 — 이 파일은 판정자 본인 전용 사본입니다. 다른 판정자의 파일을 열지 마십시오.
A3: 이 작업의 성격 | B3: 두 판정자가 같은 자료를 서로 보지 않고 각자 판정한 뒤, 두 결과의 일치도를 Cohen's Kappa로 산출합니다. 판정이 개인의 자의가 아니라 공유 가능한 기준에 따른 것임을 보이기 위한 절차입니다. 연구자 본인은 판정에 참여하지 않고 불일치 항목의 조정만 맡습니다.
A4: 작업 범위 | B4: 「화식열전」 394절과 「도강록」 324절, 합계 718절이 필수입니다. 이 두 편은 기존 판정 자료가 남아 있지 않아 이번 검증의 핵심입니다. 나머지 6편은 여력이 되면 진행하시고 못 하셔도 무방합니다. 「진행 현황」 시트에 우선순위를 표시해 두었습니다.
A5: 보조 자료 | B5: 원문 옆에 주요 글자의 기본 의미(초록)와 직역·의역(보라·주황)을 붙여 두었습니다. 이 번역은 인공지능이 작성한 초벌이며 연구자의 검수를 거치지 않았습니다. 참고로만 쓰시고, 번역과 원문에 대한 판단이 엇갈리면 반드시 원문을 따르고 비고란에 그 사실을 적어 주십시오. 오역을 발견하시면 비고란에 알려 주시면 고맙겠습니다.
A6: 가장 중요한 규칙 | B6: 파란 칸 「★ 판정 대상 절 ★」만 판정합니다. 좌우 회색 칸은 뜻을 이해하기 위한 문맥일 뿐이며, 거기에 은유가 보여도 이 행에 적으면 안 됩니다. 그 절은 별도의 행으로 따로 나옵니다.
A7: 입력 순서 | B7: ① 은유 여부(Y/N) → ② Y이면 원천 영역·목표 영역 → ③ 원천 어휘·목표 개념 → ④ 판정 근거 한 줄 → ⑤ 확신도
A8: N도 반드시 입력 | B8: 은유가 아닌 절도 N으로 표시해야 합니다. 빈칸으로 두면 미판정과 구별되지 않아 일치도를 계산할 수 없습니다. 이 점이 이번 재코딩의 핵심입니다.
A9: 절당 1건 | B9: 한 절에 은유가 둘 이상이면 대표 하나만 판정하고 나머지는 비고란에 적으십시오. 두 판정자의 단위가 어긋나면 대조가 불가능해집니다.
A10: 판정 방법 | B10: ① 그 어휘의 기본 의미(더 구체적이고 신체적 경험에 가까우며 역사적으로 앞선 의미)를 떠올립니다. ② 여기서 쓰인 뜻이 그것과 다른지 봅니다. ③ 다르고, 앞의 것을 뒤의 것과의 비교로 이해할 수 있으면 Y입니다. ④ Y이면 원천이 어느 영역에서 왔는지, 무엇을 말하려 하는지를 각각 고릅니다.
A11: 원천을 보십시오 | B11: 가장 흔한 실수는 목표를 보고 원천 영역을 고르는 것입니다. 厚生은 목표가 삶의 윤택함이지만 원천은 두께이므로 SD-3 공간·방위입니다. 貧瘁는 목표가 민생이지만 원천은 병듦이므로 SD-2 신체·감각입니다.
A12: 과장·역설 | B12: 두 영역 사이의 사상이 아니므로 원천 영역이 아닙니다. 그것만으로 된 표현은 원천 영역에 「(수사 기제)」를 고르십시오. 怖殺·魂飛九霄雲外 등이 그렇습니다.
... A18: 판정 근거를 꼭 | B18: 귀찮아 보이지만 이것이 가장 효율적입니다. 같은 어휘를 다시 만났을 때 찾아 쓸 수 있고, 조정 단계에서 왜 그렇게 보았는지 설명할 수 있습니다.

Sheet 진행 현황
A1: 텍스트 | B1: 판정 대상 절 | C1: 판정 완료 | D1: 미판정 | E1: 은유(Y) | F1: 비은유(N) | G1: 우선순위 | H1: 번역 제공
A2: 화식열전 | B2: 394 | C2: =COUNTIF(화식열전!$K$2:$K$395,"Y")+COUNTIF(화식열전!$K$2:$K$395,"N") -> 394 | D2: =B2-C2 -> 0 | E2: =COUNTIF(화식열전!$K$2:$K$395,"Y") -> 73 | F2: =COUNTIF(화식열전!$K$2:$K$395,"N") -> 321 | G2: 필수 | H2: 있음
A3: 도강록 | B3: 324 | C3: =COUNTIF(도강록!$K$2:$K$325,"Y")+COUNTIF(도강록!$K$2:$K$325,"N") -> 324 | D3: =B3-C3 -> 0 | E3: =COUNTIF(도강록!$K$2:$K$325,"Y") -> 30 | F3: =COUNTIF(도강록!$K$2:$K$325,"N") -> 294 | G3: 필수 | H3: 있음
A4: 성경잡지 | B4: 295 | C4: =COUNTIF(성경잡지!$I$2:$I$296,"Y")+COUNTIF(성경잡지!$I$2:$I$296,"N") -> 295 | D4: =B4-C4 -> 0 | E4: =COUNTIF(성경잡지!$I$2:$I$296,"Y") -> 24 | F4: =COUNTIF(성경잡지!$I$2:$I$296,"N") -> 271 | G4: 여력 시 | H4: 없음
A5: 일신수필 | B5: 273 | C5: =COUNTIF(일신수필!$I$2:$I$274,"Y")+COUNTIF(일신수필!$I$2:$I$274,"N") -> 273 | D5: =B5-C5 -> 0 | E5: =COUNTIF(일신수필!$I$2:$I$274,"Y") -> 29 | F5: =COUNTIF(일신수필!$I$2:$I$274,"N") -> 244 | G5: 여력 시 | H5: 없음
A6: 관내정사 | B6: 254 | C6: =COUNTIF(관내정사!$I$2:$I$255,"Y")+COUNTIF(관내정사!$I$2:$I$255,"N") -> 254 | D6: =B6-C6 -> 0 | E6: =COUNTIF(관내정사!$I$2:$I$255,"Y") -> 27 | F6: =COUNTIF(관내정사!$I$2:$I$255,"N") -> 227 | G6: 여력 시 | H6: 없음
A7: 옥갑야화 | B7: 254 | C7: =COUNTIF(옥갑야화!$K$2:$K$255,"Y")+COUNTIF(옥갑야화!$K$2:$K$255,"N") -> 254 | D7: =B7-C7 -> 0 | E7: =COUNTIF(옥갑야화!$K$2:$K$255,"Y") -> 40 | F7: =COUNTIF(옥갑야화!$K$2:$K$255,"N") -> 214 | G7: 여력 시 | H7: 있음
A8: 행재잡록 | B8: 65 | C8: =COUNTIF(행재잡록!$K$2:$K$66,"Y")+COUNTIF(행재잡록!$K$2:$K$66,"N") -> 65 | D8: =B8-C8 -> 0 | E8: =COUNTIF(행재잡록!$K$2:$K$66,"Y") -> 10 | F8: =COUNTIF(행재잡록!$K$2:$K$66,"N") -> 55 | G8: 여력 시 | H8: 있음
A9: 심세편 | B9: 21 | C9: =COUNTIF(심세편!$K$2:$K$22,"Y")+COUNTIF(심세편!$K$2:$K$22,"N") -> 21 | D9: =B9-C9 -> 0 | E9: =COUNTIF(심세편!$K$2:$K$22,"Y") -> 8 | F9: =COUNTIF(심세편!$K$2:$K$22,"N") -> 13 | G9: 여력 시 | H9: 있음
A10: 합계 | B10: =SUM(B2:B9) -> 1880 | C10: =SUM(C2:C9) -> 1880 | D10: =SUM(D2:D9) -> 0 | E10: =SUM(E2:E9) -> 241 | F10: =SUM(F2:F9) -> 1639
A12: ※ 번역이 없는 3편(성경잡지·일신수필·관내정사)은 원문과 어휘 주석만으로 판정하시면 됩니다. 필수 범위인 화식열전·도강록에는 번역이 모두 있습니다.

Sheet 화식열전
A1: 연번 | B1: 문단 | C1: 절번호 | D1: 앞 문맥(참고) | E1: ★ 판정 대상 절 ★ | F1: 뒤 문맥(참고) | G1: 트리거 | H1: 주요 글자의 기본 의미 | I1: 직역 | J1: 의역 | K1: 은유 여부 | L1: 원천 영역 | M1: 목표 영역 | N1: 원천 어휘 | O1: 목표 개념 | P1: 판정 근거 | Q1: 확신도 | R1: 비고
A2: 1 | B2: 2 | C2: 13 | D2: 終不能化 | E2: 故善者因之 | F2: 其次利道之 | H2: 故=까닭 · 善=착하다 · 者=~하는 것·사람 · 因=말미암다 · 之=가다 (조사로도 쓰임) | I2: 그러므로 잘하는 자는 그것을 따른다 | J2: 가장 나은 정치는 백성이 하는 대로 두는 것이다 | K2: N | Q2: 보통
A3: 2 | B3: 2 | C3: 14 | D3: 故善者因之 | E3: 其次利道之 | F3: 其次教誨之 | G3: 利 | H3: 其=그 · 利=날이 날카롭다 → 이롭다 · 道=길 · 之=가다 (조사로도 쓰임) | I3: 그다음은 이롭게 하여 이끈다 | J3: 그다음은 이익으로 유도하는 것이다 | K3: Y | L3: SD-3 공간·방위 | M3: TD-1 축적·유통 | N3: 道 | O3: 인도 | P3: 길이 백성을 이끄는 방도로 옮겨감 | Q3: 보통
A4: 3 | B4: 2 | C4: 15 | D4: 其次利道之 | E4: 其次教誨之 | F4: 其次整齊之 | H4: 其=그 · 之=가다 (조사로도 쓰임) | I4: 그다음은 가르쳐 깨우친다 | J4: 그다음은 가르쳐 인도하는 것이다 | K4: N | Q4: 보통
A5: 4 | B5: 3 | C5: 38 | D5: 虞而出之 | E5: 工而成之 | F5: 商而通之 | H5: 工=장인 · 而=말 잇는 조사 · 成=이루다 · 之=가다 (조사로도 쓰임) | I5: 장인이 그것을 만들어 낸다 | J5: 장인이 물건으로 완성한다 | K5: N | Q5: 보통
A6: 5 | B6: 3 | C6: 39 | D6: 工而成之 | E6: 商而通之 | F6: 此寧有政教發徵期會哉 | G6: 商 | H6: 商=장사하다 · 而=말 잇는 조사 · 通=통하다 · 之=가다 (조사로도 쓰임) | I6: 상인이 그것을 통하게 한다 | J6: 상인이 그것을 유통시킨다 | K6: Y | L6: SD-3 공간·방위 | M6: TD-1 축적·유통 | N6: 通 | O6: 유통 | P6: 길이 통함이 재화의 소통으로 옮겨감 | Q6: 높음
A7: 6 | B7: 3 | C7: 40 | D7: 商而通之 | E7: 此寧有政教發徵期會哉 | F7: 人各任其能 | H7: 此=이것 · 有=있다 | I7: 이것이 어찌 정령과 교화로 불러 모은 것이겠는가 | J7: 이것이 관청이 명령해서 된 일이겠는가 | K7: N | Q7: 보통
A8: 7 | B8: 4 | C8: 3 | D8: 農不出則乏其食 | E8: 工不出則乏其事 | F8: 商不出則三寶絕 | H8: 工=장인 · 不=아니다 · 出=나가다 · 則=곧 · 其=그 · 事=일 | I8: 장인이 나오지 않으면 그 일이 모자란다 | J8: 장인이 없으면 기물이 부족해진다 | K8: N | Q8: 보통
A9: 8 | B9: 4 | C9: 4 | D9: 工不出則乏其事 | E9: 商不出則三寶絕 | F9: 虞不出則財匱少 | G9: 商 | H9: 商=장사하다 · 不=아니다 · 出=나가다 · 則=곧 · 三=셋 · 絕=실을 끊다 | I9: 상인이 나오지 않으면 세 가지 보배가 끊어진다 | J9: 상인이 없으면 식량·기물·재화가 끊긴다 | K9: Y | L9: SD-6 문화·제도 | M9: TD-1 축적·유통 | N9: 絕 | O9: 단절 | P9: 줄이 끊김이 물자 공급의 두절로 옮겨감 | Q9: 보통
A10: 9 | B10: 4 | C10: 5 | D10: 商不出則三寶絕 | E10: 虞不出則財匱少 | F10: 財匱 | G10: 財 | H10: 不=아니다 · 出=나가다 · 則=곧 · 財=재물 · 少=적다 | I10: 산택 맡은 이가 나오지 않으면 재물이 모자라 적어진다 | J10: 산림과 늪을 맡은 이가 없으면 물자가 줄어든다 | K10: N | Q10: 보통
A11: 10 | B11: 4 | C11: 6 | D11: 虞不出則財匱少 | E11: 財匱 | F11: 少而山澤不辟矣 | G11: 財 | H11: 財=재물 | I11: 재물이 모자란다 | J11: 물자가 바닥난다 | K11: N | Q11: 보통
A12: 11 | B12: 4 | C12: 7 | D12: 財匱 | E12: 少而山澤不辟矣 | F12: 此四者 | H12: 少=적다 · 而=말 잇는 조사 · 山=산 · 不=아니다 · 矣=마치는 조사 | I12: 적어지면 산과 못이 열리지 않는다 | J12: 물자가 줄면 산림과 늪이 개발되지 않는다 | K12: Y | L12: SD-3 공간·방위 | M12: TD-1 축적·유통 | N12: 辟 | O12: 개발 | P12: 문을 엶이 산택의 개발로 옮겨감 | Q12: 낮음
A13: 12 | B13: 4 | C13: 11 | D13: 原大則饒 | E13: 原小則鮮 | F13: 上則富國 | H13: 原=물의 발원지 · 小=작다 · 則=곧 | I13: 근원이 작으면 드물다 | J13: 밑천이 적으면 소출도 적다 | K13: Y | L13: SD-1 자연·물질 | M13: TD-1 축적·유통 | N13: 原 | O13: 근원 | P13: 물의 발원지가 재화의 원천으로 옮겨감 | Q13: 높음
A14: 13 | B14: 4 | C14: 12 | D14: 原小則鮮 | E14: 上則富國 | F14: 下則富家 | G14: 富 | H14: 上=위쪽 · 則=곧 · 富=재물이 넉넉하다 · 國=나라 | I14: 위로는 나라를 부유하게 한다 | J14: 크게는 나라를 부강하게 한다 | K14: Y | L14: SD-3 공간·방위 | M14: TD-5 문명·제도 | N14: 上 | O14: 국가 | P14: 공간의 위가 국가 층위로 옮겨감 | Q14: 보통
A15: 14 | B15: 4 | C15: 13 | D15: 上則富國 | E15: 下則富家 | F15: 貧富 | G15: 富 | H15: 下=아래쪽 · 則=곧 · 富=재물이 넉넉하다 · 家=집 | I15: 아래로는 집을 부유하게 한다 | J15: 작게는 집안을 넉넉하게 한다 | K15: Y | L15: SD-3 공간·방위 | M15: TD-5 문명·제도 | N15: 下 | O15: 민가 | P15: 공간의 아래가 민간 층위로 옮겨감 | Q15: 보통
A16: 15 | B16: 4 | C16: 14 | D16: 下則富家 | E16: 貧富 | F16: 之道 | G16: 富 貧 | H16: 貧=재물이 모자라다 · 富=재물이 넉넉하다 | I16: 가난함과 부유함 | J16: 빈부라는 것은 | K16: N | Q16: 보통
A17: 16 | B17: 4 | C17: 15 | D17: 貧富 | E17: 之道 | F17: 莫之奪予 | H17: 之=가다 (조사로도 쓰임) · 道=길 | I17: ~의 이치 | J17: 그 이치는 | K17: Y | L17: SD-3 공간·방위 | M17: TD-1 축적·유통 | N17: 道 | O17: 이치 | P17: 길이 빈부의 원리로 옮겨감 | Q17: 높음
A18: 17 | B18: 4 | C18: 39 | D18: 歸 | E18: 位在陪臣 | F18: 富於列國之君 | H18: 在=있다 · 臣=신하 | I18: 지위는 배신에 있었다 | J18: 신분은 제후의 신하에 지나지 않았으나 | K18: N | Q18: 보통
A19: 18 | B19: 4 | C19: 40 | D19: 位在陪臣 | E19: 富於列國之君 | F19: 是以齊富彊至於威 | G19: 富 | H19: 富=재물이 넉넉하다 · 於=~에 · 國=나라 · 之=가다 (조사로도 쓰임) · 君=임금·그대 | I19: 여러 나라의 임금보다 부유했다 | J19: 제후들보다 더 부유했다 | K19: N | Q19: 보통
A20: 19 | B20: 4 | C20: 41 | D20: 富於列國之君 | E20: 是以齊富彊至於威 | F20: 宣也 | G20: 富 | H20: 是=옳다·이것 · 以=~로써 · 富=재물이 넉넉하다 · 至=이르다 · 於=~에 | I20: 이로써 제나라는 부강하여 위왕에 이르렀다 | J20: 그래서 제나라는 부강해져 위왕 때까지 이어졌다 | K20: N | Q20: 보통
A21: 20 | B21: 4 | C21: 42 | D21: 是以齊富彊至於威 | E21: 宣也 | H21: 也=단정하는 조사 | I21: 선왕이다 | J21: 선왕 대에 이르렀다 | K21: N | Q21: 보통
A22: 21 | B22: 5 | C22: 4 | D22: 衣食足而知榮辱 | E22: 禮生於有而廢於無 | F22: 故君子富 | H22: 禮=예 · 生=낳다·살다 · 於=~에 · 有=있다 · 而=말 잇는 조사 · 廢=그만두다 · 無=없다 | I22: 예는 있음에서 생기고 없음에서 폐한다 | J22: 예의는 살림이 있어야 생기고 없으면 사라진다 | K22: Y | L22: SD-1 자연·물질 | M22: TD-4 도덕·책무 | N22: 生·廢 | O22: 예의 발생 | P22: 초목이 나고 시듦이 예의 성쇠로 옮겨감 | Q22: 보통 | R22: 生·廢가 한 절 안에 함께 나타남
A23: 22 | B23: 5 | C23: 5 | D23: 禮生於有而廢於無 | E23: 故君子富 | F23: 好行其德 | G23: 富 | H23: 故=까닭 · 君=임금·그대 · 子=아들 · 富=재물이 넉넉하다 | I23: 그러므로 군자가 부유하면 | J23: 그러므로 군자는 부유해지면 | K23: N | Q23: 보통
A24: 23 | B24: 5 | C24: 6 | D24: 故君子富 | E24: 好行其德 | F24: 小人 | H24: 好=좋다 · 行=걸어가다 · 其=그 · 德=덕 | I24: 그 덕을 행하기를 좋아한다 | J24: 기꺼이 덕을 베푼다 | K24: Y | L24: SD-5 운동·시간 | M24: TD-4 도덕·책무 | N24: 行 | O24: 덕의 실행 | P24: 걸음이 덕의 실천으로 옮겨감 | Q24: 보통
A25: 24 | B25: 5 | C25: 7 | D25: 好行其德 | E25: 小人 | F25: 富 | H25: 小=작다 · 人=사람 | I25: 소인은 | J25: 소인은 | K25: N | Q25: 보통
A26: 25 | B26: 5 | C26: 8 | D26: 小人 | E26: 富 | F26: 以適其力 | G26: 富 | H26: 富=재물이 넉넉하다 | I26: 부유하면 | J26: 부유해지면 | K26: N | Q26: 보통
A27: 26 | B27: 5 | C27: 9 | D27: 富 | E27: 以適其力 | F27: 淵深而魚生之 | H27: 以=~로써 · 其=그 · 力=힘 | I27: 그 힘에 맞게 쓴다 | J27: 제 분수껏 쓴다 | K27: N | Q27: 보통
A28: 27 | B28: 5 | C28: 11 | D28: 淵深而魚生之 | E28: 山深而獸往之 | F28: 人富而仁義附焉 | H28: 山=산 · 深=깊다 · 而=말 잇는 조사 · 往=가다 · 之=가다 (조사로도 쓰임) | I28: 산이 깊으면 짐승이 그리로 간다 | J28: 산이 깊어야 짐승이 모여들듯 | K28: Y | L28: SD-3 공간·방위 | M28: TD-4 도덕·책무 | N28: 深 | O28: 부의 크기 | P28: 못과 산의 깊이가 부의 크기로 옮겨감(직유) | Q28: 높음
A29: 28 | B29: 5 | C29: 12 | D29: 山深而獸往之 | E29: 人富而仁義附焉 | F29: 富者得埶益彰 | G29: 富 | H29: 人=사람 · 富=재물이 넉넉하다 · 而=말 잇는 조사 · 仁=어짊 · 義=옳음 · 焉=어찌 | I29: 사람이 부유하면 인의가 거기에 붙는다 | J29: 사람이 부유해야 인의도 따라붙는다 | K29: N | Q29: 보통
A30: 29 | B30: 5 | C30: 13 | D30: 人富而仁義附焉 | E30: 富者得埶益彰 | F30: 失埶則客無所 | G30: 富 | H30: 富=재물이 넉넉하다 · 者=~하는 것·사람 · 得=얻다 · 益=더하다 | I30: 부유한 자는 세력을 얻어 더욱 드러난다 | J30: 부유하면 세력을 얻어 이름이 더 나고 | K30: Y | L30: SD-3 공간·방위 | M30: TD-1 축적·유통 | N30: 埶 | O30: 형세 | P30: 공간적 형세가 부의 지위로 옮겨감 | Q30: 보통
A31: 30 | B31: 5 | C31: 14 | D31: 富者得埶益彰 | E31: 失埶則客無所 | F31: 之 | H31: 失=잃다 · 則=곧 · 客=손님 · 無=없다 · 所=바·곳 | I31: 세력을 잃으면 객이 갈 곳이 없다 | J31: 세력을 잃으면 따르던 이들이 흩어진다 | K31: N | Q31: 보통
A32: 31 | B32: 5 | C32: 18 | D32: 夷狄益甚 | E32: 諺曰 | F32: 千金之子 | H32: 曰=말하다 | I32: 속담에 이르기를 | J32: 속담에 이런 말이 있다 | K32: N | Q32: 보통
A33: 32 | B33: 5 | C33: 19 | D33: 諺曰 | E33: 千金之子 | F33: 不死於市 | G33: 千金 | H33: 千=일천 · 金=쇠붙이 · 之=가다 (조사로도 쓰임) · 子=아들 | I33: 천금을 가진 집 자식은 | J33: 큰 부자의 자식은 | K33: N | Q33: 보통
A34: 33 | B34: 5 | C34: 20 | D34: 千金之子 | E34: 不死於市 | F34: 此非空言也 | H34: 不=아니다 · 死=죽다 · 於=~에 · 市=저자 | I34: 저자에서 죽지 않는다 | J34: 저자에서 처형당하는 일이 없다 | K34: N | Q34: 보통
A35: 34 | B35: 5 | C35: 23 | D35: 故曰 | E35: 天下熙熙 | F35: 皆為利來 | H35: 天=하늘 · 下=아래쪽 | I35: 천하가 북적북적하다 | J35: 천하가 시끌벅적한데 | K35: N | Q35: 보통
A36: 35 | B36: 5 | C36: 24 | D36: 天下熙熙 | E36: 皆為利來 | F36: 天下壤壤 | G36: 利 | H36: 皆=모두 · 為=하다 · 利=날이 날카롭다 → 이롭다 · 來=오다 | I36: 모두 이익을 위해 온다 | J36: 모두 이익을 좇아 몰려드는 것이다 | K36: Y | L36: SD-5 운동·시간 | M36: TD-1 축적·유통 | N36: 來 | O36: 이익의 쏠림 | P36: 오고 감이 이익 추구로 옮겨감 | Q36: 높음
A37: 36 | B37: 5 | C37: 25 | D37: 皆為利來 | E37: 天下壤壤 | F37: 皆為利往 | H37: 天=하늘 · 下=아래쪽 | I37: 천하가 어수선하다 | J37: 천하가 어지러운데 | K37: N | Q37: 보통
A38: 37 | B38: 5 | C38: 26 | D38: 天下壤壤 | E38: 皆為利往 | F38: 夫千乘之王 | G38: 利 | H38: 皆=모두 · 為=하다 · 利=날이 날카롭다 → 이롭다 · 往=가다 | I38: 모두 이익을 위해 간다 | J38: 모두 이익을 좇아 떠나는 것이다 | K38: Y | L38: SD-5 운동·시간 | M38: TD-1 축적·유통 | N38: 往 | O38: 이익의 쏠림 | P38: 오고 감이 이익 추구로 옮겨감 | Q38: 높음
A39: 38 | B39: 5 | C39: 27 | D39: 皆為利往 | E39: 夫千乘之王 | F39: 萬家之侯 | H39: 夫=사내·무릇 · 千=일천 · 之=가다 (조사로도 쓰임) · 王=임금 | I39: 무릇 천승의 왕 | J39: 수레 천 대를 거느린 왕이나 | K39: N | Q39: 보통
A40: 39 | B40: 5 | C40: 29 | D40: 萬家之侯 | E40: 百室之君 | F40: 尚猶患貧 | H40: 百=일백 · 之=가다 (조사로도 쓰임) · 君=임금·그대 | I40: 백실의 임금도 | J40: 백 채의 봉읍을 가진 이도 | K40: N | Q40: 보통
A41: 40 | B41: 5 | C41: 30 | D41: 百室之君 | E41: 尚猶患貧 | F41: 而況匹夫編 | G41: 貧 | H41: 貧=재물이 모자라다 | I41: 오히려 가난을 근심한다 | J41: 오히려 가난을 걱정하는데 | K41: N | Q41: 보통
A42: 41 | B42: 5 | C42: 31 | D42: 尚猶患貧 | E42: 而況匹夫編 | F42: 戶之民乎 | H42: 而=말 잇는 조사 · 夫=사내·무릇 | I42: 하물며 필부와 호적에 든 | J42: 하물며 평범한 백성이야 | K42: N | Q42: 보통
A43: 42 | B43: 6 | C43: 7 | D43: 時用則知物 | E43: 二者形則 | F43: 萬貨之情可得而觀已 | H43: 二=둘 · 者=~하는 것·사람 · 形=모양 · 則=곧 | I43: 두 가지가 드러나면 | J43: 이 둘이 드러나면 | K43: N | Q43: 보통
A44: 43 | B44: 6 | C44: 8 | D44: 二者形則 | E44: 萬貨之情可得而觀已 | F44: 故歲在金 | G44: 貨 | H44: 萬=일만 · 貨=사고파는 물건 · 之=가다 (조사로도 쓰임) · 可=옳다·가하다 · 得=얻다 · 而=말 잇는 조사 · 已=이미 | I44: 온갖 재화의 실정을 볼 수 있다 | J44: 모든 물가의 흐름을 읽을 수 있다 | K44: N | Q44: 보통
A45: 44 | B45: 6 | C45: 9 | D45: 萬貨之情可得而觀已 | E45: 故歲在金 | F45: 穰 | H45: 故=까닭 · 歲=한 해 · 在=있다 · 金=쇠붙이 | I45: 그러므로 목성이 금의 자리에 있으면 | J45: 목성이 금의 방위에 들면 | K45: Y | L45: SD-6 문화·제도 | M45: TD-1 축적·유통 | N45: 歲在金 | O45: 풍흉 예측 | P45: 오행 관념이 작황 예측으로 옮겨감 | Q45: 보통
A46: 45 | B46: 6 | C46: 16 | D46: 火 | E46: 旱 | F46: 旱則資舟 | H46: 旱=가뭄 | I46: 가물다 | J46: 가뭄이 든다 | K46: N | Q46: 보통
A47: 46 | B47: 6 | C47: 17 | D47: 旱 | E47: 旱則資舟 | F47: 水則資車 | G47: 資 | H47: 旱=가뭄 · 則=곧 · 資=밑천 · 舟=배 | I47: 가물면 배를 마련한다 | J47: 가뭄이 들면 미리 배를 사 둔다 | K47: Y | L47: (수사 기제) | M47: TD-1 축적·유통 | N47: 旱則資舟 | O47: 역발상 | P47: 가뭄에 배를 마련하는 역설적 대비 | Q47: 보통
A48: 47 | B48: 6 | C48: 18 | D48: 旱則資舟 | E48: 水則資車 | F48: 物之理 | G48: 資 | H48: 水=물 · 則=곧 · 資=밑천 · 車=수레 | I48: 물이 나면 수레를 마련한다 | J48: 홍수가 나면 미리 수레를 사 둔다 | K48: N | Q48: 보통
A49: 48 | B49: 6 | C49: 19 | D49: 水則資車 | E49: 物之理 | F49: 也 | H49: 物=물건 · 之=가다 (조사로도 쓰임) · 理=옥의 결 | I49: 사물의 이치 | J49: 이것이 사물의 이치다 | K49: Y | L49: SD-1 자연·물질 | M49: TD-1 축적·유통 | N49: 理 | O49: 이치 | P49: 옥의 결이 사물의 원리로 옮겨감 | Q49: 높음
A50: 49 | B50: 6 | C50: 26 | D50: 二十病農 | E50: 九十病末 | F50: 末病則財不出 | H50: 九=아홉 · 十=열 · 病=병들다 · 末=끝 | I50: 구십이면 상업이 병든다 | J50: 값이 구십이면 상업이 위축된다 | K50: Y | L50: SD-1 자연·물질 | M50: TD-1 축적·유통 | N50: 末 | O50: 상업 | P50: 나뭇가지가 말업인 상업으로 옮겨감 | Q50: 높음
A51: 50 | B51: 6 | C51: 27 | D51: 九十病末 | E51: 末病則財不出 | F51: 農病則草不 | G51: 財 | H51: 末=끝 · 病=병들다 · 則=곧 · 財=재물 · 不=아니다 · 出=나가다 | I51: 상업이 병들면 재물이 나오지 않는다 | J51: 상업이 위축되면 재화가 돌지 않는다 | K51: Y | L51: SD-2 신체·감각 | M51: TD-1 축적·유통 | N51: 病 | O51: 부진 | P51: 신체의 질병이 산업의 침체로 옮겨감 | Q51: 보통
A52: 51 | B52: 6 | C52: 28 | D52: 末病則財不出 | E52: 農病則草不 | F52: 辟矣 | H52: 農=농사 · 病=병들다 · 則=곧 · 不=아니다 | I52: 농사가 병들면 풀이 | J52: 농사가 무너지면 땅이 | K52: N | Q52: 보통
A53: 52 | B53: 6 | C53: 31 | D53: 上不過八十 | E53: 下不減三十 | F53: 則農末俱利 | H53: 下=아래쪽 · 不=아니다 · 三=셋 · 十=열 | I53: 아래로 삼십에서 줄지 않으면 | J53: 값이 삼십 아래로 내려가지 않으면 | K53: N | Q53: 보통
A54: 53 | B54: 6 | C54: 32 | D54: 下不減三十 | E54: 則農末俱利 | F54: 平糶齊物 | G54: 利 | H54: 則=곧 · 農=농사 · 末=끝 · 俱=함께 · 利=날이 날카롭다 → 이롭다 | I54: 농사와 상업이 함께 이롭다 | J54: 농민과 상인이 함께 이익을 본다 | K54: Y | L54: SD-1 자연·물질 | M54: TD-1 축적·유통 | N54: 末 | O54: 상업 | P54: 나뭇가지가 말업인 상업으로 옮겨감 | Q54: 보통
A55: 54 | B55: 6 | C55: 33 | D55: 則農末俱利 | E55: 平糶齊物 | F55: 關市不乏 | H55: 平=평평하다 · 物=물건 | I55: 곡가를 고르게 하고 물자를 가지런히 한다 | J55: 곡물값을 안정시키고 물자를 고르게 한다 | K55: N | Q55: 보통
A56: 55 | B56: 6 | C56: 37 | D56: 積著之理 | E56: 務完物 | F56: 無息幣 | H56: 物=물건 | I56: 물건을 온전히 갖추기에 힘쓴다 | J56: 물건을 흠 없이 갖추는 데 힘쓴다 | K56: N | Q56: 보통
A57: 56 | B57: 6 | C57: 38 | D57: 務完物 | E57: 無息幣 | F57: 以物相貿易 | G57: 息 | H57: 無=없다 · 息=숨쉬다 · 幣=예물로 쓰는 비단 | I57: 화폐를 묵히지 않는다 | J57: 돈을 놀리지 않는다 | K57: Y | L57: SD-2 신체·감각 | M57: TD-1 축적·유통 | N57: 息 | O57: 정체 | P57: 숨이 멎음이 화폐의 정체로 옮겨감 | Q57: 보통
A58: 57 | B58: 6 | C58: 39 | D58: 無息幣 | E58: 以物相貿易 | F58: 腐敗而食之貨勿留 | G58: 貿易 | H58: 以=~로써 · 物=물건 · 相=서로 · 易=쉽다 | I58: 물건으로 서로 바꾼다 | J58: 물건끼리 맞바꾼다 | K58: N | Q58: 보통
A59: 58 | B59: 6 | C59: 40 | D59: 以物相貿易 | E59: 腐敗而食之貨勿留 | F59: 無敢居貴 | G59: 貨 | H59: 敗=싸움에 지다 · 而=말 잇는 조사 · 食=먹다 · 之=가다 (조사로도 쓰임) · 貨=사고파는 물건 · 留=머무르다 | I59: 썩어 상하는 먹을거리는 쌓아 두지 않는다 | J59: 상하기 쉬운 식품은 재어 두지 않는다 | K59: N | Q59: 보통
A60: 59 | B60: 6 | C60: 41 | D60: 腐敗而食之貨勿留 | E60: 無敢居貴 | F60: 論其有餘不足 | H60: 無=없다 · 居=머물러 살다 · 貴=귀하다 | I60: 감히 비싸질 때까지 쌓아 두지 않는다 | J60: 값이 오르기를 기다려 사재기하지 않는다 | K60: Y | L60: SD-3 공간·방위 | M60: TD-1 축적·유통 | N60: 居 | O60: 사재기 | P60: 거처함이 물화를 쟁여 둠으로 옮겨감 | Q60: 보통
A61: 60 | B61: 6 | C61: 48 | D61: 貴出如糞土 | E61: 賤取如珠玉 | F61: 財幣欲其行如流水 | H61: 賤=천하다 · 取=가지다 · 如=같다 · 珠=구슬 · 玉=옥 | I61: 쌀 때 구슬과 옥처럼 거둔다 | J61: 값이 쌀 때는 보배처럼 사들인다 | K61: Y | L61: SD-1 자연·물질 | M61: TD-1 축적·유통 | N61: 珠玉·糞土 | O61: 귀천 | P61: 옥과 똥이 값의 귀천으로 옮겨감(직유) | Q61: 높음
A62: 61 | B62: 6 | C62: 49 | D62: 賤取如珠玉 | E62: 財幣欲其行如流水 | F62: 修之十年 | G62: 財幣 | H62: 財=재물 · 幣=예물로 쓰는 비단 · 欲=하고자 하다 · 其=그 · 行=걸어가다 · 如=같다 · 流=물이 흐르다 · 水=물 | I62: 재화는 그 돎이 흐르는 물과 같기를 바란다 | J62: 돈은 물처럼 흘러 다녀야 한다 | K62: Y | L62: SD-1 자연·물질 | M62: TD-1 축적·유통 | N62: 如流水 | O62: 유통 | P62: 흐르는 물이 재화의 유통으로 옮겨감(직유) | Q62: 높음
A63: 62 | B63: 6 | C63: 50 | D63: 財幣欲其行如流水 | E63: 修之十年 | F63: 國富 | H63: 修=닦다 · 之=가다 (조사로도 쓰임) · 十=열 · 年=해 | I63: 십 년을 닦으니 | J63: 십 년을 그렇게 하니 | K63: N | Q63: 보통
A64: 63 | B64: 6 | C64: 51 | D64: 修之十年 | E64: 國富 | F64: 厚賂戰士 | G64: 富 | H64: 國=나라 · 富=재물이 넉넉하다 | I64: 나라가 부유해졌다 | J64: 나라가 부유해졌고 | K64: N | Q64: 보통
A65: 64 | B65: 6 | C65: 52 | D65: 國富 | E65: 厚賂戰士 | F65: 士赴矢石 | H65: 厚=두껍다 · 士=선비 | I65: 군사에게 후하게 상을 주었다 | J65: 병사들에게 후한 상을 내렸다 | K65: Y | L65: SD-3 공간·방위 | M65: TD-2 권력·지배 | N65: 厚 | O65: 후한 대우 | P65: 두께가 대우의 정도로 옮겨감 | Q65: 낮음
A66: 65 | B66: 7 | C66: 14 | D66: 諸 | E66: 侯四通 | F66: 貨物所交易也 | H66: 侯=제후 · 四=넷 · 通=통하다 | I66: 제후의 사방이 통하고 | J66: 사방으로 길이 통하여 | K66: N | Q66: 보통
A67: 66 | B67: 7 | C67: 15 | D67: 侯四通 | E67: 貨物所交易也 | F67: 乃治產積居 | G67: 貨 | H67: 貨=사고파는 물건 · 物=물건 · 所=바·곳 · 易=쉽다 · 也=단정하는 조사 | I67: 재화가 오가며 교역되는 곳이다 | J67: 물자가 오가며 거래되는 곳이다 | K67: N | Q67: 보통
A68: 67 | B68: 7 | C68: 16 | D68: 貨物所交易也 | E68: 乃治產積居 | F68: 與時逐而不責於人 | G68: 產 | H68: 乃=이에 · 治=다스리다 · 積=쌓아 올리다 · 居=머물러 살다 | I68: 이에 재산을 다스리고 쌓아 두었다 | J68: 그리하여 재산을 굴리고 물건을 쟁여 두었다 | K68: Y | L68: SD-3 공간·방위 | M68: TD-1 축적·유통 | N68: 積 | O68: 축적 | P68: 쌓아 올림이 재화의 축적으로 옮겨감 | Q68: 보통
A69: 68 | B69: 7 | C69: 17 | D69: 乃治產積居 | E69: 與時逐而不責於人 | F69: 故善治生者 | H69: 與=주다 · 時=때 · 逐=짐승을 뒤쫓다 · 而=말 잇는 조사 · 不=아니다 · 於=~에 · 人=사람 | I69: 때와 더불어 쫓되 사람에게 책하지 않았다 | J69: 시세를 좇을 뿐 남을 탓하지 않았다 | K69: Y | L69: SD-4 사냥·전쟁 | M69: TD-1 축적·유통 | N69: 逐 | O69: 시세 추격 | P69: 사냥의 추격이 시세 좇기로 옮겨감 | Q69: 높음
A70: 69 | B70: 7 | C70: 20 | D70: 能擇人而任時 | E70: 十九年 | F70: 之中三致千金 | H70: 十=열 · 九=아홉 · 年=해 | I70: 십구 년 | J70: 십구 년 동안 | K70: N | Q70: 보통
A71: 70 | B71: 7 | C71: 21 | D71: 十九年 | E71: 之中三致千金 | F71: 再分散與貧交疏昆弟 | G71: 千金 | H71: 之=가다 (조사로도 쓰임) · 中=가운데 · 三=셋 · 致=이르게 하다 · 千=일천 · 金=쇠붙이 | I71: 가운데 세 번 천금에 이르렀다 | J71: 세 차례나 천금을 모았다 | K71: N | Q71: 보통
A72: 71 | B72: 7 | C72: 22 | D72: 之中三致千金 | E72: 再分散與貧交疏昆弟 | F72: 此所謂富好行其德者也 | G72: 貧 | H72: 分=나누다 · 與=주다 · 貧=재물이 모자라다 | I72: 다시 가난한 벗과 먼 형제에게 나누어 주었다 | J72: 그때마다 가난한 벗과 먼 친척에게 나누어 주었다 | K72: N | Q72: 보통
A73: 72 | B73: 7 | C73: 23 | D73: 再分散與貧交疏昆弟 | E73: 此所謂富好行其德者也 | F73: 後年衰老而聽子孫 | G73: 富 | H73: 此=이것 · 所=바·곳 · 謂=이르다 · 富=재물이 넉넉하다 · 好=좋다 · 行=걸어가다 · 其=그 · 德=덕 · 者=~하는 것·사람 · 也=단정하는 조사 | I73: 이것이 이른바 부유하여 덕을 행하기 좋아하는 자다 | J73: 이것이 부유하면서 덕을 베푸는 사람이다 | K73: Y | L73: SD-5 운동·시간 | M73: TD-4 도덕·책무 | N73: 行 | O73: 덕의 실행 | P73: 걸음이 덕의 실천으로 옮겨감 | Q73: 보통
A74: 73 | B74: 7 | C74: 24 | D74: 此所謂富好行其德者也 | E74: 後年衰老而聽子孫 | F74: 子孫修業而 | H74: 後=뒤 · 年=해 · 衰=초목이 시들다 · 老=늙다 · 而=말 잇는 조사 · 子=아들 | I74: 늙어서는 자손에게 맡겼다 | J74: 나이 들어서는 자손에게 맡겼고 | K74: N | Q74: 보통
A75: 74 | B75: 7 | C75: 25 | D75: 後年衰老而聽子孫 | E75: 子孫修業而 | H75: 子=아들 · 修=닦다 · 業=생업 · 而=말 잇는 조사 | I75: 자손이 가업을 닦아 | J75: 자손이 그 일을 이어 | K75: N | Q75: 보통
A76: 75 | B76: 8 | C76: 1 | E76: 息之 | F76: 遂至巨萬 | G76: 息 | H76: 息=숨쉬다 · 之=가다 (조사로도 쓰임) | I76: 그것을 불렸다 | J76: 재산을 불려 나갔다 | K76: Y | L76: SD-2 신체·감각 | M76: TD-1 축적·유통 | N76: 息 | O76: 증식 | P76: 숨이 이자의 불어남으로 옮겨감 | Q76: 높음
A77: 76 | B77: 8 | C77: 2 | D77: 息之 | E77: 遂至巨萬 | F77: 故言富者皆稱陶朱公 | H77: 遂=마침내 · 至=이르다 · 萬=일만 | I77: 마침내 거만에 이르렀다 | J77: 마침내 거만의 재산을 이루었다 | K77: N | Q77: 보통
A78: 77 | B78: 8 | C78: 3 | D78: 遂至巨萬 | E78: 故言富者皆稱陶朱公 | G78: 富 | H78: 故=까닭 · 言=말하다 · 富=재물이 넉넉하다 · 者=~하는 것·사람 · 皆=모두 · 稱=일컫다 · 公=공변되다·귀인 | I78: 그러므로 부자를 말하는 자는 모두 도주공을 일컫는다 | J78: 그래서 부자를 말할 때면 모두 도주공을 든다 | K78: N | Q78: 보통
A79: 78 | B79: 9 | C79: 1 | E79: 子贛既學於仲尼 | F79: 退而仕於衛 | H79: 子=아들 · 學=배우다 · 於=~에 | I79: 자공은 이미 중니에게 배우고 | J79: 자공은 공자에게 배운 뒤 | K79: N | Q79: 보통
A80: 79 | B80: 9 | C80: 2 | D80: 子贛既學於仲尼 | E80: 退而仕於衛 | F80: 廢著鬻財於曹 | H80: 退=물러나다 · 而=말 잇는 조사 · 於=~에 · 衛=지켜 막다 | I80: 물러나 위나라에서 벼슬했다 | J80: 물러나 위나라에서 벼슬살이를 했고 | K80: N | Q80: 보통
A81: 80 | B81: 9 | C81: 3 | D81: 退而仕於衛 | E81: 廢著鬻財於曹 | F81: 魯之閒 | G81: 財 | H81: 廢=그만두다 · 財=재물 · 於=~에 | I81: 조나라에서 재물을 사고팔았다 | J81: 조나라에서 물건을 사고팔았다 | K81: N | Q81: 보통
A82: 81 | B82: 9 | C82: 4 | D82: 廢著鬻財於曹 | E82: 魯之閒 | F82: 七十子之徒 | H82: 之=가다 (조사로도 쓰임) · 閒=틈·한가하다 | I82: 노나라 사이에서 | J82: 노나라 일대에서 | K82: N | Q82: 보통
A83: 82 | B83: 9 | C83: 9 | D83: 糠 | E83: 匿於窮巷 | F83: 子貢結駟連騎 | H83: 於=~에 | I83: 궁벽한 골목에 숨었으나 | J83: 좁은 골목에 묻혀 지냈으나 | K83: N | Q83: 보통
A84: 83 | B84: 9 | C84: 10 | D84: 匿於窮巷 | E84: 子貢結駟連騎 | F84: 束帛之幣以聘享諸侯 | G84: 貢 | H84: 子=아들 · 貢=바치는 물건 · 連=잇다 | I84: 자공은 사마를 매고 기마를 잇대어 | J84: 자공은 사두마차와 기마 행렬을 거느리고 | K84: N | Q84: 보통
A85: 84 | B85: 9 | C85: 11 | D85: 子貢結駟連騎 | E85: 束帛之幣以聘享諸侯 | F85: 所至 | H85: 之=가다 (조사로도 쓰임) · 幣=예물로 쓰는 비단 · 以=~로써 · 諸=여러 · 侯=제후 | I85: 비단 묶음을 예물로 제후를 방문했다 | J85: 비단 예물을 들고 제후들을 찾아다녔다 | K85: N | Q85: 보통
A86: 85 | B86: 9 | C86: 15 | D86: 夫使孔子 | E86: 名布揚於天下者 | F86: 子貢先後之也 | H86: 名=이름 · 布=베 · 於=~에 · 天=하늘 · 下=아래쪽 · 者=~하는 것·사람 | I86: 명성이 천하에 퍼진 것은 | J86: 공자의 이름이 천하에 퍼진 것은 | K86: N | Q86: 보통
A87: 86 | B87: 9 | C87: 16 | D87: 名布揚於天下者 | E87: 子貢先後之也 | F87: 此所謂得埶而益彰者乎 | G87: 貢 | H87: 子=아들 · 貢=바치는 물건 · 先=먼저 · 後=뒤 · 之=가다 (조사로도 쓰임) · 也=단정하는 조사 | I87: 자공이 앞뒤에서 도왔기 때문이다 | J87: 자공이 앞뒤로 도운 덕이다 | K87: N | Q87: 보통
A88: 87 | B88: 9 | C88: 17 | D88: 子貢先後之也 | E88: 此所謂得埶而益彰者乎 | H88: 此=이것 · 所=바·곳 · 謂=이르다 · 得=얻다 · 而=말 잇는 조사 · 益=더하다 · 者=~하는 것·사람 · 乎=의문의 조사 | I88: 이것이 이른바 세력을 얻어 더욱 드러난 것이다 | J88: 이것이 세력을 얻어 이름이 더 난 경우다 | K88: Y | L88: SD-3 공간·방위 | M88: TD-1 축적·유통 | N88: 埶 | O88: 형세 | P88: 공간적 형세가 명성의 지위로 옮겨감 | Q88: 보통
A89: 88 | B89: 10 | C89: 26 | D89: 有水 | E89: 至卯 | F89: 積著率歲倍 | H89: 至=이르다 | I89: 묘의 자리에 이르면 | J89: 목성이 묘의 방위에 들면 | K89: N | Q89: 보통
A90: 89 | B90: 10 | C90: 27 | D90: 至卯 | E90: 積著率歲倍 | F90: 欲長錢 | G90: 倍 | H90: 積=쌓아 올리다 · 歲=한 해 · 倍=갑절 | I90: 쌓아 둔 것이 해마다 갑절이 된다 | J90: 재어 둔 물건이 해마다 곱절로 불어난다 | K90: Y | L90: SD-3 공간·방위 | M90: TD-1 축적·유통 | N90: 積著 | O90: 축적 | P90: 쌓아 올림이 재화의 축적으로 옮겨감 | Q90: 보통
A91: 90 | B91: 10 | C91: 28 | D91: 積著率歲倍 | E91: 欲長錢 | F91: 取下穀 | G91: 錢 | H91: 欲=하고자 하다 · 長=길다·자라다 · 錢=엽전 | I91: 돈을 불리고자 하면 | J91: 돈을 불리려면 | K91: Y | L91: SD-1 자연·물질 | M91: TD-1 축적·유통 | N91: 長 | O91: 증식 | P91: 초목의 생장이 돈의 불어남으로 옮겨감 | Q91: 높음
A92: 91 | B92: 10 | C92: 29 | D92: 欲長錢 | E92: 取下穀 | F92: 長石斗 | H92: 取=가지다 · 下=아래쪽 · 穀=곡식 | I92: 낮은 등급의 곡식을 취한다 | J92: 값싼 곡식을 사들인다 | K92: N | Q92: 보통
A93: 92 | B93: 10 | C93: 39 | D93: 故曰 | E93: 吾治生 | F93: 產 | H93: 吾=나 · 治=다스리다 · 生=낳다·살다 | I93: 나는 생업을 다스리기를 | J93: 내가 생업을 꾸리는 것은 | K93: N | Q93: 보통
A94: 93 | B94: 10 | C94: 40 | D94: 吾治生 | E94: 產 | F94: 猶伊尹 | G94: 產 | I94: 재산을 | J94: 재산 불리는 일을 | K94: N | Q94: 보통
A95: 94 | B95: 10 | C95: 41 | D95: 產 | E95: 猶伊尹 | F95: 呂尚之謀 | I95: 이윤과 같이 | J95: 이윤이나 | K95: Y | L95: SD-4 사냥·전쟁 | M95: TD-1 축적·유통 | N95: 猶伊尹呂尚之謀 | O95: 경영 | P95: 군사 책략이 생업 경영으로 옮겨감(직유) | Q95: 높음
A96: 95 | B96: 10 | C96: 43 | D96: 呂尚之謀 | E96: 孫吳用兵 | F96: 商鞅行法是也 | H96: 用=쓰다 · 兵=무기 | I96: 손자·오기가 군사를 부리듯 | J96: 손자와 오기가 군사를 부리듯 한다 | K96: N | Q96: 보통
A97: 96 | B97: 10 | C97: 44 | D97: 孫吳用兵 | E97: 商鞅行法是也 | F97: 是故其智不足與權變 | G97: 商 | H97: 商=장사하다 · 行=걸어가다 · 法=법 · 是=옳다·이것 · 也=단정하는 조사 | I97: 상앙이 법을 시행한 것이 그것이다 | J97: 상앙이 법을 편 것과 같다 | K97: N | Q97: 보통
A98: 97 | B98: 10 | C98: 45 | D98: 商鞅行法是也 | E98: 是故其智不足與權變 | F98: 勇不足以決斷 | H98: 是=옳다·이것 · 故=까닭 · 其=그 · 智=슬기 · 不=아니다 · 足=발 · 與=주다 · 權=저울추 | I98: 그러므로 그 지혜가 임기응변에 모자라고 | J98: 그러므로 임기응변할 지혜가 모자라고 | K98: N | Q98: 보통
A99: 98 | B99: 11 | C99: 2 | D99: 猗頓用盬鹽起 | E99: 而邯鄲郭縱以鐵冶成業 | F99: 與王者埒富 | H99: 而=말 잇는 조사 · 縱=줄을 놓다 · 以=~로써 · 鐵=무쇠 · 成=이루다 · 業=생업 | I99: 한단의 곽종은 철 제련으로 사업을 이루어 | J99: 한단의 곽종은 제철업으로 일어나 | K99: N | Q99: 보통
A100: 99 | B100: 11 | C100: 3 | D100: 而邯鄲郭縱以鐵冶成業 | E100: 與王者埒富 | G100: 富 | H100: 與=주다 · 王=임금 · 者=~하는 것·사람 · 埒=낮은 담 · 富=재물이 넉넉하다 | I100: 왕과 부를 나란히 했다 | J100: 임금에 견줄 만큼 부유해졌다 | K100: Y | L100: SD-3 공간·방위 | M100: TD-1 축적·유통 | N100: 埒 | O100: 대등 | P100: 담의 높이가 부의 대등함으로 옮겨감 | Q100: 보통
...

Sheet 도강록
A1: 연번 | B1: 문단 | C1: 절번호 | D1: 앞 문맥(참고) | E1: ★ 판정 대상 절 ★ | F1: 뒤 문맥(참고) | G1: 트리거 | H1: 주요 글자의 기본 의미 | I1: 직역 | J1: 의역 | K1: 은유 여부 | L1: 원천 영역 | M1: 목표 영역 | N1: 원천 어휘 | O1: 목표 개념 | P1: 판정 근거 | Q1: 확신도 | R1: 비고
A2: 1 | B2: 7 | C2: 10 | D2: 徐往舘所 | E2: 諸裨已著軍服戰笠矣 | F2: 頂起銀花雲月 | H2: 諸=여러 · 已=이미 · 服=옷 · 矣=마치는 조사 | I2: 여러 비장이 이미 군복과 전립을 입었다 | J2: 비장들은 벌써 군복에 전립을 갖추었고 | K2: N | Q2: 보통
A3: 2 | B3: 7 | C3: 11 | D3: 諸裨已著軍服戰笠矣 | E3: 頂起銀花雲月 | F3: 懸孔雀羽 | G3: 銀 | H3: 起=몸을 일으키다 · 銀=은 · 雲=구름 · 月=달 | I3: 정수리에 은화와 구름·달 장식을 세우고 | J3: 전립 꼭대기에 은꽃과 구름·달 모양 장식을 세우고 | K3: Y | L3: SD-1 자연·물질 | M3: TD-7 경물·감각 | N3: 銀花雲月 | O3: 투구 장식의 형상 | P3: 꽃과 구름·달의 형상이 투구 장식의 이름으로 옮겨감 | Q3: 낮음
A4: 3 | B4: 7 | C4: 12 | D4: 頂起銀花雲月 | E4: 懸孔雀羽 | F4: 腰繫藍方紗紬纏帶 | I4: 공작 깃을 매달았다 | J4: 공작 깃을 늘어뜨렸다 | K4: N | Q4: 보통
A5: 4 | B5: 8 | C5: 38 | D5: 者 | E5: 自檢其囊中得廿六文 | F5: 而東錢有禁 | H5: 自=스스로 · 其=그 · 中=가운데 · 得=얻다 · 六=여섯 · 文=무늬·글 | I5: 스스로 그 주머니 속을 헤아리니 스물여섯 문을 얻었다 | J5: 주머니를 뒤져 보니 스물여섯 푼이 있었다 | K5: N | Q5: 보통
A6: 5 | B6: 8 | C6: 39 | D6: 自檢其囊中得廿六文 | E6: 而東錢有禁 | F6: 不可出境 | G6: 錢 | H6: 而=말 잇는 조사 · 東=동쪽 · 錢=엽전 · 有=있다 | I6: 그런데 조선 돈은 금령이 있어 | J6: 그런데 우리 돈은 반출이 금지되어 | K6: N | Q6: 보통
A7: 6 | B7: 8 | C7: 40 | D7: 而東錢有禁 | E7: 不可出境 | F7: 棄之道則可惜 | H7: 不=아니다 · 可=옳다·가하다 · 出=나가다 | I7: 국경을 나갈 수 없다 | J7: 국경 밖으로 가져갈 수 없다 | K7: N | Q7: 보통
A8: 7 | B8: 8 | C8: 56 | D8: 滿酌一盞 | E8: 酹第一柱 | F8: 自祈利涉 | H8: 一=하나 | I8: 첫째 기둥에 술을 붓고 | J8: 첫째 기둥에 술을 부으며 | K8: N | Q8: 보통
A9: 8 | B9: 8 | C9: 57 | D9: 酹第一柱 | E9: 自祈利涉 | F9: 又斟一杯 | G9: 利 | H9: 自=스스로 · 利=날이 날카롭다 → 이롭다 | I9: 스스로 무사히 건너기를 빌었다 | J9: 무사히 건너게 해 달라고 빌었다 | K9: N | Q9: 보통
A10: 9 | B10: 8 | C10: 58 | D10: 自祈利涉 | E10: 又斟一杯 | F10: 酹第二柱 | H10: 又=또 · 一=하나 | I10: 또 한 잔을 따라 | J10: 다시 한 잔을 따라 | K10: N | Q10: 보통
A11: 10 | B11: 9 | C11: 9 | D11: 紅粉樓中別莫愁 | E11: 秋風數騎出邊頭 | F11: 畵船簫鼓無消息 | H11: 秋=가을 · 風=바람 · 數=세다·수 · 出=나가다 · 邊=가장자리 · 頭=머리 | I11: 가을바람에 두어 기마가 변방 어귀를 나서고 | J11: 가을바람에 몇 기마가 변방을 나서는데 | K11: N | Q11: 보통
A12: 11 | B12: 9 | C12: 10 | D12: 秋風數騎出邊頭 | E12: 畵船簫鼓無消息 | F12: 斷膓淸南第一州 | G12: 息 | H12: 無=없다 · 消=녹아 없어지다 · 息=숨쉬다 | I12: 그림배의 퉁소와 북은 소식이 없다 | J12: 그림배의 풍악 소리는 간 데 없고 | K12: N | Q12: 보통
A13: 12 | B13: 9 | C13: 11 | D13: 畵船簫鼓無消息 | E13: 斷膓淸南第一州 | F13: 此柳惠風入瀋陽時作也 | H13: 膓=창자 · 淸=맑다 · 南=남쪽 · 一=하나 · 州=고을 | I13: 청남 제일주에서 애를 끊는다 | J13: 청남 제일의 고을에서 애간장이 끊어진다 | K13: Y | L13: SD-2 신체·감각 | M13: TD-7 경물·감각 | N13: 斷膓 | O13: 이별의 슬픔 | P13: 창자가 끊어짐이 이별의 슬픔으로 옮겨감 | Q13: 높음
A14: 13 | B14: 10 | C14: 22 | D14: 舊件新浣 | E14: 鬅騰郭索 | F14: 可謂太崇儉矣 | I14: 머리는 헝클어지고 걸음은 게걸음이니 | J14: 머리는 헝클어지고 걸음은 게처럼 어정거리니 | K14: N | Q14: 보통
A15: 14 | B15: 10 | C15: 23 | D15: 鬅騰郭索 | E15: 可謂太崇儉矣 | F15: 稍俟副使之出城 | G15: 儉 | H15: 可=옳다·가하다 · 謂=이르다 · 儉=검소하다 · 矣=마치는 조사 | I15: 너무 검소함을 숭상한다 할 만하다 | J15: 지나치게 검소하다 할 만하다 | K15: Y | L15: SD-3 공간·방위 | M15: TD-4 도덕·책무 | N15: 崇 | O15: 숭상 | P15: 공간의 높음이 가치의 존숭으로 옮겨감 | Q15: 보통
A16: 15 | B16: 10 | C16: 24 | D16: 可謂太崇儉矣 | E16: 稍俟副使之出城 | F16: 乃按轡徐行 | H16: 使=시키다 · 之=가다 (조사로도 쓰임) · 出=나가다 · 城=성 | I16: 부사가 성을 나서기를 조금 기다려 | J16: 부사가 성을 나오기를 잠시 기다렸다가 | K16: N | Q16: 보통
A17: 16 | B17: 10 | C17: 37 | D17: 搜其禁物 | E17: 大者如黃金眞珠人參貂皮 | F17: 及包外濫銀 | H17: 大=크다 · 者=~하는 것·사람 · 如=같다 · 金=쇠붙이 · 眞=참되다 · 珠=구슬 · 人=사람 | I17: 큰 것은 황금·진주·인삼·담비 가죽 같은 것이고 | J17: 큰 것으로는 황금·진주·인삼·담비 가죽이 있고 | K17: N | Q17: 보통
A18: 17 | B18: 10 | C18: 38 | D18: 大者如黃金眞珠人參貂皮 | E18: 及包外濫銀 | F18: 小者新舊名目 | G18: 銀 | H18: 及=미치다 · 外=바깥 · 銀=은 | I18: 그리고 포 밖의 넘치는 은이며 | J18: 정해진 몫을 넘긴 은이 있으며 | K18: Y | L18: SD-1 자연·물질 | M18: TD-1 축적·유통 | N18: 濫 | O18: 한도 초과 | P18: 물이 넘침이 규정 초과의 은으로 옮겨감 | Q18: 보통
A19: 18 | B19: 10 | C19: 39 | D19: 及包外濫銀 | E19: 小者新舊名目 | F19: 不下數十種 | H19: 小=작다 · 者=~하는 것·사람 · 新=새롭다 · 舊=옛 · 名=이름 · 目=눈 | I19: 작은 것은 새롭고 오래된 여러 명목으로 | J19: 작은 것은 이런저런 명목이 붙어 | K19: N | Q19: 보통
A20: 19 | B20: 10 | C20: 54 | D20: 而其實 | E20: 文具而已 | F20: 灣賈之先期潛越 | H20: 文=무늬·글 · 而=말 잇는 조사 · 已=이미 | I20: 문서상의 격식일 뿐이다 | J20: 문서상의 형식에 지나지 않는다 | K20: N | Q20: 보통
A21: 20 | B21: 10 | C21: 55 | D21: 文具而已 | E21: 灣賈之先期潛越 | F21: 有誰禁之 | G21: 賈 | H21: 賈=장사하다 · 之=가다 (조사로도 쓰임) · 先=먼저 · 潛=물속에 잠기다 | I21: 의주 상인이 기일에 앞서 몰래 건너는 것을 | J21: 의주 상인이 미리 몰래 국경을 넘는 것을 | K21: Y | L21: SD-1 자연·물질 | M21: TD-1 축적·유통 | N21: 潛越 | O21: 밀무역 | P21: 물속에 잠김이 몰래 국경을 넘음으로 옮겨감 | Q21: 보통
A22: 21 | B22: 10 | C22: 56 | D22: 灣賈之先期潛越 | E22: 有誰禁之 | F22: 禁物之現捉於初旗者 | H22: 有=있다 · 之=가다 (조사로도 쓰임) | I22: 누가 금하겠는가 | J22: 누가 막을 수 있겠는가 | K22: N | Q22: 보통
A23: 22 | B23: 10 | C23: 66 | D23: 今行原包猶未及半 | E23: 多空包者 | F23: 其濫銀奚論 | H23: 多=많다 · 者=~하는 것·사람 | I23: 빈 포가 많은 자이니 | J23: 빈 짐짝이 많으니 | K23: N | Q23: 보통
A24: 23 | B24: 10 | C24: 67 | D24: 多空包者 | E24: 其濫銀奚論 | G24: 銀 | H24: 其=그 · 銀=은 | I24: 그 넘치는 은을 어찌 논하겠는가 | J24: 규정을 넘긴 은을 따질 것이 있겠는가 | K24: Y | L24: SD-1 자연·물질 | M24: TD-1 축적·유통 | N24: 濫 | O24: 한도 초과 | P24: 물이 넘침이 규정 초과의 은으로 옮겨감 | Q24: 보통
A25: 24 | B25: 11 | C25: 1 | E25: 茶啖草草 | F25: 乍進旋退 | H25: 茶=차 | I25: 차와 다과가 변변찮아 | J25: 차와 다과가 변변찮아 | K25: N | Q25: 보통
A26: 25 | B26: 11 | C26: 64 | D26: 惟 | E26: 知道者能之 | F26: 鄭之子產 | H26: 知=알다 · 道=길 · 者=~하는 것·사람 · 能=능하다 · 之=가다 (조사로도 쓰임) | I26: 도를 아는 자라야 능하다 | J26: 도를 아는 자라야 할 수 있는 일이다 | K26: N | Q26: 보통
A27: 26 | B27: 11 | C27: 65 | D27: 知道者能之 | E27: 鄭之子產 | G27: 產 | H27: 之=가다 (조사로도 쓰임) · 子=아들 | I27: 정나라의 자산이다 | J27: 정나라 자산이 그런 사람이다 | K27: N | Q27: 보통
A28: 27 | B28: 12 | C28: 1 | E28: 船已泊岸 | F28: 蘆荻如織 | H28: 已=이미 | I28: 배가 이미 언덕에 닿았다 | J28: 배가 벌써 기슭에 닿았다 | K28: N | Q28: 보통
A29: 28 | B29: 12 | C29: 36 | D29: 有一人起立應聲曰 | E29: 爾們的不時節 | F29: 緣何朝貢入大國 | H29: 的=~의 (백화) · 不=아니다 · 時=때 · 節=대나무의 마디 | I29: 너희들은 철이 아닌데 | J29: 너희들은 철도 아닌데 | K29: N | Q29: 보통
A30: 29 | B30: 12 | C30: 37 | D30: 爾們的不時節 | E30: 緣何朝貢入大國 | F30: 暑天裏長途 | G30: 貢 | H30: 何=무엇 · 朝=아침·조정 · 貢=바치는 물건 · 入=들다 · 大=크다 · 國=나라 | I30: 무슨 까닭에 조공으로 대국에 들어오는가 | J30: 무슨 일로 조공하러 대국에 들어오는가 | K30: N | Q30: 보통
A31: 30 | B31: 12 | C31: 38 | D31: 緣何朝貢入大國 | E31: 暑天裏長途 | F31: 辛苦時大 | H31: 天=하늘 · 長=길다·자라다 | I31: 더운 날에 먼 길을 | J31: 이 더위에 먼 길을 | K31: N | Q31: 보통
A32: 31 | B32: 12 | C32: 133 | D32: 余騰身載其背 | E32: 其人笑嘻嘻入船 | F32: 出氣長息曰 | H32: 其=그 · 人=사람 · 笑=웃다 · 入=들다 | I32: 그 사람이 싱글싱글 웃으며 배에 들어와 | J32: 그 사람이 히죽히죽 웃으며 배에 올라 | K32: N | Q32: 보통
A33: 32 | B33: 12 | C33: 134 | D33: 其人笑嘻嘻入船 | E33: 出氣長息曰 | F33: 黑旋風媽媽這樣沉挑時 | G33: 息 | H33: 出=나가다 · 氣=기운 · 長=길다·자라다 · 息=숨쉬다 · 曰=말하다 | I33: 숨을 내쉬고 길게 한숨지으며 말했다 | J33: 숨을 몰아쉬고 길게 한숨을 내쉬며 말했다 | K33: N | Q33: 보통
A34: 33 | B34: 12 | C34: 135 | D34: 出氣長息曰 | E34: 黑旋風媽媽這樣沉挑時 | F34: 巴不得上了沂 | H34: 風=바람 · 時=때 | I34: 흑선풍 어미가 이렇게 무겁게 멜 때 | J34: 흑선풍의 어미를 이렇게 무겁게 멜 적에 | K34: N | Q34: 보통
A35: 34 | B35: 13 | C35: 46 | D35: 或五人同帳 | E35: 譯卒及刷馬驅人 | F35: 伍伍什什 | H35: 譯=통역하다 · 及=미치다 · 馬=말 · 人=사람 | I35: 역졸과 쇄마 몰이꾼들이 | J35: 역졸과 말몰이꾼들이 | K35: N | Q35: 보통
A36: 35 | B36: 13 | C36: 47 | D36: 譯卒及刷馬驅人 | E36: 伍伍什什 | F36: 靠溪搆木 | G36: 什 | H36: 什=열 | I36: 다섯씩 열씩 짝지어 | J36: 다섯씩 열씩 무리를 지어 | K36: N | Q36: 보통
A37: 36 | B37: 13 | C37: 48 | D37: 伍伍什什 | E37: 靠溪搆木 | F37: 炊烟相連 | I37: 시내에 기대어 나무를 얽고 | J37: 시냇가에 나무를 얽어 얽매고 | K37: N | Q37: 보통
A38: 37 | B38: 13 | C38: 52 | D38: 儼 | E38: 成村閭 | F38: 灣商一隊 | H38: 成=이루다 | I38: 마을을 이루었다 | J38: 한 마을을 이루었다 | K38: N | Q38: 보통
A39: 38 | B39: 13 | C39: 53 | D39: 成村閭 | E39: 灣商一隊 | F39: 自爲一屯 | G39: 商 | H39: 商=장사하다 · 一=하나 | I39: 의주 상인 한 무리는 | J39: 의주 상인 한 패는 | K39: N | Q39: 보통
A40: 39 | B40: 13 | C40: 54 | D40: 灣商一隊 | E40: 自爲一屯 | F40: 臨溪洗數十鷄 | H40: 自=스스로 · 爲=하다·되다 · 一=하나 | I40: 스스로 한 둔을 이루어 | J40: 따로 한 무리를 지어 | K40: N | Q40: 보통
A41: 40 | B41: 21 | C41: 35 | D41: 滿面歡笑曰 | E41: 老爺 | F41: 息怒 | H41: 老=늙다 | I41: 나으리 | J41: 나으리 | K41: N | Q41: 보통
A42: 41 | B42: 21 | C42: 36 | D42: 老爺 | E42: 息怒 | F42: 小人們該死的 | G42: 息 | H42: 息=숨쉬다 | I42: 노여움을 가라앉히십시오 | J42: 고정하십시오 | K42: Y | L42: SD-2 신체·감각 | M42: TD-7 경물·감각 | N42: 息怒 | O42: 노여움의 진정 | P42: 숨을 죽임이 감정의 진정으로 옮겨감 | Q42: 보통
A43: 42 | B43: 21 | C43: 37 | D43: 息怒 | E43: 小人們該死的 | F43: 馬頭輩皆大笑 | H43: 小=작다 · 人=사람 · 死=죽다 · 的=~의 (백화) | I43: 소인들이 죽을죄를 지었습니다 | J43: 소인들이 죽을죄를 지었습니다 | K43: N | Q43: 보통
A44: 43 | B44: 23 | C44: 27 | D44: 口含烟竹 | E44: 光頭搖扇 | F44: 或黑貢緞衣 | H44: 光=빛 · 頭=머리 | I44: 민머리로 부채를 흔들고 | J44: 민머리에 부채를 부치며 | K44: N | Q44: 보통
A45: 44 | B45: 23 | C45: 28 | D45: 光頭搖扇 | E45: 或黑貢緞衣 | F45: 或秀花紬衣 | G45: 貢 | H45: 或=혹 · 貢=바치는 물건 · 衣=옷 | I45: 혹은 검은 공단 옷이고 | J45: 더러는 검은 공단 옷을 입고 | K45: N | Q45: 보통
A46: 45 | B46: 23 | C46: 29 | D46: 或黑貢緞衣 | E46: 或秀花紬衣 | F46: 或生布生苧 | H46: 或=혹 · 衣=옷 | I46: 혹은 수놓은 비단옷이며 | J46: 더러는 수놓은 비단옷을 입었다 | K46: N | Q46: 보통
A47: 46 | B47: 23 | C47: 49 | D47: 家裏都是太平麽 | E47: 充 | F47: 得包銀麽 | H47: 充=가득 채우다 | I47: 채워 | J47: 채워 | K47: N | Q47: 보통
A48: 47 | B48: 23 | C48: 50 | D48: 充 | E48: 得包銀麽 | F48: 人人酬酢如出一口 | G48: 包銀 | H48: 得=얻다 · 銀=은 | I48: 포은을 얻었는가 | J48: 포은은 얻었는가 | K48: N | Q48: 보통
A49: 48 | B49: 23 | C49: 51 | D49: 得包銀麽 | E49: 人人酬酢如出一口 | F49: 又爭問韓相公安相公來麽 | H49: 人=사람 · 如=같다 · 出=나가다 · 一=하나 · 口=입 | I49: 사람마다 주고받는 말이 한 입에서 나온 듯하다 | J49: 사람마다 하는 말이 한 입에서 나온 듯 똑같다 | K49: Y | L49: SD-2 신체·감각 | M49: TD-6 기타 | N49: 如出一口 | O49: 일치 | P49: 한 입에서 나옴이 말의 일치로 옮겨감(직유) | Q49: 보통
A50: 49 | B50: 23 | C50: 58 | D50: 習知燕中事 | E50: 所謂相公者 | F50: 商賈相尊之稱也 | H50: 所=바·곳 · 謂=이르다 · 相=서로 · 公=공변되다·귀인 · 者=~하는 것·사람 | I50: 이른바 상공이라는 것은 | J50: 상공이라 부르는 것은 | K50: N | Q50: 보통
A51: 50 | B51: 23 | C51: 59 | D51: 所謂相公者 | E51: 商賈相尊之稱也 | G51: 商 賈 | H51: 商=장사하다 · 賈=장사하다 · 相=서로 · 之=가다 (조사로도 쓰임) · 稱=일컫다 · 也=단정하는 조사 | I51: 상인끼리 서로 높이는 칭호다 | J51: 상인들끼리 서로 높여 부르는 말이다 | K51: N | Q51: 보통
A52: 51 | B52: 24 | C52: 1 | E52: 使行時 | F52: 例給正官八包 | H52: 使=시키다 · 行=걸어가다 · 時=때 | I52: 사행 때에는 | J52: 사신 행차 때에는 | K52: N | Q52: 보통
A53: 52 | B53: 24 | C53: 10 | D53: 今不 | E53: 官給 | F53: 令自備銀 | H53: 官=벼슬 · 給=주다 | I53: 관에서 주었는데 | J53: 전에는 관에서 대주었으나 | K53: N | Q53: 보통
A54: 53 | B54: 24 | C54: 11 | D54: 官給 | E54: 令自備銀 | F54: 只限包數 | G54: 銀 | H54: 自=스스로 · 銀=은 | I54: 지금은 스스로 은을 갖추게 하고 | J54: 이제는 스스로 은을 마련하게 하고 | K54: N | Q54: 보통
A55: 54 | B55: 24 | C55: 12 | D55: 令自備銀 | E55: 只限包數 | F55: 堂上包銀三千兩 | H55: 數=세다·수 | I55: 다만 포의 수만 제한한다 | J55: 다만 가져갈 양만 제한한다 | K55: N | Q55: 보통
A56: 55 | B56: 24 | C56: 13 | D56: 只限包數 | E56: 堂上包銀三千兩 | F56: 堂下二千兩 | G56: 包銀 | H56: 上=위쪽 · 銀=은 · 三=셋 · 千=일천 · 兩=두 개·무게 단위 | I56: 당상관은 포은 삼천 냥 | J56: 당상관은 삼천 냥 | K56: Y | L56: SD-3 공간·방위 | M56: TD-5 문명·제도 | N56: 堂上 | O56: 상위 관품 | P56: 당의 위아래가 관품의 등급으로 옮겨감 | Q56: 보통
A57: 56 | B57: 24 | C57: 14 | D57: 堂上包銀三千兩 | E57: 堂下二千兩 | F57: 自帶入燕 | H57: 下=아래쪽 · 二=둘 · 千=일천 · 兩=두 개·무게 단위 | I57: 당하관은 이천 냥이다 | J57: 당하관은 이천 냥이다 | K57: Y | L57: SD-3 공간·방위 | M57: TD-5 문명·제도 | N57: 堂下 | O57: 하위 관품 | P57: 당의 위아래가 관품의 등급으로 옮겨감 | Q57: 보통
A58: 57 | B58: 24 | C58: 15 | D58: 堂下二千兩 | E58: 自帶入燕 | F58: 貿易諸貨爲奇羡 | H58: 自=스스로 · 入=들다 · 燕=제비·연나라 | I58: 스스로 지니고 연경에 들어가 | J58: 제 손으로 지니고 연경에 들어가 | K58: N | Q58: 보통
A59: 58 | B59: 24 | C59: 16 | D59: 自帶入燕 | E59: 貿易諸貨爲奇羡 | F59: 貧不能自帶 | G59: 貿易 貨 | H59: 易=쉽다 · 諸=여러 · 貨=사고파는 물건 · 爲=하다·되다 · 奇=기이하다 | I59: 여러 물건을 무역해 남는 이문을 삼는다 | J59: 여러 물건을 사고팔아 이문을 남긴다 | K59: Y | L59: SD-1 자연·물질 | M59: TD-1 축적·유통 | N59: 奇羨 | O59: 잉여 이익 | P59: 물이 넘침이 무역의 이문으로 옮겨감 | Q59: 보통
A60: 59 | B60: 24 | C60: 17 | D60: 貿易諸貨爲奇羡 | E60: 貧不能自帶 | F60: 則賣其包窠松都 | G60: 貧 | H60: 貧=재물이 모자라다 · 不=아니다 · 能=능하다 · 自=스스로 | I60: 가난하여 스스로 지닐 수 없으면 | J60: 가난하여 은을 마련하지 못하면 | K60: N | Q60: 보통
A61: 60 | B61: 24 | C61: 18 | D61: 貧不能自帶 | E61: 則賣其包窠松都 | F61: 平壤 | G61: 賣 | H61: 則=곧 · 賣=팔다 · 其=그 · 都=도읍 | I61: 그 포의 몫을 송도에 판다 | J61: 그 몫을 송도에 팔아넘긴다 | K61: N | Q61: 보통
A62: 61 | B62: 24 | C62: 19 | D62: 則賣其包窠松都 | E62: 平壤 | F62: 安州等處 | H62: 平=평평하다 | I62: 평양 | J62: 평양이나 | K62: N | Q62: 보통
A63: 62 | B63: 24 | C63: 20 | D63: 平壤 | E63: 安州等處 | F63: 燕商買其包窠 | H63: 安=편안하다 · 州=고을 · 等=무리 · 處=곳 | I63: 안주 등지에서 | J63: 안주 같은 데서 | K63: N | Q63: 보통
A64: 63 | B64: 24 | C64: 21 | D64: 安州等處 | E64: 燕商買其包窠 | F64: 充銀以去 | G64: 買 商 | H64: 燕=제비·연나라 · 商=장사하다 · 買=사다 · 其=그 | I64: 연경 장사꾼이 그 포의 몫을 사서 | J64: 연상이 그 몫을 사들여 | K64: N | Q64: 보통
A65: 64 | B65: 24 | C65: 22 | D65: 燕商買其包窠 | E65: 充銀以去 | F65: 然諸處燕商 | G65: 銀 | H65: 充=가득 채우다 · 銀=은 · 以=~로써 · 去=가다 | I65: 은을 채워 간다 | J65: 은을 채워 보낸다 | K65: N | Q65: 보통
A66: 65 | B66: 24 | C66: 23 | D66: 充銀以去 | E66: 然諸處燕商 | F66: 法不得身自入燕 | G66: 商 | H66: 然=그러하다 · 諸=여러 · 處=곳 · 燕=제비·연나라 · 商=장사하다 | I66: 그러나 여러 곳의 연경 장사꾼은 | J66: 그러나 각지의 연상은 | K66: N | Q66: 보통
A67: 66 | B67: 24 | C67: 24 | D67: 然諸處燕商 | E67: 法不得身自入燕 | F67: 將包交付 | H67: 法=법 · 不=아니다 · 得=얻다 · 身=몸 · 自=스스로 · 入=들다 · 燕=제비·연나라 | I67: 법으로 몸소 연경에 들어갈 수 없다 | J67: 법에 따라 직접 연경에 갈 수 없다 | K67: N | Q67: 보통
A68: 67 | B68: 24 | C68: 26 | D68: 將包交付 | E68: 灣人 | F68: 貿易以來 | H68: 人=사람 | I68: 의주 사람이 | J68: 그래서 의주 사람에게 | K68: N | Q68: 보통
A69: 68 | B69: 24 | C69: 27 | D69: 灣人 | E69: 貿易以來 | F69: 如韓林諸賈 | G69: 貿易 | H69: 易=쉽다 · 以=~로써 · 來=오다 | I69: 무역해 오게 한다 | J69: 대신 무역해 오게 한다 | K69: N | Q69: 보통
A70: 69 | B70: 24 | C70: 28 | D70: 貿易以來 | E70: 如韓林諸賈 | F70: 連歲入燕 | G70: 賈 | H70: 如=같다 · 諸=여러 · 賈=장사하다 | I70: 한씨·임씨 같은 여러 장사꾼은 | J70: 한씨나 임씨 같은 큰 상인들은 | K70: N | Q70: 보통
A71: 70 | B71: 24 | C71: 29 | D71: 如韓林諸賈 | E71: 連歲入燕 | F71: 視燕如門庭 | H71: 連=잇다 · 歲=한 해 · 入=들다 · 燕=제비·연나라 | I71: 해마다 잇달아 연경에 들어가 | J71: 해마다 연경을 드나들어 | K71: N | Q71: 보통 | R71: 인접 절 「視燕如門庭」에 은유가 있으나 판정 대상 범위 밖이므로 계수하지 않음
A72: 71 | B72: 24 | C72: 35 | D72: 都在其手 | E72: 燕 | F72: 貨之日增厥價 | H72: 燕=제비·연나라 | I72: 연경 | J72: 연경의 | K72: N | Q72: 보통
A73: 72 | B73: 24 | C73: 36 | D73: 燕 | E73: 貨之日增厥價 | F73: 亶由此輩 | G73: 貨 價 | H73: 貨=사고파는 물건 · 之=가다 (조사로도 쓰임) · 日=해·날 · 價=값 | I73: 재화가 날로 그 값이 오르는 것은 | J73: 물건 값이 날로 오르는 것은 | K73: N | Q73: 보통
A74: 73 | B74: 24 | C74: 37 | D74: 貨之日增厥價 | E74: 亶由此輩 | F74: 擧國都不理會 | H74: 此=이것 · 輩=무리 | I74: 오로지 이 무리 때문이다 | J74: 오로지 이자들 때문이다 | K74: N | Q74: 보통
A75: 74 | B75: 24 | C75: 39 | D75: 擧國都不理會 | E75: 專責譯官 | F75: 譯官失權於灣賈 | H75: 譯=통역하다 · 官=벼슬 | I75: 오로지 역관을 책망하는데 | J75: 그런데 나무람은 역관에게만 돌아가니 | K75: N | Q75: 보통
A76: 75 | B76: 24 | C76: 40 | D76: 專責譯官 | E76: 譯官失權於灣賈 | F76: 拱手而已 | G76: 賈 | H76: 譯=통역하다 · 官=벼슬 · 失=잃다 · 權=저울추 · 於=~에 · 賈=장사하다 | I76: 역관은 의주 상인에게 권한을 잃고 | J76: 역관은 의주 상인에게 주도권을 빼앗기고 | K76: Y | L76: SD-6 문화·제도 | M76: TD-2 권력·지배 | N76: 失權 | O76: 주도권 상실 | P76: 저울추가 상거래의 주도권으로 옮겨감 | Q76: 보통
A77: 76 | B77: 24 | C77: 41 | D77: 譯官失權於灣賈 | E77: 拱手而已 | F77: 諸處燕商 | H77: 手=손 · 而=말 잇는 조사 · 已=이미 | I77: 손을 마주 잡고 있을 뿐이다 | J77: 팔짱만 끼고 있을 뿐이다 | K77: N | Q77: 보통
A78: 77 | B78: 24 | C78: 42 | D78: 拱手而已 | E78: 諸處燕商 | F78: 雖知爲灣 | G78: 商 | H78: 諸=여러 · 處=곳 · 燕=제비·연나라 · 商=장사하다 | I78: 여러 곳의 연경 장사꾼은 | J78: 각지의 연상들은 | K78: N | Q78: 보통
A79: 78 | B79: 24 | C79: 43 | D79: 諸處燕商 | E79: 雖知爲灣 | F79: 賈之所操縱 | H79: 雖=비록 · 知=알다 · 爲=하다·되다 | I79: 비록 의주 | J79: 의주 | K79: N | Q79: 보통
A80: 79 | B80: 24 | C80: 44 | D80: 雖知爲灣 | E80: 賈之所操縱 | F80: 而事非目覩 | G80: 賈 | H80: 賈=장사하다 · 之=가다 (조사로도 쓰임) · 所=바·곳 · 操=줄을 잡아 다루다 · 縱=줄을 놓다 | I80: 상인이 조종하는 바임을 알아도 | J80: 상인이 시세를 주무르는 줄 알면서도 | K80: Y | L80: SD-6 문화·제도 | M80: TD-2 권력·지배 | N80: 操縱 | O80: 조종 | P80: 줄을 당기고 놓음이 시세 지배로 옮겨감 | Q80: 높음
A81: 80 | B81: 24 | C81: 45 | D81: 賈之所操縱 | E81: 而事非目覩 | F81: 則敢怒而不敢言 | H81: 而=말 잇는 조사 · 事=일 · 非=아니다 · 目=눈 | I81: 일을 눈으로 본 것이 아니어서 | J81: 직접 본 것이 아니라서 | K81: N | Q81: 보통
A82: 81 | B82: 24 | C82: 47 | D82: 則敢怒而不敢言 | E82: 其來已久 | F82: 今者灣賈之蹔爲隱身 | H82: 其=그 · 來=오다 · 已=이미 · 久=오래되다 | I82: 그 유래가 이미 오래다 | J82: 이런 일이 벌써 오래되었다 | K82: N | Q82: 보통
A83: 82 | B83: 24 | C83: 48 | D83: 其來已久 | E83: 今者灣賈之蹔爲隱身 | F83: 不卽相見 | G83: 賈 | H83: 今=이제 · 者=~하는 것·사람 · 賈=장사하다 · 之=가다 (조사로도 쓰임) · 爲=하다·되다 · 身=몸 | I83: 이제 의주 상인이 잠시 몸을 숨겨 | J83: 지금 의주 상인이 잠시 몸을 감추고 | K83: N | Q83: 보통
A84: 83 | B84: 24 | C84: 49 | D84: 今者灣賈之蹔爲隱身 | E84: 不卽相見 | F84: 亦一鉤引小 | H84: 不=아니다 · 相=서로 · 見=보다 | I84: 곧바로 만나지 않는 것도 | J84: 바로 나타나지 않는 것도 | K84: N | Q84: 보통 | R84: 인접 절 「亦一鉤引小」에 은유가 있으나 판정 대상 범위 밖이므로 계수하지 않음
A85: 84 | B85: 25 | C85: 19 | D85: 遼東及東岳廟 | E85: 素號姦細人出沒處 | F85: 汝復賣眼 | H85: 人=사람 · 出=나가다 · 沒=물에 빠져 가라앉다 · 處=곳 | I85: 본디 간사한 자들이 드나든다고 이름난 곳인데 | J85: 본래 간사한 무리가 드나든다고 소문난 곳인데 | K85: N | Q85: 보통
A86: 85 | B86: 25 | C86: 20 | D86: 素號姦細人出沒處 | E86: 汝復賣眼 | F86: 又未知幾物見失 | G86: 賣 | H86: 賣=팔다 | I86: 네가 또 눈을 팔았구나 | J86: 네가 또 눈감아 주었구나 | K86: Y | L86: SD-2 신체·감각 | M86: TD-6 기타 | N86: 賣眼 | O86: 눈감아 줌 | P86: 눈을 판다는 신체 표현이 묵인으로 옮겨감 | Q86: 보통
A87: 86 | B87: 25 | C87: 21 | D87: 汝復賣眼 | E87: 又未知幾物見失 | F87: 張福閔然搔首曰 | H87: 又=또 · 未=아직 ~않다 · 知=알다 · 幾=몇 · 物=물건 · 見=보다 · 失=잃다 | I87: 또 몇 가지 물건을 잃었는지 모른다 | J87: 또 얼마나 물건을 잃었는지 모르겠다 | K87: N | Q87: 보통
A88: 87 | B88: 27 | C88: 60 | D88: 美鬚髯衣服鮮麗 | E88: 前抱得龍腰曰 | F88: 請大哥息怒 | H88: 前=앞 · 得=얻다 · 曰=말하다 | I88: 앞으로 나아가 득룡의 허리를 안고 말했다 | J88: 앞으로 나아가 득룡의 허리를 껴안고 말했다 | K88: N | Q88: 보통
A89: 88 | B89: 27 | C89: 61 | D89: 前抱得龍腰曰 | E89: 請大哥息怒 | F89: 得龍回 | G89: 息 | H89: 大=크다 · 息=숨쉬다 | I89: 큰형님 노여움을 가라앉히소서 | J89: 형님, 고정하십시오 | K89: N | Q89: 보통
A90: 89 | B90: 27 | C90: 62 | D90: 請大哥息怒 | E90: 得龍回 | F90: 怒作哂曰 | H90: 得=얻다 | I90: 득룡이 돌아서 | J90: 득룡이 돌아서서 | K90: N | Q90: 보통
A91: 90 | B91: 27 | C91: 90 | D91: 鳳城將軍二員 | E91: 主客司一員 | F91: 稅官一員 | H91: 主=주인 · 客=손님 · 一=하나 | I91: 주객사 한 사람 | J91: 주객사 한 명 | K91: N | Q91: 보통
A92: 91 | B92: 27 | C92: 91 | D92: 主客司一員 | E92: 稅官一員 | F92: 御史一員 | G92: 稅 | H92: 稅=구실 · 官=벼슬 · 一=하나 | I92: 세관 한 사람 | J92: 세관 한 명 | K92: N | Q92: 보통
A93: 92 | B93: 27 | C93: 92 | D93: 稅官一員 | E93: 御史一員 | F93: 滿洲章京八人 | H93: 史=사관·역사 · 一=하나 | I93: 어사 한 사람 | J93: 어사 한 명 | K93: N | Q93: 보통
A94: 93 | B94: 27 | C94: 100 | D94: 加出博氏 | E94: 一人 | F94: 稅官博氏一人 | H94: 一=하나 · 人=사람 | I94: 한 사람 | J94: 한 명 | K94: N | Q94: 보통
A95: 94 | B95: 27 | C95: 101 | D95: 一人 | E95: 稅官博氏一人 | F95: 外郞一人 | G95: 稅 | H95: 稅=구실 · 官=벼슬 · 氏=성씨 · 一=하나 · 人=사람 | I95: 세관 박씨 한 사람 | J95: 세관 박씨 한 명 | K95: N | Q95: 보통
A96: 95 | B96: 27 | C96: 102 | D96: 稅官博氏一人 | E96: 外郞一人 | F96: 衙譯二人 | H96: 外=바깥 · 一=하나 · 人=사람 | I96: 외랑 한 사람 | J96: 외랑 한 명 | K96: N | Q96: 보통
A97: 96 | B97: 27 | C97: 106 | D97: 甫古十七人 | E97: 加出甫古七人 | F97: 稅官甫古二人 | H97: 出=나가다 · 古=옛 · 七=일곱 · 人=사람 | I97: 더 나온 보고 일곱 사람 | J97: 추가로 나온 보고 일곱 명 | K97: N | Q97: 보통
A98: 97 | B98: 27 | C98: 107 | D98: 加出甫古七人 | E98: 稅官甫古二人 | F98: 分頭甫古九人 | G98: 稅 | H98: 稅=구실 · 官=벼슬 · 古=옛 · 二=둘 · 人=사람 | I98: 세관 보고 두 사람 | J98: 세관 보고 두 명 | K98: N | Q98: 보통
A99: 98 | B99: 27 | C99: 108 | D99: 稅官甫古二人 | E99: 分頭甫古九人 | F99: 甲軍五十名 | H99: 分=나누다 · 頭=머리 · 古=옛 · 九=아홉 · 人=사람 | I99: 분두 보고 아홉 사람 | J99: 분두 보고 아홉 명 | K99: N | Q99: 보통
A100: 99 | B100: 27 | C100: 110 | D100: 甲軍五十名 | E100: 加出甲軍三十六名 | F100: 稅官甲軍十六名 | H100: 出=나가다 · 三=셋 · 十=열 · 六=여섯 · 名=이름 | I100: 더 나온 갑군 서른여섯 명 | J100: 추가로 나온 갑군 서른여섯 명 | K100: N | Q100: 보통
...

Sheet 성경잡지
A1: 연번 | B1: 문단 | C1: 절번호 | D1: 앞 문맥(참고) | E1: ★ 판정 대상 절 ★ | F1: 뒤 문맥(참고) | G1: 트리거 | H1: 주요 글자의 기본 의미 | I1: 은유 여부 | J1: 원천 영역 | K1: 목표 영역 | L1: 원천 어휘 | M1: 목표 개념 | N1: 판정 근거 | O1: 확신도 | P1: 비고
A2: 1 | B2: 8 | C2: 59 | D2: 少焉主人之小孫 | E2: 手提吶叭 | F2: 氣息喘喘 | H2: 手=손 | I2: N | O2: 보통
A3: 2 | B3: 8 | C3: 60 | D3: 手提吶叭 | E3: 氣息喘喘 | F3: 走入堂裏 | G3: 息 | H3: 氣=기운 · 息=숨쉬다 · 喘=헐떡이다 | I3: N | O3: 보통
A4: 3 | B4: 8 | C4: 61 | D4: 氣息喘喘 | E4: 走入堂裏 | F4: 抱老公項 | H4: 入=들다 | I4: N | O4: 보통
A5: 4 | B5: 8 | C5: 62 | D5: 走入堂裏 | E5: 抱老公項 | F5: 要買吶叭 | H5: 老=늙다 · 公=공변되다·귀인 | I5: N | O5: 보통
A6: 5 | B6: 8 | C6: 63 | D6: 抱老公項 | E6: 要買吶叭 | F6: 老公慈意滿面曰 | G6: 買 | H6: 要=구하다 · 買=사다 | I6: N | O6: 보통
A7: 6 | B7: 8 | C7: 64 | D7: 要買吶叭 | E7: 老公慈意滿面曰 | F7: 這箇不中用 | H7: 老=늙다 · 公=공변되다·귀인 · 面=얼굴 · 曰=말하다 | I7: N | O7: 보통
A8: 7 | B8: 8 | C8: 82 | D8: 余亦責軍牢索去好矣 | E8: 何必若是無聊人 | F8: 余問這狗子那地所產 | H8: 何=무엇 · 必=반드시 · 若=같다 · 是=옳다·이것 · 無=없다 · 人=사람 | I8: N | O8: 보통
A9: 8 | B9: 8 | C9: 83 | D9: 何必若是無聊人 | E9: 余問這狗子那地所產 | F9: 主人 | G9: 產 | H9: 余=나 · 問=묻다 · 子=아들 · 地=땅 · 所=바·곳 | I9: N | O9: 보통
A10: 9 | B10: 8 | C10: 84 | D10: 余問這狗子那地所產 | E10: 主人 | F10: 答曰 | H10: 主=주인 · 人=사람 | I10: N | O10: 보통
A11: 10 | B11: 8 | C11: 85 | D11: 主人 | E11: 答曰 | F11: 雲南所產 | H11: 答=대답하다 · 曰=말하다 | I11: N | O11: 보통
A12: 11 | B12: 8 | C12: 86 | D12: 答曰 | E12: 雲南所產 | F12: 蜀中亦有這樣的小狗 | G12: 產 | H12: 雲=구름 · 南=남쪽 · 所=바·곳 | I12: N | O12: 보통
A13: 12 | B13: 8 | C13: 87 | D13: 雲南所產 | E13: 蜀中亦有這樣的小狗 | F13: 此名玉兎兒 | H13: 中=가운데 · 亦=또한 · 有=있다 · 的=~의 (백화) · 小=작다 | I13: N | O13: 보통
A14: 13 | B14: 8 | C14: 89 | D14: 此名玉兎兒 | E14: 那箇叫做雪獅子 | F14: 幷是雲南產 | H14: 做=하다 (백화) · 子=아들 | I14: N | O14: 보통
A15: 14 | B15: 8 | C15: 90 | D15: 那箇叫做雪獅子 | E15: 幷是雲南產 | F15: 主人叫玉兎兒 | G15: 產 | H15: 是=옳다·이것 · 雲=구름 · 南=남쪽 | I15: N | O15: 보통
A16: 15 | B16: 8 | C16: 91 | D16: 幷是雲南產 | E16: 主人叫玉兎兒 | F16: 叩頭 | H16: 主=주인 · 人=사람 · 玉=옥 | I16: N | O16: 보통
A17: 16 | B17: 8 | C17: 100 | D17: 客官旣然愛玩此 | E17: 微物時 | F17: 情願拜送準貢回還時 | H17: 物=물건 · 時=때 | I17: N | O17: 보통
A18: 17 | B18: 8 | C18: 101 | D18: 微物時 | E18: 情願拜送準貢回還時 | F18: 客官不妨携去 | G18: 貢 | H18: 送=보내다 · 貢=바치는 물건 · 還=돌아오다 · 時=때 | I18: N | O18: 보통
A19: 18 | B19: 8 | C19: 102 | D19: 情願拜送準貢回還時 | E19: 客官不妨携去 | F19: 余答曰 | H19: 客=손님 · 官=벼슬 · 不=아니다 · 去=가다 | I19: N | O19: 보통
A20: 19 | B20: 8 | C20: 113 | D20: 遂給張福與昌大共食 | E20: 自入舖子裏 | F20: 買喫一椀麵 | H20: 自=스스로 · 入=들다 · 舖=가게 · 子=아들 | I20: N | O20: 보통
A21: 20 | B21: 8 | C21: 114 | D21: 自入舖子裏 | E21: 買喫一椀麵 | F21: 一 | G21: 買 | H21: 買=사다 · 一=하나 | I21: N | O21: 보통
A22: 21 | B22: 8 | C22: 115 | D22: 買喫一椀麵 | E22: 一 | F22: 觶燒酒 | H22: 一=하나 | I22: N | O22: 보통
A23: 22 | B23: 9 | C23: 15 | D23: 車馬雲屯 | E23: 促鞭行下馬少憩 | F23: 客商數百人 | H23: 行=걸어가다 · 下=아래쪽 · 馬=말 · 少=적다 | I23: N | O23: 보통
A24: 23 | B24: 9 | C24: 16 | D24: 促鞭行下馬少憩 | E24: 客商數百人 | F24: 卸擔納凉 | G24: 商 | H24: 客=손님 · 商=장사하다 · 數=세다·수 · 百=일백 · 人=사람 | I24: N | O24: 보통
A25: 24 | B25: 9 | C25: 17 | D25: 客商數百人 | E25: 卸擔納凉 | F25: 或踞柳根 | I25: N | O25: 보통
A26: 25 | B26: 9 | C26: 36 | D26: 車三十餘乘 | E26: 皆滿載石煤 | F26: 賣酒賣茶 | H26: 皆=모두 | I26: N | O26: 보통
A27: 26 | B27: 9 | C27: 37 | D27: 皆滿載石煤 | E27: 賣酒賣茶 | F27: 賣餠果 | G27: 賣 | H27: 賣=팔다 · 酒=술 · 茶=차 | I27: N | O27: 보통
A28: 27 | B28: 9 | C28: 38 | D28: 賣酒賣茶 | E28: 賣餠果 | F28: 諸般飮食者 | G28: 賣 | H28: 賣=팔다 | I28: N | O28: 보통
A29: 28 | B29: 9 | C29: 39 | D29: 賣餠果 | E29: 諸般飮食者 | F29: 皆聚柳陰下 | H29: 諸=여러 · 飮=마시다 · 食=먹다 · 者=~하는 것·사람 | I29: N | O29: 보통
A30: 29 | B30: 10 | C30: 1 | E30: 渾河 | F30: 一名阿利江 | I30: N | O30: 보통
A31: 30 | B31: 10 | C31: 2 | D31: 渾河 | E31: 一名阿利江 | F31: 一名小遼水 | G31: 利 | H31: 一=하나 · 名=이름 · 利=날이 날카롭다 → 이롭다 · 江=큰 강 | I31: N | O31: 보통
A32: 31 | B32: 10 | C32: 3 | D32: 一名阿利江 | E32: 一名小遼水 | F32: 源出長白山 | H32: 一=하나 · 名=이름 · 小=작다 · 水=물 | I32: N | O32: 보통
A33: 32 | B33: 11 | C33: 15 | D33: 郭內民物之繁華 | E33: 市肆之侈盛 | F33: 十倍遼陽 | H33: 市=저자 · 之=가다 (조사로도 쓰임) | I33: N | O33: 보통
A34: 33 | B34: 11 | C34: 16 | D34: 市肆之侈盛 | E34: 十倍遼陽 | F34: 矣 | G34: 倍 | H34: 十=열 · 倍=갑절 · 陽=볕 | I34: Y | J34: (수사 기제) | K34: TD-1 축적·유통 | L34: 十倍 | M34: 과장 | N34: 배수 표현으로 시장 규모를 부풀림 | O34: 보통
A35: 34 | B35: 11 | C35: 17 | D35: 十倍遼陽 | E35: 矣 | F35: 入關廟少憩 | H35: 矣=마치는 조사 | I35: N | O35: 보통
A36: 35 | B36: 11 | C36: 32 | D36: 身披一領野繭紗道袍 | E36: 項戴藤笠 | F36: 足穿貢緞黑靴 | I36: N | O36: 보통
A37: 36 | B37: 11 | C37: 33 | D37: 項戴藤笠 | E37: 足穿貢緞黑靴 | F37: 脫笠自撫其髻曰 | G37: 貢 | H37: 足=발 · 貢=바치는 물건 | I37: N | O37: 보통
A38: 37 | B38: 11 | C38: 34 | D38: 足穿貢緞黑靴 | E38: 脫笠自撫其髻曰 | F38: 與相公一樣 | H38: 自=스스로 · 其=그 · 曰=말하다 | I38: N | O38: 보통
A39: 38 | B39: 12 | C39: 17 | D39: 彩閣雕牕 | E39: 金扁碧榜 | F39: 貨寶 | H39: 金=쇠붙이 | I39: N | O39: 보통
A40: 39 | B40: 12 | C40: 18 | D40: 金扁碧榜 | E40: 貨寶 | F40: 財賄 | G40: 貨 | H40: 貨=사고파는 물건 | I40: N | O40: 보통
A41: 40 | B41: 12 | C41: 19 | D41: 貨寶 | E41: 財賄 | F41: 充牣其中 | G41: 財 | H41: 財=재물 | I41: N | O41: 보통
A42: 41 | B42: 12 | C42: 20 | D42: 財賄 | E42: 充牣其中 | F42: 坐市者 | H42: 充=가득 채우다 · 其=그 · 中=가운데 | I42: N | O42: 보통
A43: 42 | B43: 15 | C43: 9 | D43: 箇箇若是 | E43: 遂相携入一酒樓 | F43: 其宏深奢麗 | H43: 遂=마침내 · 相=서로 · 入=들다 · 一=하나 · 酒=술 · 樓=다락 | I43: N | O43: 보통
A44: 43 | B44: 15 | C44: 10 | D44: 遂相携入一酒樓 | E44: 其宏深奢麗 | F44: 更勝於前 | G44: 奢 | H44: 其=그 · 深=깊다 · 奢=사치하다 · 麗=곱다 | I44: N | O44: 보통
A45: 44 | B45: 15 | C45: 11 | D45: 其宏深奢麗 | E45: 更勝於前 | F45: 買得一盤卵炒 | H45: 勝=싸움에 이기다 · 於=~에 · 前=앞 | I45: N | O45: 보통
A46: 45 | B46: 15 | C46: 12 | D46: 更勝於前 | E46: 買得一盤卵炒 | F46: 一甁史國公 | G46: 買 | H46: 買=사다 · 得=얻다 · 一=하나 | I46: N | O46: 보통
A47: 46 | B47: 15 | C47: 13 | D47: 買得一盤卵炒 | E47: 一甁史國公 | F47: 暢飮而罷 | H47: 一=하나 · 史=사관·역사 · 國=나라 · 公=공변되다·귀인 | I47: N | O47: 보통
A48: 47 | B48: 15 | C48: 14 | D48: 一甁史國公 | E48: 暢飮而罷 | F48: 入一收賣古董舖子 | H48: 飮=마시다 · 而=말 잇는 조사 | I48: N | O48: 보통
A49: 48 | B49: 15 | C49: 15 | D49: 暢飮而罷 | E49: 入一收賣古董舖子 | F49: 舖名藝粟齋 | G49: 賣 | H49: 入=들다 · 一=하나 · 收=거두다 · 賣=팔다 · 古=옛 · 舖=가게 · 子=아들 | I49: N | O49: 보통
A50: 49 | B50: 15 | C50: 16 | D50: 入一收賣古董舖子 | E50: 舖名藝粟齋 | F50: 有秀才五人 | H50: 舖=가게 · 名=이름 | I50: N | O50: 보통
A51: 50 | B51: 15 | C51: 25 | D51: 地士人 | E51: 新開錦緞舖 | F51: 舖名歌商樓 | H51: 新=새롭다 · 開=열다 · 舖=가게 | I51: N | O51: 보통
A52: 51 | B52: 15 | C52: 26 | D52: 新開錦緞舖 | E52: 舖名歌商樓 | F52: 共有六人 | G52: 商 | H52: 舖=가게 · 名=이름 · 商=장사하다 · 樓=다락 | I52: N | O52: 보통
A53: 52 | B53: 15 | C53: 27 | D53: 舖名歌商樓 | E53: 共有六人 | F53: 衣帽鮮華 | H53: 有=있다 · 六=여섯 · 人=사람 | I53: N | O53: 보통
A54: 53 | B54: 17 | C54: 1 | E54: 夕飯後步月 | F54: 至歌商樓 | H54: 後=뒤 · 月=달 | I54: N | O54: 보통
A55: 54 | B55: 17 | C55: 2 | D55: 夕飯後步月 | E55: 至歌商樓 | F55: 携諸人 | G55: 商 | H55: 至=이르다 · 商=장사하다 · 樓=다락 | I55: N | O55: 보통
A56: 55 | B56: 17 | C56: 3 | D56: 至歌商樓 | E56: 携諸人 | F56: 同至藝粟齋 | H56: 諸=여러 · 人=사람 | I56: N | O56: 보통
A57: 56 | B57: 18 | C57: 6 | D57: 市廛朝起開舖門 | E57: 例放紙砲 | F57: 急起往歌商樓 | I57: N | O57: 보통
A58: 57 | B58: 18 | C58: 7 | D58: 例放紙砲 | E58: 急起往歌商樓 | F58: 諸人 | G58: 商 | H58: 起=몸을 일으키다 · 往=가다 · 商=장사하다 · 樓=다락 | I58: N | O58: 보통
A59: 58 | B59: 18 | C59: 8 | D59: 急起往歌商樓 | E59: 諸人 | F59: 又集穩話 | H59: 諸=여러 · 人=사람 | I59: N | O59: 보통
A60: 59 | B60: 19 | C60: 10 | D60: 因入藥舖 | E60: 余遂跟入 | F60: 兩人俱買檳榔二箇 | H60: 余=나 · 遂=마침내 · 入=들다 | I60: N | O60: 보통
A61: 60 | B61: 19 | C61: 11 | D61: 余遂跟入 | E61: 兩人俱買檳榔二箇 | F61: 刀劈爲四 | G61: 買 | H61: 兩=두 개·무게 단위 · 人=사람 · 俱=함께 · 買=사다 · 二=둘 | I61: N | O61: 보통
A62: 61 | B62: 19 | C62: 12 | D62: 兩人俱買檳榔二箇 | E62: 刀劈爲四 | F62: 各以半顆 | H62: 爲=하다·되다 · 四=넷 | I62: N | O62: 보통
A63: 62 | B63: 20 | C63: 3 | D63: 需給瀋陽各衙八旗俸祿 | E63: 又自瀋陽派及興京船廠寧古塔等地 | F63: 該銀爲一百二十五萬兩云 | H63: 又=또 · 自=스스로 · 陽=볕 · 及=미치다 · 興=일어나다 · 京=서울 · 古=옛 · 等=무리 · 地=땅 | I63: N | O63: 보통
A64: 63 | B64: 20 | C64: 4 | D64: 又自瀋陽派及興京船廠寧古塔等地 | E64: 該銀爲一百二十五萬兩云 | G64: 銀 | H64: 銀=은 · 爲=하다·되다 · 一=하나 · 百=일백 · 二=둘 · 十=열 · 五=다섯 · 萬=일만 · 兩=두 개·무게 단위 · 云=이르다 | I64: N | O64: 보통
A65: 64 | B65: 21 | C65: 1 | E65: 夕月色益明 | F65: 欲與卞季涵同訪歌商諸齋 | H65: 月=달 · 色=빛깔 · 益=더하다 · 明=밝다 | I65: N | O65: 보통
A66: 65 | B66: 21 | C66: 2 | D66: 夕月色益明 | E66: 欲與卞季涵同訪歌商諸齋 | F66: 卞君枉與首譯議可否 | G66: 商 | H66: 欲=하고자 하다 · 與=주다 · 同=같다 · 商=장사하다 · 諸=여러 | I66: N | O66: 보통
A67: 66 | B67: 21 | C67: 3 | D67: 欲與卞季涵同訪歌商諸齋 | E67: 卞君枉與首譯議可否 | F67: 首譯瞠然駭之曰 | H67: 君=임금·그대 · 與=주다 · 譯=통역하다 · 可=옳다·가하다 | I67: N | O67: 보통
A68: 67 | B68: 27 | C68: 14 | D68: 亦 | E68: 能談說經義 | F68: 而家貧好濟人 | H68: 能=능하다 · 經=베의 날실 · 義=옳음 | I68: N | O68: 보통
A69: 68 | B69: 27 | C69: 15 | D69: 能談說經義 | E69: 而家貧好濟人 | F69: 爲其多子 | G69: 貧 | H69: 而=말 잇는 조사 · 家=집 · 貧=재물이 모자라다 · 好=좋다 · 人=사람 | I69: N | O69: 보통
A70: 69 | B70: 27 | C70: 16 | D70: 而家貧好濟人 | E70: 爲其多子 | F70: 養福也 | H70: 爲=하다·되다 · 其=그 · 多=많다 · 子=아들 | I70: N | O70: 보통
A71: 70 | B71: 30 | C71: 22 | D71: 舟下三峽 | E71: 轉販吳中 | F71: 逐利口外 | H71: 轉=굴러 돌다 · 中=가운데 | I71: N | O71: 보통
A72: 71 | B72: 30 | C72: 23 | D72: 轉販吳中 | E72: 逐利口外 | F72: 開舖此中 | G72: 利 | H72: 逐=짐승을 뒤쫓다 · 利=날이 날카롭다 → 이롭다 · 口=입 · 外=바깥 | I72: Y | J72: SD-4 사냥·전쟁 | K72: TD-1 축적·유통 | L72: 逐利 | M72: 이익 추구 | N72: 사냥의 추격이 이익 좇기로 옮겨감 | O72: 높음
A73: 72 | B73: 30 | C73: 24 | D73: 逐利口外 | E73: 開舖此中 | F73: 亦已三年 | H73: 開=열다 · 舖=가게 · 此=이것 · 中=가운데 | I73: N | O73: 보통
A74: 73 | B74: 31 | C74: 14 | D74: 白飯二鍋 | E74: 菜二盤 | F74: 該價銀十二兩 | H74: 二=둘 | I74: N | O74: 보통
A75: 74 | B75: 31 | C75: 15 | D75: 菜二盤 | E75: 該價銀十二兩 | F75: 田生進前恭謝 | G75: 銀 價 | H75: 價=값 · 銀=은 · 十=열 · 二=둘 · 兩=두 개·무게 단위 | I75: N | O75: 보통
A76: 75 | B76: 31 | C76: 16 | D76: 該價銀十二兩 | E76: 田生進前恭謝 | F76: 曰 | H76: 田=밭 · 生=낳다·살다 · 進=나아가다 · 前=앞 | I76: N | O76: 보통
A77: 76 | B77: 31 | C77: 41 | D77: 田生曰 | E77: 先生晡刻 | F77: 要買古董 | H77: 先=먼저 · 生=낳다·살다 | I77: N | O77: 보통
A78: 77 | B78: 31 | C78: 42 | D78: 先生晡刻 | E78: 要買古董 | F78: 未知何樣眞品 | G78: 買 | H78: 要=구하다 · 買=사다 · 古=옛 | I78: N | O78: 보통
A79: 78 | B79: 31 | C79: 43 | D79: 要買古董 | E79: 未知何樣眞品 | F79: 余曰 | H79: 未=아직 ~않다 · 知=알다 · 何=무엇 · 眞=참되다 | I79: N | O79: 보통
A80: 79 | B80: 31 | C80: 46 | D80: 非但古董 | E80: 更要文房四友稀奇古雅 | F80: 不限價本 | H80: 要=구하다 · 文=무늬·글 · 四=넷 · 奇=기이하다 · 古=옛 | I80: N | O80: 보통
A81: 80 | B81: 31 | C81: 47 | D81: 更要文房四友稀奇古雅 | E81: 不限價本 | F81: 田生曰 | G81: 價 | H81: 不=아니다 · 價=값 · 本=나무의 뿌리 | I81: N | O81: 보통
A82: 81 | B82: 31 | C82: 48 | D82: 不限價本 | E82: 田生曰 | F82: 先生非久入都 | H82: 田=밭 · 生=낳다·살다 · 曰=말하다 | I82: N | O82: 보통
A83: 82 | B83: 31 | C83: 60 | D83: 此中雖稱行都 | E83: 中國一隅 | F83: 賣買只仰蒙古寧古塔船廠等地 | H83: 中=가운데 · 國=나라 · 一=하나 | I83: N | O83: 보통
A84: 83 | B84: 31 | C84: 61 | D84: 中國一隅 | E84: 賣買只仰蒙古寧古塔船廠等地 | F84: 番俗 | G84: 買 賣 | H84: 賣=팔다 · 買=사다 · 古=옛 · 等=무리 · 地=땅 | I84: N | O84: 보통
A85: 84 | B85: 31 | C85: 62 | D85: 賣買只仰蒙古寧古塔船廠等地 | E85: 番俗 | F85: 椎魯 | H85: 俗=풍속 | I85: N | O85: 보통
A86: 85 | B86: 31 | C86: 69 | D86: 貴邦珍尙 | E86: 亦異內地 | F86: 甞見賣買人 | H86: 亦=또한 · 內=안 · 地=땅 | I86: N | O86: 보통
A87: 86 | B87: 31 | C87: 70 | D87: 亦異內地 | E87: 甞見賣買人 | F87: 雖如干 | G87: 買 賣 | H87: 見=보다 · 賣=팔다 · 買=사다 · 人=사람 | I87: N | O87: 보통
A88: 87 | B88: 31 | C88: 71 | D88: 甞見賣買人 | E88: 雖如干 | F88: 茶藥 | H88: 雖=비록 · 如=같다 | I88: N | O88: 보통
A89: 88 | B89: 31 | C89: 73 | D89: 茶藥 | E89: 不揀頂品 | F89: 只取價廉 | H89: 不=아니다 | I89: N | O89: 보통
A90: 89 | B90: 31 | C90: 74 | D90: 不揀頂品 | E90: 只取價廉 | F90: 何論眞假 | G90: 價 | H90: 取=가지다 · 價=값 | I90: N | O90: 보통
A91: 90 | B91: 31 | C91: 75 | D91: 只取價廉 | E91: 何論眞假 | F91: 非但茶藥如此 | H91: 何=무엇 · 眞=참되다 | I91: N | O91: 보통
A92: 91 | B92: 31 | C92: 84 | D92: 轉輸邊門 | E92: 互相騙詐 | F92: 以爲機利 | H92: 相=서로 | I92: N | O92: 보통
A93: 92 | B93: 31 | C93: 85 | D93: 互相騙詐 | E93: 以爲機利 | F93: 今先生所須 | G93: 利 | H93: 以=~로써 · 爲=하다·되다 · 機=베틀 · 利=날이 날카롭다 → 이롭다 | I93: Y | J93: SD-6 문화·제도 | K93: TD-1 축적·유통 | L93: 機利 | M93: 기회 이익 | N93: 베틀의 기틀이 이익의 기회로 옮겨감 | O93: 보통
A94: 93 | B94: 31 | C94: 86 | D94: 以爲機利 | E94: 今先生所須 | F94: 逈出流俗 | H94: 今=이제 · 先=먼저 · 生=낳다·살다 · 所=바·곳 | I94: N | O94: 보통
A95: 94 | B95: 33 | C95: 10 | D95: 緣何離鄕棲棲 | E95: 吳生曰 | F95: 爲賣買做生涯 | H95: 生=낳다·살다 · 曰=말하다 | I95: N | O95: 보통
A96: 95 | B96: 33 | C96: 11 | D96: 吳生曰 | E96: 爲賣買做生涯 | F96: 余曰 | G96: 買 賣 | H96: 爲=하다·되다 · 賣=팔다 · 買=사다 · 做=하다 (백화) · 生=낳다·살다 | I96: N | O96: 보통
A97: 96 | B97: 33 | C97: 12 | D97: 爲賣買做生涯 | E97: 余曰 | F97: 未知寶眷隨在此中否 | H97: 余=나 · 曰=말하다 | I97: N | O97: 보통
A98: 97 | B98: 34 | C98: 84 | D98: 實不相瞞 | E98: 亦非宣爐 | F98: 宣爐以臘茶水銀浸擦入肉 | H98: 亦=또한 · 非=아니다 | I98: N | O98: 보통
A99: 98 | B99: 34 | C99: 85 | D99: 亦非宣爐 | E99: 宣爐以臘茶水銀浸擦入肉 | F99: 更以金鑠爲泥 | G99: 銀 | H99: 以=~로써 · 茶=차 · 水=물 · 銀=은 · 浸=물에 잠기다 · 入=들다 | I99: N | O99: 보통
A100: 99 | B100: 34 | C100: 86 | D100: 宣爐以臘茶水銀浸擦入肉 | E100: 更以金鑠爲泥 | F100: 火久成赤 | H100: 以=~로써 · 金=쇠붙이 · 爲=하다·되다 | I100: N | O100: 보통
...

Sheet 일신수필
A1: 연번 | B1: 문단 | C1: 절번호 | D1: 앞 문맥(참고) | E1: ★ 판정 대상 절 ★ | F1: 뒤 문맥(참고) | G1: 트리거 | H1: 주요 글자의 기본 의미 | I1: 은유 여부 | J1: 원천 영역 | K1: 목표 영역 | L1: 원천 어휘 | M1: 목표 개념 | N1: 판정 근거 | O1: 확신도 | P1: 비고
A2: 1 | B2: 3 | C2: 20 | D2: 吾今疾書至此 | E2: 而一墨之頃 | F2: 不過瞬息 | H2: 而=말 잇는 조사 · 一=하나 · 之=가다 (조사로도 쓰임) | I2: N | O2: 보통
A3: 2 | B3: 3 | C3: 21 | D3: 而一墨之頃 | E3: 不過瞬息 | F3: 一瞬一息之頃 | G3: 息 | H3: 不=아니다 · 過=지나다 · 瞬=눈을 깜빡이다 · 息=숨쉬다 | I3: Y | J3: SD-2 신체·감각 | K3: TD-7 경물·감각 | L3: 瞬息 | M3: 시간의 체감 | N3: 눈 깜빡임과 숨이 시간의 단위로 옮겨감 | O3: 높음
A4: 3 | B4: 3 | C4: 22 | D4: 不過瞬息 | E4: 一瞬一息之頃 | F4: 奄成小古小今 | G4: 息 | H4: 一=하나 · 瞬=눈을 깜빡이다 · 息=숨쉬다 · 之=가다 (조사로도 쓰임) | I4: Y | J4: SD-2 신체·감각 | K4: TD-7 경물·감각 | L4: 一瞬一息 | M4: 시간의 체감 | N4: 눈 깜빡임과 숨이 시간의 단위로 옮겨감 | O4: 높음
A5: 4 | B5: 3 | C5: 23 | D5: 一瞬一息之頃 | E5: 奄成小古小今 | F5: 則一古一今 | H5: 成=이루다 · 小=작다 · 古=옛 · 今=이제 | I5: N | O5: 보통
A6: 5 | B6: 3 | C6: 25 | D6: 則一古一今 | E6: 亦可謂大瞬 | F6: 大息矣 | H6: 亦=또한 · 可=옳다·가하다 · 謂=이르다 · 大=크다 · 瞬=눈을 깜빡이다 | I6: Y | J6: SD-2 신체·감각 | K6: TD-7 경물·감각 | L6: 大瞬 | M6: 시간의 체감 | N6: 눈 깜빡임이 확대되어 큰 시간 단위로 옮겨감 | O6: 보통
A7: 6 | B7: 3 | C7: 26 | D7: 亦可謂大瞬 | E7: 大息矣 | F7: 乃欲立名立事於其間 | G7: 息 | H7: 大=크다 · 息=숨쉬다 · 矣=마치는 조사 | I7: N | O7: 보통
A8: 7 | B8: 3 | C8: 27 | D8: 大息矣 | E8: 乃欲立名立事於其間 | F8: 豈不哀哉 | H8: 乃=이에 · 欲=하고자 하다 · 立=서다 · 名=이름 · 事=일 · 於=~에 · 其=그 | I8: N | O8: 보통
A9: 8 | B9: 3 | C9: 35 | D9: 霧漫漫 | E9: 上承月光 | F9: 如水銀海 | H9: 上=위쪽 · 月=달 · 光=빛 | I9: N | O9: 보통
A10: 9 | B10: 3 | C10: 36 | D10: 上承月光 | E10: 如水銀海 | F10: 海底殷殷有聲如鼾鼻 | G10: 銀 | H10: 如=같다 · 水=물 · 銀=은 · 海=바다 | I10: Y | J10: SD-1 자연·물질 | K10: TD-7 경물·감각 | L10: 如水銀海 | M10: 달빛 어린 물결 | N10: 수은의 바다가 달빛 어린 물결로 옮겨감(직유) | O10: 높음
A11: 10 | B11: 3 | C11: 37 | D11: 如水銀海 | E11: 海底殷殷有聲如鼾鼻 | F11: 寺僧相語曰 | H11: 海=바다 · 有=있다 · 聲=소리 · 如=같다 | I11: Y | J11: SD-2 신체·감각 | K11: TD-7 경물·감각 | L11: 如鼾鼻 | M11: 물소리 | N11: 코 고는 소리가 물소리로 옮겨감(직유) | O11: 높음
A12: 11 | B12: 4 | C12: 60 | D12: 士庶人也薙髮 | E12: 雖功德侔殷周 | F12: 富强邁秦漢 | H12: 雖=비록 · 德=덕 · 周=두루 | I12: N | O12: 보통
A13: 12 | B13: 4 | C13: 61 | D13: 雖功德侔殷周 | E13: 富强邁秦漢 | F13: 自生民以來 | G13: 富 | H13: 富=재물이 넉넉하다 · 强=굳세다 · 邁=멀리 나아가다 · 漢=한나라·사내 | I13: Y | J13: SD-5 운동·시간 | K13: TD-2 권력·지배 | L13: 邁 | M13: 능가 | N13: 앞질러 감이 국력의 우월로 옮겨감 | O13: 보통
A14: 13 | B14: 4 | C14: 62 | D14: 富强邁秦漢 | E14: 自生民以來 | F14: 未有薙髮之天子也 | H14: 自=스스로 · 生=낳다·살다 · 民=백성 · 以=~로써 · 來=오다 | I14: N | O14: 보통
A15: 14 | B15: 4 | C15: 136 | D15: 固自 | E15: 在也 | F15: 正德利用厚生之具 | H15: 在=있다 · 也=단정하는 조사 | I15: N | O15: 보통
A16: 15 | B16: 4 | C16: 137 | D16: 在也 | E16: 正德利用厚生之具 | F16: 固自如也 | G16: 利 | H16: 正=바르다 · 德=덕 · 利=날이 날카롭다 → 이롭다 · 用=쓰다 · 厚=두껍다 · 生=낳다·살다 · 之=가다 (조사로도 쓰임) | I16: N | O16: 보통
A17: 16 | B17: 4 | C17: 138 | D17: 正德利用厚生之具 | E17: 固自如也 | F17: 崔盧王謝之氏族固不廢也 | H17: 自=스스로 · 如=같다 · 也=단정하는 조사 | I17: N | O17: 보통
A18: 17 | B18: 4 | C18: 145 | D18: 固不變也 | E18: 彼胡虜者 | F18: 誠知中國之可利 | H18: 彼=저 · 者=~하는 것·사람 | I18: N | O18: 보통
A19: 18 | B19: 4 | C19: 146 | D19: 彼胡虜者 | E19: 誠知中國之可利 | F19: 而足以久享 | G19: 利 | H19: 知=알다 · 中=가운데 · 國=나라 · 之=가다 (조사로도 쓰임) · 可=옳다·가하다 · 利=날이 날카롭다 → 이롭다 | I19: N | O19: 보통
A20: 19 | B20: 4 | C20: 147 | D20: 誠知中國之可利 | E20: 而足以久享 | F20: 則至於奪而據 | H20: 而=말 잇는 조사 · 足=발 · 以=~로써 · 久=오래되다 | I20: N | O20: 보통
A21: 20 | B21: 4 | C21: 151 | D21: 若固有之 | E21: 爲天下者 | F21: 苟利於民而厚於國 | H21: 爲=하다·되다 · 天=하늘 · 下=아래쪽 · 者=~하는 것·사람 | I21: N | O21: 보통
A22: 21 | B22: 4 | C22: 152 | D22: 爲天下者 | E22: 苟利於民而厚於國 | F22: 雖其法之或出於夷狄 | G22: 利 | H22: 利=날이 날카롭다 → 이롭다 · 於=~에 · 民=백성 · 而=말 잇는 조사 · 厚=두껍다 · 國=나라 | I22: Y | J22: SD-3 공간·방위 | K22: TD-2 권력·지배 | L22: 厚於國 | M22: 국익 | N22: 두께가 나라의 이로움으로 옮겨감 | O22: 보통
A23: 22 | B23: 4 | C23: 153 | D23: 苟利於民而厚於國 | E23: 雖其法之或出於夷狄 | F23: 固將取而則之 | H23: 雖=비록 · 其=그 · 法=법 · 之=가다 (조사로도 쓰임) · 或=혹 · 出=나가다 · 於=~에 | I23: N | O23: 보통
A24: 23 | B24: 4 | C24: 166 | D24: 自耕蠶陶冶 | E24: 以至通 | F24: 工惠商 | H24: 以=~로써 · 至=이르다 · 通=통하다 | I24: N | O24: 보통
A25: 24 | B25: 4 | C25: 167 | D25: 以至通 | E25: 工惠商 | F25: 莫不學焉 | G25: 商 | H25: 工=장인 · 商=장사하다 | I25: N | O25: 보통
A26: 25 | B26: 4 | C26: 168 | D26: 工惠商 | E26: 莫不學焉 | F26: 人十己百 | H26: 莫=없다 · 不=아니다 · 學=배우다 · 焉=어찌 | I26: N | O26: 보통
A27: 26 | B27: 4 | C27: 169 | D27: 莫不學焉 | E27: 人十己百 | F27: 先利吾民 | H27: 人=사람 · 十=열 · 百=일백 | I27: N | O27: 보통
A28: 27 | B28: 4 | C28: 170 | D28: 人十己百 | E28: 先利吾民 | F28: 使吾民制梃 | G28: 利 | H28: 先=먼저 · 利=날이 날카롭다 → 이롭다 · 吾=나 · 民=백성 | I28: N | O28: 보통
A29: 28 | B29: 4 | C29: 171 | D29: 先利吾民 | E29: 使吾民制梃 | F29: 而足以撻彼之堅甲利兵 | H29: 使=시키다 · 吾=나 · 民=백성 · 制=만들다·제도 | I29: N | O29: 보통
A30: 29 | B30: 4 | C30: 172 | D30: 使吾民制梃 | E30: 而足以撻彼之堅甲利兵 | F30: 然後謂中國無可觀可 | G30: 利 | H30: 而=말 잇는 조사 · 足=발 · 以=~로써 · 彼=저 · 之=가다 (조사로도 쓰임) · 利=날이 날카롭다 → 이롭다 · 兵=무기 | I30: N | O30: 보통
A31: 30 | B31: 4 | C31: 173 | D31: 而足以撻彼之堅甲利兵 | E31: 然後謂中國無可觀可 | F31: 也 | H31: 然=그러하다 · 後=뒤 · 謂=이르다 · 中=가운데 · 國=나라 · 無=없다 · 可=옳다·가하다 | I31: N | O31: 보통
A32: 31 | B32: 4 | C32: 184 | D32: 爲波濤之紋 | E32: 四合而成連環之形 | F32: 四背而成古魯錢 | H32: 四=넷 · 而=말 잇는 조사 · 成=이루다 · 連=잇다 · 之=가다 (조사로도 쓰임) · 形=모양 | I32: N | O32: 보통
A33: 32 | B33: 4 | C33: 185 | D33: 四合而成連環之形 | E33: 四背而成古魯錢 | F33: 嵌空玲瓏 | G33: 錢 | H33: 四=넷 · 而=말 잇는 조사 · 成=이루다 · 古=옛 · 錢=엽전 | I33: N | O33: 보통
A34: 33 | B34: 4 | C34: 186 | D34: 四背而成古魯錢 | E34: 嵌空玲瓏 | F34: 外內交映 | I34: N | O34: 보통
A35: 34 | B35: 4 | C35: 191 | D35: 之文章斯在矣 | E35: 民家門庭 | F35: 貧不能鋪甎 | H35: 民=백성 · 家=집 · 門=문 | I35: N | O35: 보통
A36: 35 | B36: 4 | C36: 192 | D36: 民家門庭 | E36: 貧不能鋪甎 | F36: 則聚諸色琉璃碎瓦及水邊小礫之磨圓者 | G36: 貧 | H36: 貧=재물이 모자라다 · 不=아니다 · 能=능하다 | I36: N | O36: 보통
A37: 36 | B37: 4 | C37: 193 | D37: 貧不能鋪甎 | E37: 則聚諸色琉璃碎瓦及水邊小礫之磨圓者 | F37: 錯成花樹鳥獸之形 | H37: 則=곧 · 諸=여러 · 色=빛깔 · 瓦=기와 · 及=미치다 · 水=물 · 邊=가장자리 · 小=작다 · 之=가다 (조사로도 쓰임) · 者=~하는 것·사람 | I37: N | O37: 보통
A38: 37 | B38: 6 | C38: 41 | D38: 舜封十有二山 | E38: 以醫巫閭爲幽州之鎭 | F38: 夏商周秦皆因之 | H38: 以=~로써 · 爲=하다·되다 · 州=고을 · 之=가다 (조사로도 쓰임) | I38: N | O38: 보통
A39: 38 | B39: 6 | C39: 42 | D39: 以醫巫閭爲幽州之鎭 | E39: 夏商周秦皆因之 | F39: 禮視嶽瀆 | G39: 商 | H39: 商=장사하다 · 周=두루 · 皆=모두 · 因=말미암다 · 之=가다 (조사로도 쓰임) | I39: N | O39: 보통
A40: 39 | B40: 6 | C40: 43 | D40: 夏商周秦皆因之 | E40: 禮視嶽瀆 | F40: 雖未知廟刱何代 | H40: 禮=예 | I40: N | O40: 보통
A41: 40 | B41: 6 | C41: 73 | D41: 純石架 | E41: 起棟椽甍檐 | F41: 不資一 | H41: 起=몸을 일으키다 | I41: N | O41: 보통
A42: 41 | B42: 6 | C42: 74 | D42: 起棟椽甍檐 | E42: 不資一 | F42: 木 | G42: 資 | H42: 不=아니다 · 資=밑천 · 一=하나 | I42: N | O42: 보통
A43: 42 | B43: 6 | C43: 75 | D43: 不資一 | E43: 木 | F43: 高四五丈 | I43: N | O43: 보통
A44: 43 | B44: 8 | C44: 12 | D44: 或綾緞或羽緞爲帳 | E44: 或垂緗 | F44: 簾用銀鈕 | H44: 或=혹 | I44: N | O44: 보통
A45: 44 | B45: 8 | C45: 13 | D45: 或垂緗 | E45: 簾用銀鈕 | F45: 開閉左右 | G45: 銀 | H45: 用=쓰다 · 銀=은 | I45: N | O45: 보통
A46: 45 | B46: 8 | C46: 14 | D46: 簾用銀鈕 | E46: 開閉左右 | F46: 傅玻瓈爲窓 | H46: 開=열다 · 閉=닫다 | I46: N | O46: 보통
A47: 46 | B47: 10 | C47: 17 | D47: 撑柱 | E47: 使不傾翻也 | F47: 沿路賣餠餌菓蓏者 | H47: 使=시키다 · 不=아니다 · 傾=한쪽으로 기울다 · 也=단정하는 조사 | I47: N | O47: 보통
A48: 47 | B48: 10 | C48: 18 | D48: 使不傾翻也 | E48: 沿路賣餠餌菓蓏者 | F48: 皆用獨輪車 | G48: 賣 | H48: 路=길 · 賣=팔다 · 者=~하는 것·사람 | I48: N | O48: 보통
A49: 48 | B49: 10 | C49: 19 | D49: 沿路賣餠餌菓蓏者 | E49: 皆用獨輪車 | F49: 尤便於田中輸糞 | H49: 皆=모두 · 用=쓰다 · 獨=홀로 · 車=수레 | I49: N | O49: 보통
A50: 49 | B50: 11 | C50: 4 | D50: 用旱之舟而能行之屋也 | E50: 有國之大用莫如車 | F50: 故周禮問國君之富 | H50: 有=있다 · 國=나라 · 之=가다 (조사로도 쓰임) · 大=크다 · 用=쓰다 · 莫=없다 · 如=같다 · 車=수레 | I50: N | O50: 보통
A51: 50 | B51: 11 | C51: 5 | D51: 有國之大用莫如車 | E51: 故周禮問國君之富 | F51: 數車以 | G51: 富 | H51: 故=까닭 · 周=두루 · 禮=예 · 問=묻다 · 國=나라 · 君=임금·그대 · 之=가다 (조사로도 쓰임) · 富=재물이 넉넉하다 | I51: N | O51: 보통
A52: 51 | B52: 11 | C52: 6 | D52: 故周禮問國君之富 | E52: 數車以 | F52: 對 | H52: 數=세다·수 · 車=수레 · 以=~로써 | I52: N | O52: 보통
A53: 52 | B53: 11 | C53: 61 | D53: 而亦莫不叱馭而過之 | E53: 是以關陜川蜀江淛閩廣之遠 | F53: 巨商大賈及絜眷赴官 | H53: 是=옳다·이것 · 以=~로써 · 關=빗장·관문 · 江=큰 강 · 廣=넓다 · 之=가다 (조사로도 쓰임) · 遠=멀다 | I53: N | O53: 보통
A54: 53 | B54: 11 | C54: 62 | D54: 是以關陜川蜀江淛閩廣之遠 | E54: 巨商大賈及絜眷赴官 | F54: 者 | G54: 商 賈 | H54: 商=장사하다 · 大=크다 · 賈=장사하다 · 及=미치다 · 官=벼슬 | I54: N | O54: 보통
A55: 54 | B55: 11 | C55: 63 | D55: 巨商大賈及絜眷赴官 | E55: 者 | F55: 車轂相擊 | H55: 者=~하는 것·사람 | I55: N | O55: 보통
A56: 55 | B56: 11 | C56: 74 | D56: 皆我人之所目擊 | E56: 亦有廢車而不行者乎 | F56: 所以中國之貨財殷富 | H56: 亦=또한 · 有=있다 · 廢=그만두다 · 車=수레 · 而=말 잇는 조사 · 不=아니다 · 行=걸어가다 · 者=~하는 것·사람 · 乎=의문의 조사 | I56: N | O56: 보통
A57: 56 | B57: 11 | C57: 75 | D57: 亦有廢車而不行者乎 | E57: 所以中國之貨財殷富 | F57: 不滯一方 | G57: 財 貨 富 | H57: 所=바·곳 · 以=~로써 · 中=가운데 · 國=나라 · 之=가다 (조사로도 쓰임) · 貨=사고파는 물건 · 財=재물 · 富=재물이 넉넉하다 | I57: N | O57: 보통
A58: 57 | B58: 11 | C58: 76 | D58: 所以中國之貨財殷富 | E58: 不滯一方 | F58: 流行貿 | H58: 不=아니다 · 滯=물이 막혀 고이다 · 一=하나 · 方=모나다·바야흐로 | I58: Y | J58: SD-1 자연·물질 | K58: TD-1 축적·유통 | L58: 不滯一方 | M58: 유통 | N58: 물이 막히지 않음이 재화의 순환으로 옮겨감 | O58: 높음
A59: 58 | B59: 11 | C59: 78 | D59: 流行貿 | E59: 遷 | F59: 皆用車之利也 | H59: 遷=옮겨 가다 | I59: N | O59: 보통
A60: 59 | B60: 11 | C60: 79 | D60: 遷 | E60: 皆用車之利也 | F60: 今以近效論之 | G60: 利 | H60: 皆=모두 · 用=쓰다 · 車=수레 · 之=가다 (조사로도 쓰임) · 利=날이 날카롭다 → 이롭다 · 也=단정하는 조사 | I60: N | O60: 보통
A61: 60 | B61: 11 | C61: 80 | D61: 皆用車之利也 | E61: 今以近效論之 | F61: 我使之行 | H61: 今=이제 · 以=~로써 · 之=가다 (조사로도 쓰임) | I61: N | O61: 보통
A62: 61 | B62: 11 | C62: 112 | D62: 關東之千筒蠭蜜 | E62: 爲民生日用 | F62: 而莫不欲相資而相生也 | H62: 爲=하다·되다 · 民=백성 · 生=낳다·살다 · 日=해·날 · 用=쓰다 | I62: N | O62: 보통
A63: 62 | B63: 11 | C63: 113 | D63: 爲民生日用 | E63: 而莫不欲相資而相生也 | F63: 然而此賤而彼貴 | G63: 資 | H63: 而=말 잇는 조사 · 莫=없다 · 不=아니다 · 欲=하고자 하다 · 相=서로 · 資=밑천 · 生=낳다·살다 · 也=단정하는 조사 | I63: N | O63: 보통
A64: 63 | B64: 11 | C64: 114 | D64: 而莫不欲相資而相生也 | E64: 然而此賤而彼貴 | F64: 聞名而不見者 | H64: 然=그러하다 · 而=말 잇는 조사 · 此=이것 · 賤=천하다 · 彼=저 · 貴=귀하다 | I64: N | O64: 보통
A65: 64 | B65: 11 | C65: 119 | D65: 由無力而致之耳 | E65: 方數千里之國 | F65: 民萌產業 | H65: 方=모나다·바야흐로 · 數=세다·수 · 千=일천 · 之=가다 (조사로도 쓰임) · 國=나라 | I65: N | O65: 보통
A66: 65 | B66: 11 | C66: 120 | D66: 方數千里之國 | E66: 民萌產業 | F66: 若是其貧 | G66: 產 | H66: 民=백성 · 萌=싹이 트다 · 業=생업 | I66: Y | J66: SD-1 자연·물질 | K66: TD-5 문명·제도 | L66: 民萌 | M66: 백성 | N66: 초목의 싹이 백성으로 옮겨감 | O66: 보통
A67: 66 | B67: 11 | C67: 121 | D67: 民萌產業 | E67: 若是其貧 | F67: 一言而蔽之曰車不行域中 | G67: 貧 | H67: 若=같다 · 是=옳다·이것 · 其=그 · 貧=재물이 모자라다 | I67: N | O67: 보통
A68: 67 | B68: 11 | C68: 122 | D68: 若是其貧 | E68: 一言而蔽之曰車不行域中 | F68: 請問其故 | H68: 一=하나 · 言=말하다 · 而=말 잇는 조사 · 之=가다 (조사로도 쓰임) · 曰=말하다 · 車=수레 · 不=아니다 · 行=걸어가다 · 中=가운데 | I68: N | O68: 보통
A69: 68 | B69: 11 | C69: 142 | D69: 竭其心思目力手技 | E69: 而又經幾工倕 | F69: 又經商鞅 | H69: 而=말 잇는 조사 · 又=또 · 經=베의 날실 · 幾=몇 · 工=장인 | I69: N | O69: 보통
A70: 69 | B70: 11 | C70: 143 | D70: 而又經幾工倕 | E70: 又經商鞅 | F70: 李斯一制度 | G70: 商 | H70: 又=또 · 經=베의 날실 · 商=장사하다 | I70: N | O70: 보통
A71: 70 | B71: 11 | C71: 144 | D71: 又經商鞅 | E71: 李斯一制度 | F71: 信縣官之學術 | H71: 一=하나 · 制=만들다·제도 | I71: N | O71: 보통
A72: 71 | B72: 11 | C72: 149 | D72: 其講之熟而行之要 | E72: 豈徒然哉 | F72: 誠以利生民之日用 | H72: 然=그러하다 | I72: N | O72: 보통
A73: 72 | B73: 11 | C73: 150 | D73: 豈徒然哉 | E73: 誠以利生民之日用 | F73: 而有國 | G73: 利 | H73: 以=~로써 · 利=날이 날카롭다 → 이롭다 · 生=낳다·살다 · 民=백성 · 之=가다 (조사로도 쓰임) · 日=해·날 · 用=쓰다 | I73: N | O73: 보통
A74: 73 | B74: 11 | C74: 151 | D74: 誠以利生民之日用 | E74: 而有國 | F74: 之大器也 | H74: 而=말 잇는 조사 · 有=있다 · 國=나라 | I74: N | O74: 보통
A75: 74 | B75: 12 | C75: 15 | D75: 農政全書 | E75: 有心人可取而細攷焉 | F75: 則吾東生民之貧瘁欲死 | H75: 有=있다 · 心=마음 · 人=사람 · 可=옳다·가하다 · 取=가지다 · 而=말 잇는 조사 · 焉=어찌 | I75: N | O75: 보통
A76: 75 | B76: 12 | C76: 16 | D76: 有心人可取而細攷焉 | E76: 則吾東生民之貧瘁欲死 | F76: 庶幾有瘳耳 | G76: 貧 | H76: 則=곧 · 吾=나 · 東=동쪽 · 生=낳다·살다 · 民=백성 · 之=가다 (조사로도 쓰임) · 貧=재물이 모자라다 · 瘁=병들어 야위다 · 欲=하고자 하다 · 死=죽다 | I76: N | O76: 보통
A77: 76 | B77: 12 | C77: 17 | D77: 則吾東生民之貧瘁欲死 | E77: 庶幾有瘳耳 | F77: 今以吾所目見救火之車 | H77: 幾=몇 · 有=있다 · 瘳=병이 낫다 · 耳=귀 | I77: Y | J77: SD-2 신체·감각 | K77: TD-1 축적·유통 | L77: 貧瘁 | M77: 피폐 | N77: 신체의 병듦이 민생의 피폐로 옮겨감 | O77: 보통
A78: 77 | B78: 15 | C78: 6 | D78: 繅車兩頭 | E78: 亦爲牙輪齟齬互當 | F78: 不息自轉 | H78: 亦=또한 · 爲=하다·되다 · 牙=어금니 · 當=마땅하다 | I78: N | O78: 보통
A79: 78 | B79: 15 | C79: 7 | D79: 亦爲牙輪齟齬互當 | E79: 不息自轉 | F79: 繅車者 | G79: 息 | H79: 不=아니다 · 息=숨쉬다 · 自=스스로 · 轉=굴러 돌다 | I79: Y | J79: SD-2 신체·감각 | K79: TD-6 기타 | L79: 不息自轉 | M79: 계속 돎 | N79: 숨이 그치지 않음이 기계의 연속 회전으로 옮겨감 | O79: 보통
A80: 79 | B80: 15 | C80: 8 | D80: 不息自轉 | E80: 繅車者 | F80: 大籰 | H80: 車=수레 · 者=~하는 것·사람 | I80: N | O80: 보통
A81: 80 | B81: 16 | C81: 8 | D81: 雜畵雲物 | E81: 雉雀亭頂 | F81: 或爛銀 | I81: N | O81: 보통
A82: 81 | B82: 16 | C82: 9 | D82: 雉雀亭頂 | E82: 或爛銀 | F82: 或結五色絲爲紐 | G82: 銀 | H82: 或=혹 · 銀=은 | I82: N | O82: 보통
A83: 82 | B83: 16 | C83: 10 | D83: 或爛銀 | E83: 或結五色絲爲紐 | F83: 雙轅長幾七八丈 | H83: 或=혹 · 五=다섯 · 色=빛깔 · 絲=실 · 爲=하다·되다 | I83: N | O83: 보통
A84: 83 | B84: 20 | C84: 2 | D84: 今行千餘里之間 | E84: 所經市舖若鳳城遼東盛京新民屯小黑山廣寧等處 | F84: 不無大小奢儉之別 | H84: 所=바·곳 · 經=베의 날실 · 市=저자 · 舖=가게 · 若=같다 · 城=성 · 東=동쪽 · 京=서울 · 新=새롭다 · 民=백성 | I84: N | O84: 보통
A85: 84 | B85: 20 | C85: 3 | D85: 所經市舖若鳳城遼東盛京新民屯小黑山廣寧等處 | E85: 不無大小奢儉之別 | F85: 而盛京爲最 | G85: 儉 奢 | H85: 不=아니다 · 無=없다 · 大=크다 · 小=작다 · 奢=사치하다 · 儉=검소하다 · 之=가다 (조사로도 쓰임) | I85: N | O85: 보통
A86: 85 | B86: 20 | C86: 4 | D86: 不無大小奢儉之別 | E86: 而盛京爲最 | F86: 皆紋窓繡戶 | H86: 而=말 잇는 조사 · 京=서울 · 爲=하다·되다 | I86: N | O86: 보통
A87: 86 | B87: 20 | C87: 14 | D87: 邊門僻奧 | E87: 更無進步之地 | F87: 而不特椅卓簾帷毡毯器什花草 | H87: 無=없다 · 進=나아가다 · 之=가다 (조사로도 쓰임) · 地=땅 | I87: N | O87: 보통
A88: 87 | B88: 20 | C88: 15 | D88: 更無進步之地 | E88: 而不特椅卓簾帷毡毯器什花草 | F88: 俱是刱覩 | G88: 什 | H88: 而=말 잇는 조사 · 不=아니다 · 器=그릇 · 什=열 | I88: N | O88: 보통
A89: 88 | B89: 20 | C89: 16 | D89: 而不特椅卓簾帷毡毯器什花草 | E89: 俱是刱覩 | F89: 其招牌認榜 | H89: 俱=함께 · 是=옳다·이것 | I89: N | O89: 보통
A90: 89 | B90: 20 | C90: 20 | D90: 卽其觀 | E90: 美 | F90: 浪費不啻千金 | I90: N | O90: 보통
A91: 90 | B91: 20 | C91: 21 | D91: 美 | E91: 浪費不啻千金 | F91: 盖不若是則賣買不旺 | G91: 千金 | H91: 浪=물결 · 不=아니다 · 千=일천 · 金=쇠붙이 | I91: Y | J91: SD-1 자연·물질 | K91: TD-1 축적·유통 | L91: 浪費 | M91: 낭비 | N91: 물결의 일렁임이 무분별한 지출로 옮겨감 | O91: 보통
A92: 91 | B92: 20 | C92: 22 | D92: 浪費不啻千金 | E92: 盖不若是則賣買不旺 | F92: 財神不祐 | G92: 買 賣 | H92: 不=아니다 · 若=같다 · 是=옳다·이것 · 則=곧 · 賣=팔다 · 買=사다 | I92: Y | J92: SD-1 자연·물질 | K92: TD-1 축적·유통 | L92: 賣買不旺 | M92: 장사의 부진 | N92: 불길의 성함이 매매의 번성으로 옮겨감 | O92: 보통
A93: 92 | B93: 20 | C93: 23 | D93: 盖不若是則賣買不旺 | E93: 財神不祐 | F93: 其所敬財神 | G93: 財 | H93: 財=재물 · 神=신령 · 不=아니다 | I93: Y | J93: SD-6 문화·제도 | K93: TD-1 축적·유통 | L93: 財神不祐 | M93: 상업의 성쇠 | N93: 신의 가호 관념이 장사의 흥망으로 옮겨감 | O93: 높음
A94: 93 | B94: 20 | C94: 24 | D94: 財神不祐 | E94: 其所敬財神 | F94: 多關公像 | G94: 財 | H94: 其=그 · 所=바·곳 · 財=재물 · 神=신령 | I94: N | O94: 보통
A95: 94 | B95: 20 | C95: 25 | D95: 其所敬財神 | E95: 多關公像 | F95: 供卓香火 | H95: 多=많다 · 關=빗장·관문 · 公=공변되다·귀인 | I95: N | O95: 보통
A96: 95 | B96: 20 | C96: 31 | D96: 推此則山海關以內 | E96: 可以預想矣 | H96: 可=옳다·가하다 · 以=~로써 · 矣=마치는 조사 | I96: N | O96: 보통
A97: 96 | B97: 21 | C97: 1 | E97: 小賈之行于道路者 | F97: 或高聲叫賣 | G97: 賈 | H97: 小=작다 · 賈=장사하다 · 之=가다 (조사로도 쓰임) · 行=걸어가다 · 道=길 · 路=길 · 者=~하는 것·사람 | I97: N | O97: 보통
A98: 97 | B98: 21 | C98: 2 | D98: 小賈之行于道路者 | E98: 或高聲叫賣 | F98: 而如賣靑布者 | G98: 賣 | H98: 或=혹 · 高=높다 · 聲=소리 · 賣=팔다 | I98: N | O98: 보통
A99: 98 | B99: 21 | C99: 3 | D99: 或高聲叫賣 | E99: 而如賣靑布者 | F99: 搖手中小鼗 | G99: 賣 | H99: 而=말 잇는 조사 · 如=같다 · 賣=팔다 · 布=베 · 者=~하는 것·사람 | I99: N | O99: 보통
A100: 99 | B100: 21 | C100: 4 | D100: 而如賣靑布者 | E100: 搖手中小鼗 | F100: 爲人開剃者 | H100: 手=손 · 中=가운데 · 小=작다 | I100: N | O100: 보통
...

Sheet 관내정사
A1: 연번 | B1: 문단 | C1: 절번호 | D1: 앞 문맥(참고) | E1: ★ 판정 대상 절 ★ | F1: 뒤 문맥(참고) | G1: 트리거 | H1: 주요 글자의 기본 의미 | I1: 은유 여부 | J1: 원천 영역 | K1: 목표 영역 | L1: 원천 어휘 | M1: 목표 개념 | N1: 판정 근거 | O1: 확신도 | P1: 비고
A2: 1 | B2: 4 | C2: 114 | D2: 渭謂高麗紙 | E2: 不宜畵 | F2: 惟錢厚者稍佳 | H2: 不=아니다 | I2: N | O2: 보통
A3: 2 | B3: 4 | C3: 115 | D3: 不宜畵 | E3: 惟錢厚者稍佳 | F3: 其不見可 | G3: 錢 | H3: 錢=엽전 · 厚=두껍다 · 者=~하는 것·사람 | I3: N | O3: 보통
A4: 3 | B4: 4 | C4: 116 | D4: 惟錢厚者稍佳 | E4: 其不見可 | F4: 如此 | H4: 其=그 · 不=아니다 · 見=보다 · 可=옳다·가하다 | I4: N | O4: 보통
A5: 4 | B5: 4 | C5: 208 | D5: 余進至池邊 | E5: 暫倚欄干而立 | F5: 堂中寂然屛息 | H5: 而=말 잇는 조사 · 立=서다 | I5: N | O5: 보통
A6: 5 | B6: 4 | C6: 209 | D6: 暫倚欄干而立 | E6: 堂中寂然屛息 | F6: 隱暎從簾隙偸看 | G6: 息 | H6: 中=가운데 · 然=그러하다 · 屛=숨을 죽이다 · 息=숨쉬다 | I6: Y | J6: SD-2 신체·감각 | K6: TD-7 경물·감각 | L6: 屛息 | M6: 실내의 고요 | N6: 숨을 죽임이 실내의 고요로 옮겨감 | O6: 보통
A7: 6 | B7: 4 | C7: 210 | D7: 堂中寂然屛息 | E7: 隱暎從簾隙偸看 | F7: 余徘徊 | H7: 從=좇다 · 隙=틈 | I7: N | O7: 보통
A8: 7 | B8: 4 | C8: 314 | D8: 至昌黎諸濱海之縣 | E8: 山氣尤佳 | F8: 禹貢碣石 | H8: 山=산 · 氣=기운 | I8: N | O8: 보통
A9: 8 | B9: 4 | C9: 315 | D9: 山氣尤佳 | E9: 禹貢碣石 | F9: 近在縣西二十里 | G9: 貢 | H9: 貢=바치는 물건 | I9: N | O9: 보통
A10: 9 | B10: 4 | C10: 316 | D10: 禹貢碣石 | E10: 近在縣西二十里 | F10: 曹操詩 | H10: 在=있다 · 西=서쪽 · 二=둘 · 十=열 | I10: N | O10: 보통
A11: 10 | B11: 4 | C11: 353 | D11: 抱城逶迤 | E11: 地形甚似平壤 | F11: 而昭曠倍之 | H11: 地=땅 · 形=모양 · 平=평평하다 | I11: N | O11: 보통
A12: 11 | B12: 4 | C12: 354 | D12: 地形甚似平壤 | E12: 而昭曠倍之 | F12: 而但無大同淸江耳 | G12: 倍 | H12: 而=말 잇는 조사 · 倍=갑절 · 之=가다 (조사로도 쓰임) | I12: N | O12: 보통
A13: 12 | B13: 4 | C13: 355 | D13: 而昭曠倍之 | E13: 而但無大同淸江耳 | F13: 世傳金學士黃元登浮 | H13: 而=말 잇는 조사 · 無=없다 · 大=크다 · 同=같다 · 淸=맑다 · 江=큰 강 · 耳=귀 | I13: N | O13: 보통
A14: 13 | B14: 4 | C14: 389 | D14: 輔之地 | E14: 廬舍市舖 | F14: 繁富倍他 | H14: 市=저자 · 舖=가게 | I14: N | O14: 보통
A15: 14 | B15: 4 | C15: 390 | D15: 廬舍市舖 | E15: 繁富倍他 | F15: 進士牌額 | G15: 富 倍 | H15: 繁=초목이 우거지다 · 富=재물이 넉넉하다 · 倍=갑절 | I15: Y | J15: SD-1 자연·물질 | K15: TD-5 문명·제도 | L15: 繁富 | M15: 번성 | N15: 초목의 무성함이 마을의 융성으로 옮겨감 | O15: 보통
A16: 15 | B16: 4 | C16: 391 | D16: 繁富倍他 | E16: 進士牌額 | F16: 比撫寧尤盛 | H16: 進=나아가다 · 士=선비 | I16: N | O16: 보통
A17: 16 | B17: 4 | C17: 397 | D17: 偶入一宅 | E17: 方張燈 | F17: 刻高麗進貢圖 | H17: 方=모나다·바야흐로 | I17: N | O17: 보통
A18: 17 | B18: 4 | C18: 398 | D18: 方張燈 | E18: 刻高麗進貢圖 | F18: 沿路店壁 | G18: 貢 | H18: 高=높다 · 麗=곱다 · 進=나아가다 · 貢=바치는 물건 | I18: N | O18: 보통
A19: 18 | B19: 4 | C19: 399 | D19: 刻高麗進貢圖 | E19: 沿路店壁 | F19: 多貼此畵 | H19: 路=길 | I19: N | O19: 보통
A20: 19 | B20: 4 | C20: 435 | D20: 墨鱗成堆 | E20: 破敗荒陋 | F20: 不直一錢 | H20: 敗=싸움에 지다 · 荒=땅이 거칠어지다 | I20: N | O20: 보통
A21: 20 | B21: 4 | C21: 436 | D21: 破敗荒陋 | E21: 不直一錢 | F21: 第觀胡生擧措 | G21: 錢 | H21: 不=아니다 · 一=하나 · 錢=엽전 | I21: N | O21: 보통
A22: 21 | B22: 4 | C22: 437 | D22: 不直一錢 | E22: 第觀胡生擧措 | F22: 眞若絶世奇寶 | H22: 生=낳다·살다 | I22: N | O22: 보통
A23: 22 | B23: 4 | C23: 457 | D23: 曰 | E23: 晡刻貴國金相公 | F23: 來弊舖賣此 | H23: 貴=귀하다 · 國=나라 · 金=쇠붙이 · 相=서로 · 公=공변되다·귀인 | I23: N | O23: 보통
A24: 23 | B24: 4 | C24: 458 | D24: 晡刻貴國金相公 | E24: 來弊舖賣此 | F24: 金相公老實人 | G24: 賣 | H24: 來=오다 · 舖=가게 · 賣=팔다 · 此=이것 | I24: N | O24: 보통
A25: 24 | B25: 4 | C25: 459 | D25: 來弊舖賣此 | E25: 金相公老實人 | F25: 與俺情同嫡親兄弟 | H25: 金=쇠붙이 · 相=서로 · 公=공변되다·귀인 · 老=늙다 · 實=차다 · 人=사람 | I25: N | O25: 보통
A26: 25 | B26: 4 | C26: 460 | D26: 金相公老實人 | E26: 與俺情同嫡親兄弟 | F26: 俺以三兩五分紋銀收買 | H26: 與=주다 · 同=같다 | I26: Y | J26: SD-6 문화·제도 | K26: TD-6 기타 | L26: 情同嫡親兄弟 | M26: 친분 | N26: 친족 관계가 교분의 정도로 옮겨감(직유) | O26: 보통
A27: 26 | B27: 4 | C27: 461 | D27: 與俺情同嫡親兄弟 | E27: 俺以三兩五分紋銀收買 | F27: 改裝時直不下七兩 | G27: 買 銀 | H27: 以=~로써 · 三=셋 · 兩=두 개·무게 단위 · 五=다섯 · 分=나누다 · 銀=은 · 收=거두다 · 買=사다 | I27: N | O27: 보통
A28: 27 | B28: 4 | C28: 462 | D28: 俺以三兩五分紋銀收買 | E28: 改裝時直不下七兩 | F28: 但無畵 | H28: 時=때 · 不=아니다 · 下=아래쪽 · 七=일곱 · 兩=두 개·무게 단위 | I28: N | O28: 보통
A29: 28 | B29: 4 | C29: 469 | D29: 主人亦設酒果 | E29: 大約我國書畵 | F29: 什無年號 | H29: 大=크다 · 我=나 · 國=나라 · 書=글 | I29: N | O29: 보통
A30: 29 | B30: 4 | C30: 470 | D30: 大約我國書畵 | E30: 什無年號 | F30: 又不肯書名字 | G30: 什 | H30: 什=열 · 無=없다 · 年=해 | I30: N | O30: 보통
A31: 30 | B31: 4 | C31: 471 | D31: 什無年號 | E31: 又不肯書名字 | F31: 詩軸所題 | H31: 又=또 · 不=아니다 · 書=글 · 名=이름 | I31: N | O31: 보통
A32: 31 | B32: 4 | C32: 492 | D32: 故到處向人 | E32: 輒呼炒卵二字 | F32: 以試其舌頭利澀 | H32: 二=둘 | I32: N | O32: 보통
A33: 32 | B33: 4 | C33: 493 | D33: 輒呼炒卵二字 | E33: 以試其舌頭利澀 | F33: 因此號鄭爲炒卵公 | G33: 利 | H33: 以=~로써 · 其=그 · 舌=혀 · 頭=머리 · 利=날이 날카롭다 → 이롭다 | I33: Y | J33: SD-2 신체·감각 | K33: TD-7 경물·감각 | L33: 舌頭利澀 | M33: 발음의 감각 | N33: 혀의 매끄러움과 껄끄러움이 발음의 정확도로 옮겨감 | O33: 보통
A34: 33 | B34: 4 | C34: 494 | D34: 以試其舌頭利澀 | E34: 因此號鄭爲炒卵公 | F34: 我東優戱爲假面 | H34: 因=말미암다 · 此=이것 · 爲=하다·되다 · 公=공변되다·귀인 | I34: N | O34: 보통
A35: 34 | B35: 4 | C35: 502 | D35: 相與大笑 | E35: 備說其由 | F35: 欲贈其價 | H35: 其=그 | I35: N | O35: 보통
A36: 35 | B36: 4 | C36: 503 | D36: 備說其由 | E36: 欲贈其價 | F36: 主人大慚曰 | G36: 價 | H36: 欲=하고자 하다 · 其=그 · 價=값 | I36: N | O36: 보통
A37: 36 | B37: 4 | C37: 504 | D37: 欲贈其價 | E37: 主人大慚曰 | F37: 此非酒飯店 | H37: 主=주인 · 人=사람 · 大=크다 · 曰=말하다 | I37: N | O37: 보통
A38: 37 | B38: 36 | C38: 27 | D38: 朝氣微凉 | E38: 城外臨水開市 | F38: 百貨塡咽 | H38: 城=성 · 外=바깥 · 水=물 · 開=열다 · 市=저자 | I38: N | O38: 보통
A39: 38 | B39: 36 | C39: 28 | D39: 城外臨水開市 | E39: 百貨塡咽 | F39: 車馬縱橫 | G39: 貨 | H39: 百=일백 · 貨=사고파는 물건 · 塡=메워 채우다 · 咽=목구멍 | I39: Y | J39: SD-2 신체·감각 | K39: TD-1 축적·유통 | L39: 百貨塡咽 | M39: 혼잡 | N39: 목구멍이 막힘이 시장의 물화 집중으로 옮겨감 | O39: 높음
A40: 39 | B40: 36 | C40: 29 | D40: 百貨塡咽 | E40: 車馬縱橫 | F40: 自入市中 | H40: 車=수레 · 馬=말 · 縱=줄을 놓다 | I40: N | O40: 보통
A41: 40 | B41: 36 | C41: 30 | D41: 車馬縱橫 | E41: 自入市中 | F41: 買兩個蘋果 | H41: 自=스스로 · 入=들다 · 市=저자 · 中=가운데 | I41: N | O41: 보통
A42: 41 | B42: 36 | C42: 31 | D42: 自入市中 | E42: 買兩個蘋果 | F42: 傍有擔籠者 | G42: 買 | H42: 買=사다 · 兩=두 개·무게 단위 · 個=낱 | I42: N | O42: 보통
A43: 42 | B43: 36 | C43: 32 | D43: 買兩個蘋果 | E43: 傍有擔籠者 | F43: 開籠出水晶盒五 | H43: 有=있다 · 者=~하는 것·사람 | I43: N | O43: 보통
A44: 43 | B44: 36 | C44: 133 | D44: 寒戰搐搦 | E44: 緊閉兩目 | F44: 氣息將絶 | H44: 閉=닫다 · 兩=두 개·무게 단위 · 目=눈 | I44: N | O44: 보통
A45: 44 | B45: 36 | C45: 134 | D45: 緊閉兩目 | E45: 氣息將絶 | F45: 少焉風雨小歇 | G45: 息 | H45: 氣=기운 · 息=숨쉬다 | I45: N | O45: 보통
A46: 45 | B46: 36 | C46: 135 | D46: 氣息將絶 | E46: 少焉風雨小歇 | F46: 面面相視 | H46: 少=적다 · 焉=어찌 · 風=바람 · 小=작다 | I46: N | O46: 보통
A47: 46 | B47: 40 | C47: 62 | D47: 有愚人者 | E47: 復曰淡菜似龍眼 | F47: 錢塘似飛燕 | H47: 曰=말하다 | I47: Y | J47: SD-1 자연·물질 | K47: TD-7 경물·감각 | L47: 淡菜似龍眼 | M47: 사물의 형상 | N47: 열매가 사물의 형상으로 옮겨감(직유) | O47: 보통
A48: 47 | B48: 40 | C48: 63 | D48: 復曰淡菜似龍眼 | E48: 錢塘似飛燕 | F48: 何如爾哉 | G48: 錢 | H48: 錢=엽전 · 燕=제비·연나라 | I48: Y | J48: SD-1 자연·물질 | K48: TD-7 경물·감각 | L48: 錢塘似飛燕 | M48: 사물의 형상 | N48: 제비가 조수의 형상으로 옮겨감(직유) | O48: 보통
A49: 48 | B49: 40 | C49: 64 | D49: 錢塘似飛燕 | E49: 何如爾哉 | H49: 何=무엇 · 如=같다 | I49: N | O49: 보통
A50: 49 | B50: 43 | C50: 116 | D50: 首視盆中 | E50: 爲不忘春秋之義也 | F50: 遂相與賦詩 | H50: 爲=하다·되다 · 不=아니다 · 春=봄 · 秋=가을 · 之=가다 (조사로도 쓰임) · 義=옳음 · 也=단정하는 조사 | I50: N | O50: 보통
A51: 50 | B51: 43 | C51: 117 | D51: 爲不忘春秋之義也 | E51: 遂相與賦詩 | F51: 一童子題之曰 | G51: 賦 | H51: 遂=마침내 · 相=서로 · 與=주다 · 賦=거두는 세 | I51: N | O51: 보통
A52: 51 | B52: 43 | C52: 118 | D52: 遂相與賦詩 | E52: 一童子題之曰 | F52: 武王若敗崩 | H52: 一=하나 · 子=아들 · 之=가다 (조사로도 쓰임) · 曰=말하다 | I52: N | O52: 보통
A53: 52 | B53: 43 | C53: 131 | D53: 早辨 | E53: 故乃爲此恠談也 | F53: 可賦卽景 | H53: 故=까닭 · 乃=이에 · 爲=하다·되다 · 此=이것 · 也=단정하는 조사 | I53: N | O53: 보통
A54: 53 | B54: 43 | C54: 132 | D54: 故乃爲此恠談也 | E54: 可賦卽景 | F54: 又有一童子題之曰 | G54: 賦 | H54: 可=옳다·가하다 · 賦=거두는 세 | I54: N | O54: 보통
A55: 54 | B55: 43 | C55: 133 | D55: 可賦卽景 | E55: 又有一童子題之曰 | F55: 採薇不眞飽 | H55: 又=또 · 有=있다 · 一=하나 · 子=아들 · 之=가다 (조사로도 쓰임) · 曰=말하다 | I55: N | O55: 보통
A56: 55 | B56: 43 | C56: 241 | D56: 大約唐畵美人圖中所見也 | E56: 老漢乃舘主 | F56: 兩少年皆山東客商 | H56: 老=늙다 · 漢=한나라·사내 · 乃=이에 · 主=주인 | I56: N | O56: 보통
A57: 56 | B57: 43 | C57: 242 | D57: 老漢乃舘主 | E57: 兩少年皆山東客商 | F57: 余 | G57: 商 | H57: 兩=두 개·무게 단위 · 少=적다 · 年=해 · 皆=모두 · 山=산 · 東=동쪽 · 客=손님 · 商=장사하다 | I57: N | O57: 보통
A58: 57 | B58: 43 | C58: 243 | D58: 兩少年皆山東客商 | E58: 余 | F58: 目象三請其彈吹 | H58: 余=나 | I58: N | O58: 보통
A59: 58 | B59: 43 | C59: 274 | D59: 否也 | E59: 俺 | F59: 是民家做賣買少年 | I59: N | O59: 보통
A60: 59 | B60: 43 | C60: 275 | D60: 俺 | E60: 是民家做賣買少年 | F60: 又唱一詞 | G60: 買 賣 | H60: 是=옳다·이것 · 民=백성 · 家=집 · 做=하다 (백화) · 賣=팔다 · 買=사다 · 少=적다 · 年=해 | I60: N | O60: 보통
A61: 60 | B61: 43 | C61: 276 | D61: 是民家做賣買少年 | E61: 又唱一詞 | F61: 諸妓或皷檀板 | H61: 又=또 · 一=하나 | I61: N | O61: 보통
A62: 61 | B62: 43 | C62: 291 | D62: 塵埃野馬 | E62: 東流不盡江河瀉 | F62: 向來爭奪名利人 | H62: 東=동쪽 · 流=물이 흐르다 · 不=아니다 · 盡=다하다 · 江=큰 강 · 瀉=물이 쏟아지다 | I62: Y | J62: SD-1 자연·물질 | K62: TD-7 경물·감각 | L62: 江河瀉 | M62: 세월의 흐름 | N62: 강물의 쏟아짐이 세월의 흐름으로 옮겨감 | O62: 보통
A63: 62 | B63: 43 | C63: 292 | D63: 東流不盡江河瀉 | E63: 向來爭奪名利人 | F63: 百歲幾個長存者 | G63: 利 | H63: 來=오다 · 爭=다투다 · 奪=빼앗다 · 名=이름 · 利=날이 날카롭다 → 이롭다 · 人=사람 | I63: N | O63: 보통
A64: 63 | B64: 43 | C64: 293 | D64: 向來爭奪名利人 | E64: 百歲幾個長存者 | F64: 柳絲絲繼唱曰 | H64: 百=일백 · 歲=한 해 · 幾=몇 · 個=낱 · 長=길다·자라다 · 存=있다 · 者=~하는 것·사람 | I64: N | O64: 보통
A65: 64 | B65: 43 | C65: 304 | D65: 象三復請續唱 | E65: 絲絲流眼曰 | F65: 買菜乎求益也 | H65: 絲=실 · 流=물이 흐르다 · 曰=말하다 | I65: Y | J65: SD-1 자연·물질 | K65: TD-7 경물·감각 | L65: 流眼 | M65: 눈물 | N65: 물의 흐름이 눈물로 옮겨감 | O65: 보통
A66: 65 | B66: 43 | C66: 305 | D66: 絲絲流眼曰 | E66: 買菜乎求益也 | F66: 其少 | G66: 買 | H66: 買=사다 · 乎=의문의 조사 · 求=구하다 · 益=더하다 · 也=단정하는 조사 | I66: N | O66: 보통
A67: 66 | B67: 43 | C67: 306 | D67: 買菜乎求益也 | E67: 其少 | F67: 年自鼓琵琶 | H67: 其=그 · 少=적다 | I67: N | O67: 보통
A68: 67 | B68: 43 | C68: 321 | D68: 且盡尊中美酒 | E68: 閒聽月下高歌 | F68: 功名富貴竟如何 | H68: 閒=틈·한가하다 · 月=달 · 下=아래쪽 · 高=높다 | I68: N | O68: 보통
A69: 68 | B69: 43 | C69: 322 | D69: 閒聽月下高歌 | E69: 功名富貴竟如何 | F69: 莫問收塲結果 | G69: 富 | H69: 名=이름 · 富=재물이 넉넉하다 · 貴=귀하다 · 如=같다 · 何=무엇 | I69: N | O69: 보통
A70: 69 | B70: 43 | C70: 323 | D70: 功名富貴竟如何 | E70: 莫問收塲結果 | F70: 音聲頗厲 | H70: 莫=없다 · 問=묻다 · 收=거두다 | I70: N | O70: 보통
A71: 70 | B71: 43 | C71: 328 | D71: 再鳳亦隨出 | E71: 再鳳言象三 | F71: 給館主銀二兩 | H71: 言=말하다 · 三=셋 | I71: N | O71: 보통
A72: 71 | B72: 43 | C72: 329 | D72: 再鳳言象三 | E72: 給館主銀二兩 | F72: 大口魚 | G72: 銀 | H72: 給=주다 · 主=주인 · 銀=은 · 二=둘 · 兩=두 개·무게 단위 | I72: N | O72: 보통
A73: 72 | B73: 43 | C73: 330 | D73: 給館主銀二兩 | E73: 大口魚 | F73: 一尾 | H73: 大=크다 · 口=입 · 魚=물고기 | I73: N | O73: 보통
A74: 73 | B74: 43 | C74: 332 | D74: 一尾 | E74: 扇一柄云 | F74: 尋息菴金公所觀 | H74: 一=하나 · 云=이르다 | I74: N | O74: 보통
A75: 74 | B75: 43 | C75: 333 | D75: 扇一柄云 | E75: 尋息菴金公所觀 | F75: 季文蘭題詩 | G75: 息 | H75: 息=숨쉬다 · 金=쇠붙이 · 公=공변되다·귀인 · 所=바·곳 | I75: N | O75: 보통
A76: 75 | B76: 43 | C76: 334 | D76: 尋息菴金公所觀 | E76: 季文蘭題詩 | F76: 而不可見矣 | H76: 文=무늬·글 | I76: N | O76: 보통
A77: 76 | B77: 43 | C77: 409 | D77: 休休有長者風 | E77: 但酬酢之際 | F77: 不離賣買 | H77: 之=가다 (조사로도 쓰임) | I77: N | O77: 보통
A78: 77 | B78: 43 | C78: 410 | D78: 但酬酢之際 | E78: 不離賣買 | F78: 胡生爲贈松下仙人圖 | G78: 買 賣 | H78: 不=아니다 · 賣=팔다 · 買=사다 | I78: N | O78: 보통
A79: 78 | B79: 43 | C79: 411 | D79: 不離賣買 | E79: 胡生爲贈松下仙人圖 | F79: 林生亦贈畵扇一柄 | H79: 生=낳다·살다 · 爲=하다·되다 · 下=아래쪽 · 人=사람 | I79: N | O79: 보통
A80: 79 | B80: 44 | C80: 43 | D80: 行至高麗堡 | E80: 廬舍皆茅茨 | F80: 最寒儉 | H80: 皆=모두 | I80: N | O80: 보통
A81: 80 | B81: 44 | C81: 44 | D81: 廬舍皆茅茨 | E81: 最寒儉 | F81: 不問可知爲高麗堡也 | G81: 儉 | H81: 寒=춥다 · 儉=검소하다 | I81: N | O81: 보통
A82: 81 | B82: 44 | C82: 45 | D82: 最寒儉 | E82: 不問可知爲高麗堡也 | F82: 丁丑被擄人 | H82: 不=아니다 · 問=묻다 · 可=옳다·가하다 · 知=알다 · 爲=하다·되다 · 高=높다 · 麗=곱다 · 也=단정하는 조사 | I82: N | O82: 보통
A83: 82 | B83: 44 | C83: 59 | D83: 到古國 | E83: 多有流涕者 | F83: 馹卒輩因以爲利 | H83: 多=많다 · 有=있다 · 流=물이 흐르다 · 者=~하는 것·사람 | I83: N | O83: 보통
A84: 83 | B84: 44 | C84: 60 | D84: 多有流涕者 | E84: 馹卒輩因以爲利 | F84: 多白喫酒食 | G84: 利 | H84: 輩=무리 · 因=말미암다 · 以=~로써 · 爲=하다·되다 · 利=날이 날카롭다 → 이롭다 | I84: N | O84: 보통
A85: 84 | B85: 44 | C85: 61 | D85: 馹卒輩因以爲利 | E85: 多白喫酒食 | F85: 或別討器服 | H85: 多=많다 · 酒=술 · 食=먹다 | I85: N | O85: 보통
A86: 85 | B86: 44 | C86: 69 | D86: 每値使行 | E86: 則閉藏酒食 | F86: 不肯賣買 | H86: 則=곧 · 閉=닫다 · 酒=술 · 食=먹다 | I86: N | O86: 보통
A87: 86 | B87: 44 | C87: 70 | D87: 則閉藏酒食 | E87: 不肯賣買 | F87: 懇要然後乃賣 | G87: 買 賣 | H87: 不=아니다 · 賣=팔다 · 買=사다 | I87: N | O87: 보통
A88: 87 | B88: 44 | C88: 71 | D88: 不肯賣買 | E88: 懇要然後乃賣 | F88: 而必討厚價 | G88: 賣 | H88: 要=구하다 · 然=그러하다 · 後=뒤 · 乃=이에 · 賣=팔다 | I88: N | O88: 보통
A89: 88 | B89: 44 | C89: 72 | D89: 懇要然後乃賣 | E89: 而必討厚價 | F89: 或先捧其價 | G89: 價 | H89: 而=말 잇는 조사 · 必=반드시 · 厚=두껍다 · 價=값 | I89: Y | J89: SD-3 공간·방위 | K89: TD-1 축적·유통 | L89: 厚價 | M89: 비싼 값 | N89: 두께가 값의 높음으로 옮겨감 | O89: 보통
A90: 89 | B90: 44 | C90: 73 | D90: 而必討厚價 | E90: 或先捧其價 | F90: 馹 | G90: 價 | H90: 或=혹 · 先=먼저 · 其=그 · 價=값 | I90: N | O90: 보통
A91: 90 | B91: 44 | C91: 74 | D91: 或先捧其價 | E91: 馹 | F91: 卒必百計欺詐 | I91: N | O91: 보통
A92: 91 | B92: 44 | C92: 113 | D92: 刷驅曰 | E92: 吾馬方虗氣 | F92: 要賣麥屑 | H92: 吾=나 · 馬=말 · 方=모나다·바야흐로 · 氣=기운 | I92: N | O92: 보통
A93: 92 | B93: 44 | C93: 114 | D93: 吾馬方虗氣 | E93: 要賣麥屑 | F93: 爾何故 | G93: 賣 | H93: 要=구하다 · 賣=팔다 | I93: N | O93: 보통
A94: 93 | B94: 44 | C94: 115 | D94: 要賣麥屑 | E94: 爾何故 | F94: 打人 | H94: 何=무엇 · 故=까닭 | I94: N | O94: 보통
A95: 94 | B95: 44 | C95: 176 | D95: 余牢辭若一認義 | E95: 則回還時 | F95: 必以京貨給與 | H95: 則=곧 · 還=돌아오다 · 時=때 | I95: N | O95: 보통
A96: 95 | B96: 44 | C96: 177 | D96: 則回還時 | E96: 必以京貨給與 | F96: 作爲情禮 | G96: 貨 | H96: 必=반드시 · 以=~로써 · 京=서울 · 貨=사고파는 물건 · 給=주다 · 與=주다 | I96: N | O96: 보통
A97: 96 | B97: 44 | C97: 178 | D97: 必以京貨給與 | E97: 作爲情禮 | F97: 此馬頭輩例事云 | H97: 爲=하다·되다 · 禮=예 | I97: N | O97: 보통
A98: 97 | B98: 44 | C98: 275 | D98: 然則何從得此 | E98: 沈曰 | F98: 曩於薊州市日收買 | H98: 曰=말하다 | I98: N | O98: 보통
A99: 98 | B99: 44 | C99: 276 | D99: 沈曰 | E99: 曩於薊州市日收買 | F99: 余曰 | G99: 買 | H99: 於=~에 · 州=고을 · 市=저자 · 日=해·날 · 收=거두다 · 買=사다 | I99: N | O99: 보통
A100: 99 | B100: 44 | C100: 277 | D100: 曩於薊州市日收買 | E100: 余曰 | F100: 可許謄去否 | H100: 余=나 · 曰=말하다 | I100: N | O100: 보통
...

Sheet 옥갑야화
A1: 연번 | B1: 문단 | C1: 절번호 | D1: 앞 문맥(참고) | E1: ★ 판정 대상 절 ★ | F1: 뒤 문맥(참고) | G1: 트리거 | H1: 주요 글자의 기본 의미 | I1: 직역 | J1: 의역 | K1: 은유 여부 | L1: 원천 영역 | M1: 목표 영역 | N1: 원천 어휘 | O1: 목표 개념 | P1: 판정 근거 | Q1: 확신도 | R1: 비고
A2: 1 | B2: 2 | C2: 3 | D2: 與諸裨連牀夜語 | E2: 燕京舊時風俗淳厚 | F2: 譯輩雖萬金能相假貸 | H2: 燕=제비·연나라 · 京=서울 · 舊=옛 · 時=때 · 風=바람 · 俗=풍속 · 厚=두껍다 | I2: 연경의 옛 풍속은 순박하고 두터워 | J2: 연경의 옛 인심은 순박하고 후해서 | K2: Y | L2: SD-1 자연·물질 | M2: TD-5 문명·제도 | N2: 淳厚 | O2: 인심 | P2: 액체의 순도와 두께로 풍속을 말함 | Q2: 낮음
A3: 2 | B3: 2 | C3: 4 | D3: 燕京舊時風俗淳厚 | E3: 譯輩雖萬金能相假貸 | F3: 今則彼以欺詐爲能事 | G3: 萬金 | H3: 譯=통역하다 · 輩=무리 · 雖=비록 · 萬=일만 · 金=쇠붙이 · 能=능하다 · 相=서로 | I3: 역관 무리가 만금이라도 서로 빌려줄 수 있었다 | J3: 역관들끼리 만금이라도 서로 꾸어 주었다 | K3: N | Q3: 보통
A4: 3 | B4: 2 | C4: 5 | D4: 譯輩雖萬金能相假貸 | E4: 今則彼以欺詐爲能事 | F4: 而其 | H4: 今=이제 · 則=곧 · 彼=저 · 以=~로써 · 爲=하다·되다 · 能=능하다 · 事=일 | I4: 이제는 저들이 속임수를 능사로 삼는데 | J4: 이제는 저들이 속임수를 능사로 삼는데 | K4: N | Q4: 보통
A5: 4 | B5: 2 | C5: 14 | D5: 對曰 | E5: 渡江 | F5: 時潛挾他人銀 | H5: 江=큰 강 | I5: 강을 건널 | J5: 강을 건널 | K5: N | Q5: 보통
A6: 5 | B6: 2 | C6: 15 | D6: 渡江 | E6: 時潛挾他人銀 | F6: 事發 | G6: 銀 | H6: 時=때 · 潛=물속에 잠기다 · 人=사람 · 銀=은 | I6: 때 남의 은을 몰래 끼고 있다가 | J6: 때 남의 은을 몰래 지니고 있다가 | K6: Y | L6: SD-1 자연·물질 | M6: TD-1 축적·유통 | N6: 潛 | O6: 은닉 | P6: 물속에 잠김이 은밀한 소지로 옮겨감 | Q6: 보통
A7: 6 | B7: 2 | C7: 16 | D7: 時潛挾他人銀 | E7: 事發 | F7: 倂已包沒于官 | H7: 事=일 | I7: 일이 발각되어 | J7: 일이 들통나 | K7: N | Q7: 보통
A8: 7 | B8: 2 | C8: 24 | D8: 奪 | E8: 刀問曰 | F8: 所沒銀幾何 | H8: 問=묻다 · 曰=말하다 | I8: 칼을 빼앗고 물었다 | J8: 칼을 빼앗고 물었다 | K8: N | Q8: 보통
A9: 8 | B9: 2 | C9: 25 | D9: 刀問曰 | E9: 所沒銀幾何 | F9: 曰 | G9: 銀 | H9: 所=바·곳 · 沒=물에 빠져 가라앉다 · 銀=은 · 幾=몇 · 何=무엇 | I9: 몰수당한 은이 얼마인가 | J9: 몰수당한 은이 얼마나 되는가 | K9: Y | L9: SD-1 자연·물질 | M9: TD-1 축적·유통 | N9: 沒 | O9: 몰수 | P9: 물에 잠겨 사라짐이 재산 몰수로 옮겨감 | Q9: 보통
A10: 9 | B10: 2 | C10: 26 | D10: 所沒銀幾何 | E10: 曰 | F10: 三千兩 | H10: 曰=말하다 | I10: 말하기를 | J10: 대답하기를 | K10: N | Q10: 보통
A11: 10 | B11: 2 | C11: 29 | D11: 主顧慰曰 | E11: 大丈夫獨患無身 | F11: 何患無銀 | H11: 大=크다 · 夫=사내·무릇 · 獨=홀로 · 無=없다 · 身=몸 | I11: 대장부는 오직 몸 없음을 근심할 뿐 | J11: 대장부가 걱정할 것은 몸뿐이지 | K11: N | Q11: 보통
A12: 11 | B12: 2 | C12: 30 | D12: 大丈夫獨患無身 | E12: 何患無銀 | F12: 今死不還 | G12: 銀 | H12: 何=무엇 · 無=없다 · 銀=은 | I12: 어찌 은 없음을 근심하는가 | J12: 어찌 은이 없음을 걱정하는가 | K12: N | Q12: 보통
A13: 12 | B13: 2 | C13: 31 | D13: 何患無銀 | E13: 今死不還 | F13: 將如妻子何 | H13: 今=이제 · 死=죽다 · 不=아니다 · 還=돌아오다 | I13: 이제 죽어 돌아가지 않으면 | J13: 이제 죽어 돌아가지 않으면 | K13: N | Q13: 보통
A14: 13 | B14: 2 | C14: 33 | D14: 將如妻子何 | E14: 吾貸 | F14: 君萬金 | H14: 吾=나 | I14: 내가 빌려주겠다 | J14: 내가 빌려주겠다 | K14: N | Q14: 보통
A15: 14 | B15: 2 | C15: 34 | D15: 吾貸 | E15: 君萬金 | F15: 五年貨殖 | G15: 萬金 | H15: 君=임금·그대 · 萬=일만 · 金=쇠붙이 | I15: 그대에게 만금을 | J15: 그대에게 만금을 | K15: N | Q15: 보통
A16: 15 | B16: 2 | C16: 35 | D16: 君萬金 | E16: 五年貨殖 | F16: 可復得萬金 | G16: 貨殖 | H16: 五=다섯 · 年=해 · 貨=사고파는 물건 · 殖=초목이 자라 불다 | I16: 오 년을 재화로 불리면 | J16: 오 년만 굴리면 | K16: Y | L16: SD-1 자연·물질 | M16: TD-1 축적·유통 | N16: 殖 | O16: 재화 증식 | P16: 초목의 생장이 재화의 불림으로 옮겨감 | Q16: 높음
A17: 16 | B17: 2 | C17: 36 | D17: 五年貨殖 | E17: 可復得萬金 | F17: 以本銀償我 | G17: 萬金 | H17: 可=옳다·가하다 · 得=얻다 · 萬=일만 · 金=쇠붙이 | I17: 다시 만금을 얻을 수 있다 | J17: 다시 만금을 얻을 수 있으니 | K17: N | Q17: 보통
A18: 17 | B18: 2 | C18: 37 | D18: 可復得萬金 | E18: 以本銀償我 | F18: 譯旣得萬金 | G18: 銀 償 | H18: 以=~로써 · 本=나무의 뿌리 · 銀=은 · 償=갚다 · 我=나 | I18: 본은으로 나에게 갚으라 | J18: 원금만 내게 갚으라 | K18: Y | L18: SD-1 자연·물질 | M18: TD-1 축적·유통 | N18: 本銀 | O18: 원금 | P18: 초목의 뿌리가 자본의 근원으로 옮겨감 | Q18: 보통
A19: 18 | B19: 2 | C19: 38 | D19: 以本銀償我 | E19: 譯旣得萬金 | F19: 遂大貿而還 | G19: 萬金 | H19: 譯=통역하다 · 旣=이미 · 得=얻다 · 萬=일만 · 金=쇠붙이 | I19: 역관이 이미 만금을 얻어 | J19: 역관은 만금을 얻자 | K19: N | Q19: 보통
A20: 19 | B20: 2 | C20: 39 | D20: 譯旣得萬金 | E20: 遂大貿而還 | F20: 當時未有識之者 | H20: 遂=마침내 · 大=크다 · 而=말 잇는 조사 · 還=돌아오다 | I20: 마침내 크게 무역해 돌아왔다 | J20: 크게 무역해 돌아왔다 | K20: N | Q20: 보통
A21: 20 | B21: 2 | C21: 41 | D21: 當時未有識之者 | E21: 莫不神其才 | F21: 五年中遂致鉅富 | H21: 莫=없다 · 不=아니다 · 神=신령 · 其=그 | I21: 그 재주를 신통히 여기지 않는 이가 없었다 | J21: 그 재주를 신통히 여기지 않는 이가 없었다 | K21: Y | L21: SD-6 문화·제도 | M21: TD-3 인식·진위 | N21: 神 | O21: 경탄 | P21: 신격 관념이 재능 평가로 옮겨감 | Q21: 낮음
A22: 21 | B22: 2 | C22: 42 | D22: 莫不神其才 | E22: 五年中遂致鉅富 | F22: 乃自削籍譯院 | G22: 富 | H22: 五=다섯 · 年=해 · 中=가운데 · 遂=마침내 · 致=이르게 하다 · 鉅=큰 쇠 · 富=재물이 넉넉하다 | I22: 오 년 만에 마침내 큰 부자가 되었다 | J22: 오 년 만에 큰 부자가 되었다 | K22: N | Q22: 보통
A23: 22 | B23: 2 | C23: 43 | D23: 五年中遂致鉅富 | E23: 乃自削籍譯院 | F23: 不復入燕 | H23: 乃=이에 · 自=스스로 · 籍=문서 · 譯=통역하다 | I23: 이에 스스로 역원의 적을 깎고 | J23: 그러고는 스스로 역관 명부에서 이름을 지우고 | K23: N | Q23: 보통
A24: 23 | B24: 3 | C24: 2 | D24: 有言李知事樞 | E24: 近世名譯也 | F24: 平居口未嘗言錢 | H24: 世=세상 · 名=이름 · 譯=통역하다 · 也=단정하는 조사 | I24: 근세의 이름난 역관이다 | J24: 근세의 이름난 역관이다 | K24: N | Q24: 보통
A25: 24 | B25: 3 | C25: 3 | D25: 近世名譯也 | E25: 平居口未嘗言錢 | F25: 出入燕京四十餘年 | G25: 錢 | H25: 平=평평하다 · 居=머물러 살다 · 口=입 · 未=아직 ~않다 · 言=말하다 · 錢=엽전 | I25: 평소에 입으로 돈을 말한 적이 없고 | J25: 평소 입으로 돈을 말한 적이 없고 | K25: N | Q25: 보통
A26: 25 | B26: 3 | C26: 4 | D26: 平居口未嘗言錢 | E26: 出入燕京四十餘年 | F26: 手未嘗執銀 | H26: 出=나가다 · 入=들다 · 燕=제비·연나라 · 京=서울 · 四=넷 · 十=열 · 餘=남다 · 年=해 | I26: 연경을 사십여 년 드나들면서도 | J26: 사십여 년 연경을 드나들면서도 | K26: N | Q26: 보통
A27: 26 | B27: 3 | C27: 5 | D27: 出入燕京四十餘年 | E27: 手未嘗執銀 | F27: 有愷悌君子之風 | G27: 銀 | H27: 手=손 · 未=아직 ~않다 · 銀=은 | I27: 손으로 은을 쥔 적이 없어 | J27: 손으로 은을 쥔 적이 없어 | K27: N | Q27: 보통
A28: 27 | B28: 3 | C28: 6 | D28: 手未嘗執銀 | E28: 有愷悌君子之風 | H28: 有=있다 · 君=임금·그대 · 子=아들 · 之=가다 (조사로도 쓰임) · 風=바람 | I28: 화락한 군자의 풍모가 있었다 | J28: 온화한 군자의 풍모가 있었다 | K28: Y | L28: SD-1 자연·물질 | M28: TD-5 문명·제도 | N28: 風 | O28: 풍모 | P28: 바람이 인격의 기풍으로 옮겨감 | Q28: 보통
A29: 28 | B29: 4 | C29: 5 | D29: 嘗遊娼館 | E29: 女隨色第 | F29: 價有千金者 | H29: 色=빛깔 | I29: 여자는 미모에 따라 등급이 있어 | J29: 여자는 미모에 따라 등급이 매겨져 | K29: N | Q29: 보통
A30: 29 | B30: 4 | C30: 6 | D30: 女隨色第 | E30: 價有千金者 | F30: 洪以千金求薦枕 | G30: 千金 價 | H30: 價=값 · 有=있다 · 千=일천 · 金=쇠붙이 · 者=~하는 것·사람 | I30: 값이 천금인 자가 있었다 | J30: 값이 천금인 이도 있었다 | K30: N | Q30: 보통
A31: 30 | B31: 4 | C31: 7 | D31: 價有千金者 | E31: 洪以千金求薦枕 | F31: 女 | G31: 千金 | H31: 以=~로써 · 千=일천 · 金=쇠붙이 · 求=구하다 | I31: 홍이 천금으로 잠자리를 구하니 | J31: 홍순언이 천금을 내고 잠자리를 청하니 | K31: N | Q31: 보통
A32: 31 | B32: 4 | C32: 8 | D32: 洪以千金求薦枕 | E32: 女 | F32: 方二八 | I32: 여자는 | J32: 그 여자는 | K32: N | Q32: 보통
A33: 32 | B33: 4 | C33: 11 | D33: 有殊色 | E33: 對君泣曰 | F33: 奴所以索高價者 | H33: 君=임금·그대 · 泣=울다 · 曰=말하다 | I33: 그대를 향해 울며 말했다 | J33: 그를 향해 울며 말했다 | K33: N | Q33: 보통
A34: 33 | B34: 4 | C34: 12 | D34: 對君泣曰 | E34: 奴所以索高價者 | F34: 誠謂天下皆慳男 | G34: 價 | H34: 所=바·곳 · 以=~로써 · 高=높다 · 價=값 · 者=~하는 것·사람 | I34: 제가 높은 값을 부른 까닭은 | J34: 제가 값을 높이 부른 까닭은 | K34: Y | L34: SD-3 공간·방위 | M34: TD-1 축적·유통 | N34: 高價 | O34: 가격 | P34: 값의 크기를 공간의 높낮이로 나타냄 | Q34: 보통
A35: 34 | B35: 4 | C35: 13 | D35: 奴所以索高價者 | E35: 誠謂天下皆慳男 | F35: 無肯捐千金者 | H35: 謂=이르다 · 天=하늘 · 下=아래쪽 · 皆=모두 | I35: 참으로 천하에 인색한 사내뿐이어서 | J35: 천하가 다 인색한 사내뿐이라 | K35: N | Q35: 보통
A36: 35 | B36: 4 | C36: 14 | D36: 誠謂天下皆慳男 | E36: 無肯捐千金者 | F36: 祈以免斯須之辱 | G36: 千金 | H36: 無=없다 · 千=일천 · 金=쇠붙이 · 者=~하는 것·사람 | I36: 천금을 선뜻 내놓을 자가 없으리라 여겨 | J36: 천금을 선뜻 내놓을 이가 없으리라 여겨 | K36: N | Q36: 보통
A37: 36 | B37: 4 | C37: 15 | D37: 無肯捐千金者 | E37: 祈以免斯須之辱 | F37: 一日 | H37: 以=~로써 · 之=가다 (조사로도 쓰임) | I37: 잠깐의 욕됨이나마 면하기를 빌었기 때문입니다 | J37: 잠시나마 욕을 면해 보려 한 것입니다 | K37: N | Q37: 보통
A38: 37 | B38: 4 | C38: 19 | D38: 本欲以愚館主 | E38: 一以望天下有義氣人 | F38: 贖奴作箕帚妾 | H38: 一=하나 · 以=~로써 · 望=바라보다 · 天=하늘 · 下=아래쪽 · 有=있다 · 義=옳음 · 氣=기운 · 人=사람 | I38: 하나는 천하에 의기 있는 사람을 만나기를 바랐습니다 | J38: 하나는 천하에 의기 있는 이를 만나기를 바랐습니다 | K38: N | Q38: 보통
A39: 38 | B39: 4 | C39: 20 | D39: 一以望天下有義氣人 | E39: 贖奴作箕帚妾 | F39: 奴入娼館五日 | G39: 贖 | H39: 贖=값을 치러 되찾다 | I39: 저를 속량하여 아내로 삼아 주십시오 | J39: 저를 속량하여 거두어 주십시오 | K39: Y | L39: SD-6 문화·제도 | M39: TD-5 문명·제도 | N39: 箕帚 | O39: 아내 | P39: 가사 도구가 혼인 신분을 대신함 | Q39: 보통
A40: 39 | B40: 4 | C40: 21 | D40: 贖奴作箕帚妾 | E40: 奴入娼館五日 | F40: 無敢以千金來者 | H40: 入=들다 · 五=다섯 · 日=해·날 | I40: 제가 기방에 든 지 닷새인데 | J40: 제가 기방에 든 지 닷새인데 | K40: N | Q40: 보통
A41: 40 | B41: 4 | C41: 22 | D41: 奴入娼館五日 | E41: 無敢以千金來者 | F41: 今日幸 | G41: 千金 | H41: 無=없다 · 以=~로써 · 千=일천 · 金=쇠붙이 · 來=오다 · 者=~하는 것·사람 | I41: 감히 천금을 가지고 온 자가 없었습니다 | J41: 천금을 들고 온 이가 없었습니다 | K41: N | Q41: 보통
A42: 41 | B42: 4 | C42: 23 | D42: 無敢以千金來者 | E42: 今日幸 | F42: 逢天下義氣人 | H42: 今=이제 · 日=해·날 | I42: 오늘 다행히 | J42: 오늘 다행히 | K42: N | Q42: 보통
A43: 42 | B43: 4 | C43: 33 | D43: 奴南京戶部侍郞某女也 | E43: 家被籍追贓 | F43: 自賣身娼館 | H43: 家=집 · 籍=문서 | I43: 집안이 적몰되어 장물을 추징당하자 | J43: 집안이 적몰되고 장물을 추징당하자 | K43: N | Q43: 보통
A44: 43 | B44: 4 | C44: 34 | D44: 家被籍追贓 | E44: 自賣身娼館 | F44: 以贖父死 | G44: 賣 | H44: 自=스스로 · 賣=팔다 · 身=몸 | I44: 스스로 기방에 몸을 팔아 | J44: 스스로 기방에 몸을 팔아 | K44: N | Q44: 보통
A45: 44 | B45: 4 | C45: 35 | D45: 自賣身娼館 | E45: 以贖父死 | F45: 洪大驚曰 | G45: 贖 | H45: 以=~로써 · 贖=값을 치러 되찾다 · 死=죽다 | I45: 아버지의 죽음을 속량했습니다 | J45: 아버지 목숨을 건졌습니다 | K45: N | Q45: 보통
A46: 45 | B46: 4 | C46: 36 | D46: 以贖父死 | E46: 洪大驚曰 | F46: 吾實不識如此 | H46: 大=크다 · 曰=말하다 | I46: 홍이 크게 놀라 말했다 | J46: 홍순언이 크게 놀라 말했다 | K46: N | Q46: 보통
A47: 46 | B47: 4 | C47: 37 | D47: 洪大驚曰 | E47: 吾實不識如此 | F47: 今當贖妹 | H47: 吾=나 · 實=차다 · 不=아니다 · 如=같다 · 此=이것 | I47: 내 실로 이런 줄 몰랐다 | J47: 내 정말 몰랐구나 | K47: N | Q47: 보통
A48: 47 | B48: 4 | C48: 38 | D48: 吾實不識如此 | E48: 今當贖妹 | F48: 償 | G48: 贖 | H48: 今=이제 · 當=마땅하다 · 贖=값을 치러 되찾다 | I48: 이제 마땅히 누이를 속량하겠으니 | J48: 이제 그대를 속량해 주겠으니 | K48: N | Q48: 보통
A49: 48 | B49: 4 | C49: 39 | D49: 今當贖妹 | E49: 償 | F49: 價幾何 | G49: 償 | H49: 償=갚다 | I49: 갚을 | J49: 치를 | K49: N | Q49: 보통
A50: 49 | B50: 4 | C50: 40 | D50: 償 | E50: 價幾何 | F50: 女曰 | G50: 價 | H50: 價=값 · 幾=몇 · 何=무엇 | I50: 값이 얼마인가 | J50: 값이 얼마인가 | K50: N | Q50: 보통
A51: 50 | B51: 4 | C51: 41 | D51: 價幾何 | E51: 女曰 | F51: 二千金 | H51: 曰=말하다 | I51: 여자가 말했다 | J51: 여자가 말했다 | K51: N | Q51: 보통
A52: 51 | B52: 4 | C52: 42 | D52: 女曰 | E52: 二千金 | F52: 洪立輸之 | G52: 千金 | H52: 二=둘 · 千=일천 · 金=쇠붙이 | I52: 이천 금입니다 | J52: 이천 금입니다 | K52: N | Q52: 보통
A53: 52 | B53: 4 | C53: 43 | D53: 二千金 | E53: 洪立輸之 | F53: 與訣別 | H53: 立=서다 · 輸=실어 보내다 · 之=가다 (조사로도 쓰임) | I53: 홍이 곧 내주고 | J53: 홍순언이 곧바로 치르고 | K53: N | Q53: 보통
A54: 53 | B54: 4 | C54: 64 | D54: 丈人久忘乃女 | E54: 耶 | F54: 洪始知夫人乃娼館所贖女也 | I54: ~인가 | J54: ~란 말인가 | K54: N | Q54: 보통
A55: 54 | B55: 4 | C55: 65 | D55: 耶 | E55: 洪始知夫人乃娼館所贖女也 | F55: 出娼館 | G55: 贖 | H55: 始=처음 · 知=알다 · 夫=사내·무릇 · 人=사람 · 乃=이에 · 所=바·곳 · 贖=값을 치러 되찾다 · 也=단정하는 조사 | I55: 홍은 비로소 부인이 곧 기방에서 속량한 여자임을 알았다 | J55: 홍순언은 그제야 부인이 그때 속량한 여자임을 알았다 | K55: N | Q55: 보통
A56: 55 | B56: 4 | C56: 66 | D56: 洪始知夫人乃娼館所贖女也 | E56: 出娼館 | F56: 卽歸石星 | H56: 出=나가다 | I56: 기방에서 나와 | J56: 기방에서 나온 뒤 | K56: N | Q56: 보통
A57: 56 | B57: 4 | C57: 72 | D57: 皆刺報恩字 | E57: 及洪歸 | F57: 裝送報恩緞及他錦綺金銀 | H57: 及=미치다 · 歸=돌아가다 | I57: 홍이 돌아갈 때 | J57: 홍순언이 돌아갈 때 | K57: N | Q57: 보통
A58: 57 | B58: 4 | C58: 73 | D58: 及洪歸 | E58: 裝送報恩緞及他錦綺金銀 | F58: 不可勝數 | G58: 銀 | H58: 送=보내다 · 及=미치다 · 金=쇠붙이 · 銀=은 | I58: 보은단과 그 밖의 비단과 금은을 꾸려 보냈는데 | J58: 보은단과 그 밖의 비단과 금은을 꾸려 보냈는데 | K58: N | Q58: 보통
A59: 58 | B59: 4 | C59: 74 | D59: 裝送報恩緞及他錦綺金銀 | E59: 不可勝數 | F59: 及壬倭寇 | H59: 不=아니다 · 可=옳다·가하다 · 勝=싸움에 이기다 · 數=세다·수 | I59: 이루 헤아릴 수 없었다 | J59: 이루 헤아릴 수 없었다 | K59: N | Q59: 보통
A60: 59 | B60: 4 | C60: 79 | D60: 以石本義朝鮮人 | E60: 故也 | H60: 故=까닭 · 也=단정하는 조사 | I60: 그러한 까닭이다 | J60: 그런 까닭이다 | K60: N | Q60: 보통
A61: 60 | B61: 5 | C61: 1 | E61: 有言朝鮮商賈熟主顧鄭世泰之富 | F61: 甲于皇城 | G61: 富 商 賈 | H61: 有=있다 · 言=말하다 · 朝=아침·조정 · 商=장사하다 · 賈=장사하다 · 熟=열매가 익다 · 主=주인 · 世=세상 · 之=가다 (조사로도 쓰임) · 富=재물이 넉넉하다 | I61: 조선 상인의 단골 정세태의 부유함을 말하는 이가 있었는데 | J61: 조선 상인의 단골이던 정세태의 부유함을 말하는 이가 있었는데 | K61: N | Q61: 보통
A62: 61 | B62: 5 | C62: 2 | D62: 有言朝鮮商賈熟主顧鄭世泰之富 | E62: 甲于皇城 | F62: 及世泰死 | H62: 城=성 | I62: 황성에서 으뜸이었다 | J62: 황성에서 으뜸이었다 | K62: Y | L62: SD-6 문화·제도 | M62: TD-1 축적·유통 | N62: 甲 | O62: 으뜸 | P62: 천간의 순위 표기가 부의 등급으로 옮겨감 | Q62: 보통
A63: 62 | B63: 5 | C63: 7 | D63: 只有一孫 | E63: 男中絶色 | F63: 幼賣塲 | H63: 中=가운데 · 色=빛깔 | I63: 사내 가운데 빼어난 미모여서 | J63: 사내 가운데 빼어난 미모라 | K63: N | Q63: 보통
A64: 63 | B64: 5 | C64: 8 | D64: 男中絶色 | E64: 幼賣塲 | F64: 戱 | G64: 賣 | H64: 賣=팔다 | I64: 어려서 놀이판에 팔려 | J64: 어려서 놀이판에 팔려 | K64: N | Q64: 보통
A65: 64 | B65: 5 | C65: 9 | D65: 幼賣塲 | E65: 戱 | F65: 世泰時夥計林哥 | I65: 연희를 | J65: 연희를 | K65: N | Q65: 보통
A66: 65 | B66: 5 | C66: 10 | D66: 戱 | E66: 世泰時夥計林哥 | F66: 今鉅富 | H66: 世=세상 · 時=때 | I66: 세태 때의 동무 임가는 | J66: 세태의 동무였던 임씨는 | K66: N | Q66: 보통
A67: 66 | B67: 5 | C67: 11 | D67: 世泰時夥計林哥 | E67: 今鉅富 | F67: 見塲戱中一美男子 | G67: 富 | H67: 今=이제 · 鉅=큰 쇠 · 富=재물이 넉넉하다 | I67: 지금 큰 부자인데 | J67: 지금 큰 부자인데 | K67: Y | L67: SD-1 자연·물질 | M67: TD-1 축적·유통 | N67: 鉅 | O67: 거대함 | P67: 큰 쇠가 재산 규모로 옮겨감 | Q67: 낮음
A68: 67 | B68: 5 | C68: 12 | D68: 今鉅富 | E68: 見塲戱中一美男子 | F68: 呈戱 | H68: 見=보다 · 中=가운데 · 一=하나 · 子=아들 | I68: 놀이판 가운데 한 미남자를 보고 | J68: 놀이판에서 미남자 하나를 보고 | K68: N | Q68: 보통
A69: 68 | B69: 5 | C69: 16 | D69: 聞其爲鄭家兒郞 | E69: 相持泣 | F69: 遂以千金 | H69: 相=서로 · 泣=울다 | I69: 서로 붙들고 울며 | J69: 서로 붙들고 울며 | K69: N | Q69: 보통
A70: 69 | B70: 5 | C70: 17 | D70: 相持泣 | E70: 遂以千金 | F70: 贖之 | G70: 千金 | H70: 遂=마침내 · 以=~로써 · 千=일천 · 金=쇠붙이 | I70: 마침내 천금으로 | J70: 마침내 천금을 들여 | K70: N | Q70: 보통
A71: 70 | B71: 5 | C71: 18 | D71: 遂以千金 | E71: 贖之 | F71: 與俱歸家 | G71: 贖 | H71: 贖=값을 치러 되찾다 · 之=가다 (조사로도 쓰임) | I71: 그를 속량하여 | J71: 그를 속량해 | K71: N | Q71: 보통
A72: 71 | B72: 5 | C72: 19 | D72: 贖之 | E72: 與俱歸家 | F72: 戒家人曰 | H72: 與=주다 · 俱=함께 · 歸=돌아가다 · 家=집 | I72: 함께 집으로 돌아와 | J72: 함께 집으로 데려와 | K72: N | Q72: 보통
A73: 72 | B73: 5 | C73: 24 | D73: 勿以戱子賤之 | E73: 及長 | F73: 中分其財而業之 | H73: 及=미치다 · 長=길다·자라다 | I73: 자라자 | J73: 장성하자 | K73: N | Q73: 보통
A74: 73 | B74: 5 | C74: 25 | D74: 及長 | E74: 中分其財而業之 | F74: 世泰孫身 | G74: 財 | H74: 中=가운데 · 分=나누다 · 其=그 · 財=재물 · 而=말 잇는 조사 · 業=생업 · 之=가다 (조사로도 쓰임) | I74: 그 재산을 반으로 나누어 생업을 삼게 했다 | J74: 재산을 반으로 나누어 생업을 삼게 했다 | K74: N | Q74: 보통
A75: 74 | B75: 5 | C75: 26 | D75: 中分其財而業之 | E75: 世泰孫身 | F75: 肥白美麗 | H75: 世=세상 · 身=몸 | I75: 세태의 손자는 몸이 | J75: 세태의 손자는 몸이 | K75: N | Q75: 보통
A76: 75 | B76: 5 | C76: 30 | D76: 惟飛紙鷂 | E76: 遊戱皇城中 | H76: 城=성 · 中=가운데 | I76: 황성 안에서 놀이로 지냈다 | J76: 황성 안에서 놀며 지냈다 | K76: N | Q76: 보통
A77: 76 | B77: 6 | C77: 1 | E77: 舊時買賣 | F77: 不開包檢驗 | G77: 買 賣 | H77: 舊=옛 · 時=때 · 買=사다 · 賣=팔다 | I77: 옛날 매매에서는 | J77: 옛날 거래에서는 | K77: N | Q77: 보통
A78: 77 | B78: 6 | C78: 2 | D78: 舊時買賣 | E78: 不開包檢驗 | F78: 直以燕裝還 | H78: 不=아니다 · 開=열다 | I78: 짐을 풀어 검사하지 않고 | J78: 짐을 풀어 검사하지 않고 | K78: N | Q78: 보통
A79: 78 | B79: 6 | C79: 10 | D79: 未閱 | E79: 丁丑兩恤 | F79: 反獲倍直 | H79: 兩=두 개·무게 단위 | I79: 정축년 두 번의 진휼에 | J79: 정축년 두 차례 진휼 때 | K79: N | Q79: 보통
A80: 79 | B80: 6 | C80: 11 | D80: 丁丑兩恤 | E80: 反獲倍直 | F80: 然亦彼中不古之徵也 | G80: 倍 | H80: 倍=갑절 | I80: 도리어 갑절의 값을 얻었다 | J80: 오히려 갑절 값을 받았다 | K80: N | Q80: 보통
A81: 80 | B81: 6 | C81: 12 | D81: 反獲倍直 | E81: 然亦彼中不古之徵也 | F81: 近歲則物貨自裝 | H81: 然=그러하다 · 亦=또한 · 彼=저 · 中=가운데 · 不=아니다 · 古=옛 · 之=가다 (조사로도 쓰임) · 也=단정하는 조사 | I81: 그러나 이 또한 저들 가운데 옛 같지 않은 조짐이다 | J81: 그러나 이 또한 저들의 인심이 예전 같지 않다는 조짐이다 | K81: N | Q81: 보통
A82: 81 | B82: 6 | C82: 13 | D82: 然亦彼中不古之徵也 | E82: 近歲則物貨自裝 | F82: 不任主顧裝送云 | G82: 貨 | H82: 歲=한 해 · 則=곧 · 物=물건 · 貨=사고파는 물건 · 自=스스로 | I82: 근래에는 물화를 스스로 꾸리고 | J82: 요즘은 물건을 제 손으로 꾸리고 | K82: N | Q82: 보통
A83: 82 | B83: 6 | C83: 14 | D83: 近歲則物貨自裝 | E83: 不任主顧裝送云 | H83: 不=아니다 · 任=맡기다 · 主=주인 · 送=보내다 · 云=이르다 | I83: 단골에게 꾸려 보내기를 맡기지 않는다고 한다 | J83: 단골에게 맡기지 않는다고 한다 | K83: N | Q83: 보통
A84: 83 | B84: 7 | C84: 1 | E84: 有言卞承業之病也 | F84: 欲閱視貨殖都數 | H84: 有=있다 · 言=말하다 · 業=생업 · 之=가다 (조사로도 쓰임) · 病=병들다 · 也=단정하는 조사 | I84: 변승업이 병들었을 때 | J84: 변승업이 병들었을 때 | K84: N | Q84: 보통
A85: 84 | B85: 7 | C85: 2 | D85: 有言卞承業之病也 | E85: 欲閱視貨殖都數 | F85: 聚諸夥計帳簿 | G85: 貨殖 | H85: 欲=하고자 하다 · 貨=사고파는 물건 · 殖=초목이 자라 불다 · 都=도읍 · 數=세다·수 | I85: 재화 불린 총액을 살펴보고자 하여 | J85: 굴린 재산의 총액을 살펴보려고 | K85: Y | L85: SD-1 자연·물질 | M85: TD-1 축적·유통 | N85: 貨殖 | O85: 재화 증식 | P85: 초목의 생장이 재화의 불림으로 옮겨감 | Q85: 높음
A86: 85 | B86: 7 | C86: 3 | D86: 欲閱視貨殖都數 | E86: 聚諸夥計帳簿 | F86: 合籌之 | H86: 諸=여러 | I86: 여러 동무의 장부를 모아 | J86: 여러 동무의 장부를 모아 | K86: N | Q86: 보통
A87: 86 | B87: 7 | C87: 4 | D87: 聚諸夥計帳簿 | E87: 合籌之 | F87: 共銀五十餘萬 | H87: 之=가다 (조사로도 쓰임) | I87: 합하여 셈하니 | J87: 합쳐 셈해 보니 | K87: N | Q87: 보통
A88: 87 | B88: 7 | C88: 5 | D88: 合籌之 | E88: 共銀五十餘萬 | F88: 其子曰 | G88: 銀 | H88: 銀=은 · 五=다섯 · 十=열 · 餘=남다 · 萬=일만 | I88: 은이 모두 오십여만이었다 | J88: 은이 모두 오십여만이었다 | K88: N | Q88: 보통
A89: 88 | B89: 7 | C89: 6 | D89: 共銀五十餘萬 | E89: 其子曰 | F89: 斂散煩 | H89: 其=그 · 子=아들 · 曰=말하다 | I89: 그 아들이 말했다 | J89: 그 아들이 말했다 | K89: N | Q89: 보통
A90: 89 | B90: 7 | C90: 20 | D90: 爲家計者 | E90: 鮮及三世矣 | F90: 國中之爲財者 | H90: 及=미치다 · 三=셋 · 世=세상 · 矣=마치는 조사 | I90: 삼대에 미치는 일이 드물다 | J90: 삼대를 잇는 일이 드뭅니다 | K90: N | Q90: 보통
A91: 90 | B91: 7 | C91: 21 | D91: 鮮及三世矣 | E91: 國中之爲財者 | F91: 視吾家出入 | G91: 財 | H91: 國=나라 · 中=가운데 · 之=가다 (조사로도 쓰임) · 爲=하다·되다 · 財=재물 · 者=~하는 것·사람 | I91: 나라 안에서 재물을 다루는 자들이 | J91: 나라 안에서 재물을 다루는 이들이 | K91: N | Q91: 보통
A92: 91 | B92: 7 | C92: 22 | D92: 國中之爲財者 | E92: 視吾家出入 | F92: 爲高下 | H92: 吾=나 · 家=집 · 出=나가다 · 入=들다 | I92: 우리 집의 출입을 보아 | J92: 우리 집의 출납을 보고 | K92: N | Q92: 보통
A93: 92 | B93: 7 | C93: 26 | D93: 不散 | E93: 且及禍 | F93: 故其子孫蕃而擧貧窶者 | H93: 及=미치다 | I93: 또 화가 미친다 | J93: 도리어 화가 미친다 | K93: N | Q93: 보통
A94: 93 | B94: 7 | C94: 27 | D94: 且及禍 | E94: 故其子孫蕃而擧貧窶者 | F94: 承業旣老 | G94: 貧 | H94: 故=까닭 · 其=그 · 子=아들 · 蕃=초목이 무성하다 · 而=말 잇는 조사 · 貧=재물이 모자라다 · 者=~하는 것·사람 | I94: 그러므로 그 자손이 번성하되 모두 가난한 것은 | J94: 그 자손이 번성하면서도 다들 가난한 것은 | K94: Y | L94: SD-1 자연·물질 | M94: TD-5 문명·제도 | N94: 蕃 | O94: 자손 번성 | P94: 초목의 무성함이 가문의 번성으로 옮겨감 | Q94: 보통
A95: 94 | B95: 7 | C95: 28 | D95: 故其子孫蕃而擧貧窶者 | E95: 承業旣老 | F95: 多散之也 | H95: 業=생업 · 旣=이미 · 老=늙다 | I95: 승업이 늙어 | J95: 승업이 늙어 | K95: N | Q95: 보통
A96: 95 | B96: 8 | C96: 1 | E96: 余亦言有尹映者 | F96: 嘗道卞承業之富 | H96: 余=나 · 亦=또한 · 言=말하다 · 有=있다 · 者=~하는 것·사람 | I96: 나 또한 윤영이라는 자가 있다고 말했는데 | J96: 나 또한 윤영이라는 이를 말했는데 | K96: N | Q96: 보통
A97: 96 | B97: 8 | C97: 2 | D97: 余亦言有尹映者 | E97: 嘗道卞承業之富 | F97: 其貨財有自來 | G97: 富 | H97: 道=길 · 業=생업 · 之=가다 (조사로도 쓰임) · 富=재물이 넉넉하다 | I97: 일찍이 변승업의 부유함을 말하되 | J97: 일찍이 변승업의 부유함을 말하면서 | K97: N | Q97: 보통
A98: 97 | B98: 8 | C98: 3 | D98: 嘗道卞承業之富 | E98: 其貨財有自來 | F98: 富甲一國 | G98: 財 貨 | H98: 其=그 · 貨=사고파는 물건 · 財=재물 · 有=있다 · 自=스스로 · 來=오다 | I98: 그 재화에는 유래가 있고 | J98: 그 재산에는 내력이 있고 | K98: Y | L98: SD-5 운동·시간 | M98: TD-1 축적·유통 | N98: 有自來 | O98: 유래 | P98: 이동이 재화의 내력으로 옮겨감 | Q98: 보통
A99: 98 | B99: 8 | C99: 4 | D99: 其貨財有自來 | E99: 富甲一國 | F99: 至承業時少衰 | G99: 富 | H99: 富=재물이 넉넉하다 · 一=하나 · 國=나라 | I99: 부유함이 한 나라에서 으뜸이었으나 | J99: 부유함이 온 나라에서 으뜸이었으나 | K99: Y | L99: SD-6 문화·제도 | M99: TD-1 축적·유통 | N99: 甲 | O99: 으뜸 | P99: 천간의 순위 표기가 부의 등급으로 옮겨감 | Q99: 보통
A100: 99 | B100: 8 | C100: 5 | D100: 富甲一國 | E100: 至承業時少衰 | F100: 方其初起時 | H100: 至=이르다 · 業=생업 · 時=때 · 少=적다 · 衰=초목이 시들다 | I100: 승업 때에 이르러 조금 쇠했다 | J100: 승업 대에 이르러 조금 기울었다 | K100: Y | L100: SD-1 자연·물질 | M100: TD-1 축적·유통 | N100: 衰 | O100: 쇠락 | P100: 초목이 시듦이 가세의 기욺으로 옮겨감 | Q100: 보통
...

Sheet 행재잡록
A1: 연번 | B1: 문단 | C1: 절번호 | D1: 앞 문맥(참고) | E1: ★ 판정 대상 절 ★ | F1: 뒤 문맥(참고) | G1: 트리거 | H1: 주요 글자의 기본 의미 | I1: 직역 | J1: 의역 | K1: 은유 여부 | L1: 원천 영역 | M1: 목표 영역 | N1: 원천 어휘 | O1: 목표 개념 | P1: 판정 근거 | Q1: 확신도 | R1: 비고
A2: 1 | B2: 2 | C2: 23 | D2: 故其所都燕京曰京師 | E2: 其巡幸之所曰行在 | F2: 我效土物之儀曰職貢 | H2: 其=그 · 之=가다 (조사로도 쓰임) · 所=바·곳 · 曰=말하다 · 行=걸어가다 · 在=있다 | I2: 그 순행하는 곳을 행재라 한다 | J2: 황제가 순행하는 곳을 행재라 하고 | K2: N | Q2: 보통
A3: 2 | B3: 2 | C3: 24 | D3: 其巡幸之所曰行在 | E3: 我效土物之儀曰職貢 | F3: 其語當宁曰天子 | G3: 貢 | H3: 我=나 · 物=물건 · 之=가다 (조사로도 쓰임) · 曰=말하다 · 貢=바치는 물건 | I3: 우리가 토산물을 바치는 의례를 직공이라 한다 | J3: 우리가 토산물을 바치는 것을 직공이라 하며 | K3: N | Q3: 보통
A4: 3 | B4: 2 | C4: 25 | D4: 我效土物之儀曰職貢 | E4: 其語當宁曰天子 | F4: 其朝 | H4: 其=그 · 語=말하다 · 當=마땅하다 · 曰=말하다 · 天=하늘 · 子=아들 | I4: 그 임금을 일컬어 천자라 한다 | J4: 그 임금을 천자라 부른다 | K4: N | Q4: 보통
A5: 4 | B5: 2 | C5: 36 | D5: 昔倭人覆我疆域 | E5: 我神宗皇帝提天下之師東援之 | F5: 竭帑銀以 | H5: 我=나 · 神=신령 · 天=하늘 · 下=아래쪽 · 之=가다 (조사로도 쓰임) · 東=동쪽 | I5: 우리 신종 황제가 천하의 군사를 이끌어 동으로 도왔다 | J5: 신종 황제가 천하의 군대를 이끌고 동쪽을 도왔고 | K5: Y | L5: SD-2 신체·감각 | M5: TD-2 권력·지배 | N5: 提天下之師 | O5: 군대 통솔 | P5: 손으로 끎이 군대의 통솔로 옮겨감 | Q5: 보통
A6: 5 | B6: 2 | C6: 37 | D6: 我神宗皇帝提天下之師東援之 | E6: 竭帑銀以 | F6: 供師旅 | G6: 銀 | H6: 竭=물이 다 마르다 · 銀=은 · 以=~로써 | I6: 국고의 은을 다 말려 | J6: 나라 곳간의 은을 바닥까지 털어 | K6: Y | L6: SD-1 자연·물질 | M6: TD-1 축적·유통 | N6: 竭帑銀 | O6: 국고 고갈 | P6: 물이 마름이 국고의 소진으로 옮겨감 | Q6: 높음
A7: 6 | B7: 2 | C7: 38 | D7: 竭帑銀以 | E7: 供師旅 | F7: 復我三都 | H7: 旅=나그네 | I7: 군대에 대주었다 | J7: 군대를 먹였다 | K7: N | Q7: 보통
A8: 7 | B8: 2 | C8: 50 | D8: 所以加惠我國者 | E8: 亦累葉矣 | F8: 金非土產則蠲之 | H8: 亦=또한 · 矣=마치는 조사 | I8: 또한 여러 대에 걸쳤다 | J8: 그것도 여러 대에 걸친 일이다 | K8: Y | L8: SD-1 자연·물질 | M8: TD-5 문명·제도 | N8: 累葉 | O8: 여러 대 | P8: 잎이 포개짐이 세대의 누적으로 옮겨감 | Q8: 높음
A9: 8 | B9: 2 | C9: 51 | D9: 亦累葉矣 | E9: 金非土產則蠲之 | F9: 綵馬衰小則 | G9: 產 | H9: 金=쇠붙이 · 非=아니다 · 則=곧 · 之=가다 (조사로도 쓰임) | I9: 금은 토산이 아니므로 면제해 주고 | J9: 금은 우리 토산이 아니라 하여 면제해 주고 | K9: N | Q9: 보통
A10: 9 | B10: 2 | C10: 52 | D10: 金非土產則蠲之 | E10: 綵馬衰小則 | F10: 免之 | H10: 馬=말 · 衰=초목이 시들다 · 小=작다 · 則=곧 | I10: 무늬 말이 여위고 작으면 | J10: 바치는 말이 여위고 작으면 | K10: N | Q10: 보통
A11: 10 | B11: 2 | C11: 64 | D11: 命班于大臣之列 | E11: 其聽戱得比廷臣而宴賚之 | F11: 又詔永蠲正貢外 | H11: 其=그 · 得=얻다 · 臣=신하 · 而=말 잇는 조사 · 之=가다 (조사로도 쓰임) | I11: 그 연극 구경을 조정 신하에 견주어 잔치와 하사를 베풀었다 | J11: 연극 구경도 조정 신하와 같이 대접하고 잔치와 상을 내렸다 | K11: N | Q11: 보통
A12: 11 | B12: 2 | C12: 65 | D12: 其聽戱得比廷臣而宴賚之 | E12: 又詔永蠲正貢外 | F12: 別使方物 | G12: 貢 | H12: 又=또 · 正=바르다 · 貢=바치는 물건 · 外=바깥 | I12: 또 조서를 내려 정공 밖의 것을 길이 면제하고 | J12: 또 조서를 내려 정례 공물 외의 것을 영구히 면제하고 | K12: N | Q12: 보통
A13: 12 | B13: 2 | C13: 66 | D13: 又詔永蠲正貢外 | E13: 別使方物 | F13: 此實曠世盛典 | H13: 使=시키다 · 方=모나다·바야흐로 · 物=물건 | I13: 별사의 방물도 | J13: 별사의 방물까지 없앴으니 | K13: N | Q13: 보통
A14: 13 | B14: 2 | C14: 84 | D14: 在大國不過爲卹小 | E14: 柔遠之政 | F14: 則雖代蠲一貢 | H14: 遠=멀다 · 之=가다 (조사로도 쓰임) | I14: 먼 나라를 부드럽게 하는 정사는 | J14: 먼 나라를 어루만지는 정사란 | K14: Y | L14: SD-2 신체·감각 | M14: TD-2 권력·지배 | N14: 柔遠 | O14: 회유 | P14: 부드러움의 촉감이 원방 회유책으로 옮겨감 | Q14: 보통
A15: 14 | B15: 2 | C15: 85 | D15: 柔遠之政 | E15: 則雖代蠲一貢 | F15: 歲免一幣 | G15: 貢 | H15: 則=곧 · 雖=비록 · 一=하나 · 貢=바치는 물건 | I15: 비록 대대로 한 차례 공물을 면제하고 | J15: 한 대에 한 번 공물을 면해 주고 | K15: N | Q15: 보통
A16: 15 | B16: 2 | C16: 86 | D16: 則雖代蠲一貢 | E16: 歲免一幣 | F16: 是惠也 | H16: 歲=한 해 · 一=하나 · 幣=예물로 쓰는 비단 | I16: 한 해에 한 번 폐물을 면제해도 | J16: 한 해에 한 번 예물을 면해 주어도 | K16: N | Q16: 보통
A17: 16 | B17: 8 | C17: 6 | D17: 會同理藩院司員等帶領朝鮮使臣正使朴副使鄭書 | E17: 狀官趙等 | F17: 前詣札什倫布 | H17: 官=벼슬 · 等=무리 | I17: 서장관 조 아무개 등이 | J17: 서장관 조 아무개 등을 데리고 | K17: N | Q17: 보통
A18: 17 | B18: 8 | C18: 7 | D18: 狀官趙等 | E18: 前詣札什倫布 | F18: 拜見額爾德尼 | G18: 什 | H18: 前=앞 · 什=열 · 布=베 | I18: 찰십륜포로 나아가 | J18: 찰십륜포로 가서 | K18: N | Q18: 보통
A19: 18 | B19: 8 | C19: 8 | D19: 前詣札什倫布 | E19: 拜見額爾德尼 | F19: 行禮後 | H19: 見=보다 · 德=덕 | I19: 액이덕니를 배견하고 | J19: 반선을 뵙고 | K19: N | Q19: 보통
A20: 19 | B20: 8 | C20: 11 | D20: 令坐吃茶 | E20: 詢問該國遠近 | F20: 幷入貢緣由 | H20: 問=묻다 · 國=나라 · 遠=멀다 | I20: 그 나라의 멀고 가까움을 물으며 | J20: 그 나라가 얼마나 먼지를 묻고 | K20: N | Q20: 보통
A21: 20 | B21: 8 | C21: 12 | D21: 詢問該國遠近 | E21: 幷入貢緣由 | F21: 該使臣答以 | G21: 貢 | H21: 入=들다 · 貢=바치는 물건 | I21: 아울러 입공한 연유를 물으니 | J21: 아울러 입공한 까닭을 물으니 | K21: N | Q21: 보통
A22: 21 | B22: 8 | C22: 13 | D22: 幷入貢緣由 | E22: 該使臣答以 | F22: 因皇上七旬大慶 | H22: 使=시키다 · 臣=신하 · 答=대답하다 · 以=~로써 | I22: 그 사신이 답하기를 | J22: 사신이 대답하기를 | K22: N | Q22: 보통
A23: 22 | B23: 9 | C23: 2 | D23: 使臣見班禪事 | E23: 余具載之 | F23: 札什倫布記及見禮部奏聞 | H23: 余=나 · 之=가다 (조사로도 쓰임) | I23: 내가 그것을 갖추어 적었다 | J23: 내가 그 일을 자세히 적어 두었다 | K23: N | Q23: 보통
A24: 23 | B24: 9 | C24: 3 | D24: 余具載之 | E24: 札什倫布記及見禮部奏聞 | F24: 其稱拜見額爾德尼 | G24: 什 | H24: 什=열 · 布=베 · 及=미치다 · 見=보다 · 禮=예 · 聞=듣다 | I24: 찰십륜포기와 예부의 주문을 보니 | J24: 찰십륜포기와 예부의 주문을 보건대 | K24: N | Q24: 보통
A25: 24 | B25: 9 | C25: 4 | D25: 札什倫布記及見禮部奏聞 | E25: 其稱拜見額爾德尼 | F25: 給與使臣等物件 | H25: 其=그 · 稱=일컫다 · 見=보다 · 德=덕 | I25: 그 액이덕니를 배견했다 일컫고 | J25: 반선을 배견했다고 적고 | K25: N | Q25: 보통
A26: 25 | B26: 9 | C26: 11 | D26: 不得不爾 | E26: 第據吾所目擊者詳錄之 | F26: 以資山中曝背一粲 | H26: 吾=나 · 所=바·곳 · 目=눈 · 者=~하는 것·사람 · 之=가다 (조사로도 쓰임) | I26: 다만 내가 목격한 바에 따라 자세히 기록하여 | J26: 다만 내가 직접 본 대로 자세히 적어 | K26: N | Q26: 보통
A27: 26 | B27: 9 | C27: 12 | D27: 第據吾所目擊者詳錄之 | E27: 以資山中曝背一粲 | F27: 覽者 | G27: 資 | H27: 以=~로써 · 資=밑천 · 山=산 · 中=가운데 · 一=하나 | I27: 산중에서 등을 볕에 쬐는 웃음거리의 밑천으로 삼는다 | J27: 산중에서 볕이나 쬐며 웃을 거리로 삼는다 | K27: Y | L27: SD-6 문화·제도 | M27: TD-4 도덕·책무 | N27: 曝背 | O27: 미천한 정성 | P27: 등을 볕에 쬐는 고사가 하찮은 헌정으로 옮겨감 | Q27: 보통
A28: 27 | B28: 9 | C28: 13 | D28: 以資山中曝背一粲 | E28: 覽者 | F28: 當有以察之 | H28: 者=~하는 것·사람 | I28: 보는 이는 | J28: 보는 이는 | K28: N | Q28: 보통
A29: 28 | B29: 13 | C29: 4 | D29: 中國例相贈遺遠遊者 | E29: 必持此朝夕供養 | F29: 藏俗年例進貢 | H29: 必=반드시 · 此=이것 · 朝=아침·조정 | I29: 반드시 이를 지녀 아침저녁으로 공양한다 | J29: 반드시 이를 지니고 조석으로 공양한다 | K29: N | Q29: 보통
A30: 29 | B30: 13 | C30: 5 | D30: 必持此朝夕供養 | E30: 藏俗年例進貢 | F30: 首以佛一尊爲 | G30: 貢 | H30: 俗=풍속 · 年=해 · 進=나아가다 · 貢=바치는 물건 | I30: 티베트 풍속에 해마다 공물을 바치는데 | J30: 티베트 풍속에 해마다 공물을 바치는데 | K30: N | Q30: 보통
A31: 30 | B31: 13 | C31: 6 | D31: 藏俗年例進貢 | E31: 首以佛一尊爲 | F31: 方物 | H31: 以=~로써 · 一=하나 · 爲=하다·되다 | I31: 부처 한 존을 으뜸으로 삼아 | J31: 부처 한 존을 으뜸으로 삼아 | K31: N | Q31: 보통
A32: 31 | B32: 13 | C32: 18 | D32: 諸譯亦視同糞穢 | E32: 若將凂焉 | F32: 售銀九十兩 | H32: 若=같다 · 凂=물이 더러워지다 · 焉=어찌 | I32: 마치 더럽혀질 듯이 여겨 | J32: 더럽혀질까 꺼려 | K32: Y | L32: SD-1 자연·물질 | M32: TD-4 도덕·책무 | N32: 凂 | O32: 더럽혀짐 | P32: 물의 오염이 도덕적 더럽힘으로 옮겨감 | Q32: 보통
A33: 32 | B33: 13 | C33: 19 | D33: 若將凂焉 | E33: 售銀九十兩 | F33: 散之一行 | G33: 銀 | H33: 銀=은 · 九=아홉 · 十=열 · 兩=두 개·무게 단위 | I33: 은 아흔 냥에 팔아 | J33: 은 아흔 냥에 팔아 | K33: N | Q33: 보통
A34: 33 | B34: 13 | C34: 20 | D34: 售銀九十兩 | E34: 散之一行 | F34: 馬頭輩 | H34: 之=가다 (조사로도 쓰임) · 一=하나 · 行=걸어가다 | I34: 일행에게 나누어 주었다 | J34: 일행에게 나누어 주었다 | K34: N | Q34: 보통
A35: 34 | B35: 13 | C35: 21 | D35: 散之一行 | E35: 馬頭輩 | F35: 而不以此銀 | H35: 馬=말 · 頭=머리 · 輩=무리 | I35: 마두 무리에게 | J35: 마두들에게 | K35: N | Q35: 보통
A36: 35 | B36: 13 | C36: 22 | D36: 馬頭輩 | E36: 而不以此銀 | F36: 沽飮一盃酒 | G36: 銀 | H36: 而=말 잇는 조사 · 不=아니다 · 以=~로써 · 此=이것 · 銀=은 | I36: 그런데 이 은으로 | J36: 그런데 이 은으로는 | K36: N | Q36: 보통
A37: 36 | B37: 13 | C37: 23 | D37: 而不以此銀 | E37: 沽飮一盃酒 | F37: 潔則潔矣 | H37: 飮=마시다 · 一=하나 · 酒=술 | I37: 술 한 잔도 사 마시지 않았다 | J37: 술 한 잔도 사 마시지 않았다 | K37: N | Q37: 보통
A38: 37 | B38: 16 | C38: 3 | D38: 稱乾隆四十五年八月十二日內閣奉上諭朝鮮世守藩封 | E38: 素稱恭順 | F38: 歲時職貢 | H38: 稱=일컫다 | I38: 본디 공순하다 일컬어져 | J38: 본디 공순하다 일컬어져 | K38: N | Q38: 보통
A39: 38 | B39: 16 | C39: 4 | D39: 素稱恭順 | E39: 歲時職貢 | F39: 祗愼可嘉 | G39: 貢 | H39: 歲=한 해 · 時=때 · 貢=바치는 물건 | I39: 철마다 직공을 바치니 | J39: 철마다 공물을 바치니 | K39: N | Q39: 보통
A40: 39 | B40: 16 | C40: 5 | D40: 歲時職貢 | E40: 祗愼可嘉 | F40: 間遇特頒敕諭及資送歸國等事 | H40: 可=옳다·가하다 | I40: 공경하고 삼감이 가상하다 | J40: 그 공경함이 가상하다 | K40: N | Q40: 보통
A41: 40 | B41: 16 | C41: 6 | D41: 祗愼可嘉 | E41: 間遇特頒敕諭及資送歸國等事 | F41: 如琉球等國 | G41: 資 | H41: 及=미치다 · 資=밑천 · 送=보내다 · 歸=돌아가다 · 國=나라 · 等=무리 · 事=일 | I41: 간혹 특별히 칙유를 내리거나 귀국을 도와주는 일이 있으면 | J41: 간혹 칙유를 내리거나 귀국을 돕는 일이 있으면 | K41: N | Q41: 보통
A42: 41 | B42: 16 | C42: 7 | D42: 間遇特頒敕諭及資送歸國等事 | E42: 如琉球等國 | F42: 亦俱章陳謝 | H42: 如=같다 · 等=무리 · 國=나라 | I42: 유구 등 나라와 같이 | J42: 유구 같은 나라들처럼 | K42: N | Q42: 보통
A43: 42 | B43: 16 | C43: 13 | D43: 向因專使遠來 | E43: 若令賫回徒滋跋涉 | F43: 是以歷次留作正貢 | H43: 若=같다 | I43: 만약 가지고 돌아가게 하면 한갓 오가는 수고만 더한다 | J43: 도로 가져가게 하면 오가는 수고만 더할 뿐이다 | K43: N | Q43: 보통
A44: 43 | B44: 16 | C44: 14 | D44: 若令賫回徒滋跋涉 | E44: 是以歷次留作正貢 | F44: 以示優卹 | G44: 貢 | H44: 是=옳다·이것 · 以=~로써 · 留=머무르다 · 正=바르다 · 貢=바치는 물건 | I44: 그러므로 여러 차례 정공으로 남겨 두어 | J44: 그래서 여러 차례 정례 공물로 남겨 두어 | K44: N | Q44: 보통
A45: 44 | B45: 16 | C45: 15 | D45: 是以歷次留作正貢 | E45: 以示優卹 | F45: 而該國恪供 | H45: 以=~로써 | I45: 넉넉히 돌보는 뜻을 보였다 | J45: 넉넉히 돌보는 뜻을 보였다 | K45: N | Q45: 보통
A46: 45 | B46: 16 | C46: 17 | D46: 而該國恪供 | E46: 職守 | F46: 届應正貢時 | H46: 守=지키다 | I46: 직분을 지켜 | J46: 직분을 지켜 | K46: N | Q46: 보통
A47: 46 | B47: 16 | C47: 18 | D47: 職守 | E47: 届應正貢時 | F47: 仍復備物呈獻 | G47: 貢 | H47: 正=바르다 · 貢=바치는 물건 · 時=때 | I47: 정공 때가 되면 | J47: 정례 공물을 바칠 때가 되면 | K47: N | Q47: 보통
A48: 47 | B48: 16 | C48: 19 | D48: 届應正貢時 | E48: 仍復備物呈獻 | F48: 往來煩複 | H48: 物=물건 | I48: 다시 물건을 갖추어 바쳐 | J48: 다시 물건을 갖추어 바치니 | K48: N | Q48: 보통
A49: 48 | B49: 16 | C49: 31 | D49: 隨朝臣一軆行禮宴 | E49: 賚其隨 | F49: 表貢物 | H49: 其=그 | I49: 그 딸린 것을 내리고 | J49: 딸린 것을 내리고 | K49: N | Q49: 보통
A50: 49 | B50: 16 | C50: 32 | D50: 賚其隨 | E50: 表貢物 | F50: 此次卽行收受 | G50: 貢 | H50: 貢=바치는 물건 · 物=물건 | I50: 표문에 딸린 공물은 | J50: 표문에 딸린 공물은 | K50: N | Q50: 보통
A51: 50 | B51: 16 | C51: 33 | D51: 表貢物 | E51: 此次卽行收受 | F51: 以伸該國慶祝之誠 | H51: 此=이것 · 行=걸어가다 · 收=거두다 · 受=받다 | I51: 이번에는 곧바로 거두어들여 | J51: 이번에는 그대로 받아들여 | K51: N | Q51: 보통 | R51: 다음 절로 이동(연번 정정)
A52: 51 | B52: 16 | C52: 34 | D52: 此次卽行收受 | E52: 以伸該國慶祝之誠 | F52: 嗣後除歲時慶節正貢 | H52: 以=~로써 · 伸=몸을 펴다 · 國=나라 · 之=가다 (조사로도 쓰임) | I52: 그 나라의 경축하는 정성을 펴게 한다 | J52: 그 나라가 경축하는 정성을 펴게 한다 | K52: Y | L52: SD-2 신체·감각 | M52: TD-4 도덕·책무 | N52: 伸誠 | O52: 정성 표명 | P52: 몸을 폄이 정성을 드러냄으로 옮겨감 | Q52: 보통
A53: 52 | B53: 16 | C53: 35 | D53: 以伸該國慶祝之誠 | E53: 嗣後除歲時慶節正貢 | F53: 仍聽其照例備進 | G53: 貢 | H53: 後=뒤 · 歲=한 해 · 時=때 · 節=대나무의 마디 · 正=바르다 · 貢=바치는 물건 | I53: 이후로 철마다 경절의 정공을 제외하고는 | J53: 앞으로 명절의 정례 공물을 빼고는 | K53: N | Q53: 보통
A54: 53 | B54: 16 | C54: 36 | D54: 嗣後除歲時慶節正貢 | E54: 仍聽其照例備進 | F54: 其餘陳謝表章 | H54: 其=그 · 進=나아가다 | I54: 여전히 전례대로 갖추어 올리게 하고 | J54: 전례대로 갖추어 올리게 하되 | K54: N | Q54: 보통
A55: 54 | B55: 16 | C55: 37 | D55: 仍聽其照例備進 | E55: 其餘陳謝表章 | F55: 所有隨表貢物 | H55: 其=그 · 餘=남다 | I55: 그 밖의 사은 표장은 | J55: 그 밖의 사은 표문은 | K55: N | Q55: 보통
A56: 55 | B56: 16 | C56: 38 | D56: 其餘陳謝表章 | E56: 所有隨表貢物 | F56: 槪行停止 | G56: 貢 | H56: 所=바·곳 · 有=있다 · 貢=바치는 물건 · 物=물건 | I56: 딸린 공물 일체를 | J56: 거기 딸린 공물은 모두 | K56: N | Q56: 보통
A57: 56 | B57: 16 | C57: 39 | D57: 所有隨表貢物 | E57: 槪行停止 | F57: 毋庸備進 | H57: 行=걸어가다 | I57: 일괄 중지하고 | J57: 모두 그만두고 | K57: N | Q57: 보통
A58: 57 | B58: 17 | C58: 16 | D58: 改加賞國王 | E58: 陪臣幷從人等 | F58: 緞匹銀兩 | H58: 臣=신하 · 從=좇다 · 人=사람 · 等=무리 | I58: 배신과 종인 등에게 | J58: 수행 신하와 종인들에게 | K58: N | Q58: 보통
A59: 58 | B59: 17 | C59: 17 | D59: 陪臣幷從人等 | E59: 緞匹銀兩 | F59: 榮光所被 | G59: 銀 | H59: 銀=은 · 兩=두 개·무게 단위 | I59: 비단과 은냥을 더 내리니 | J59: 비단과 은을 더 내리니 | K59: N | Q59: 보통
A60: 59 | B60: 17 | C60: 18 | D60: 緞匹銀兩 | E60: 榮光所被 | F60: 曠絶前後 | H60: 光=빛 · 所=바·곳 | I60: 영광이 미치는 바가 | J60: 그 영광이 미치는 바가 | K60: Y | L60: SD-1 자연·물질 | M60: TD-2 권력·지배 | N60: 榮光所被 | O60: 은전 | P60: 빛이 덮음이 황제 은전의 미침으로 옮겨감 | Q60: 높음
A61: 60 | B61: 19 | C61: 26 | D61: 潛改句語 | E61: 不顧大軆 | F61: 只要一時悅豫之資 | H61: 不=아니다 · 大=크다 | I61: 큰 체통을 돌아보지 않고 | J61: 큰 체면을 돌아보지 않고 | K61: N | Q61: 보통
A62: 61 | B62: 19 | C62: 27 | D62: 不顧大軆 | E62: 只要一時悅豫之資 | F62: 自 | G62: 資 | H62: 要=구하다 · 一=하나 · 時=때 · 之=가다 (조사로도 쓰임) · 資=밑천 | I62: 다만 한때의 기쁨의 밑천만 구하여 | J62: 한때의 기쁨거리만 구하다가 | K62: N | Q62: 보통
A63: 62 | B63: 19 | C63: 28 | D63: 只要一時悅豫之資 | E63: 自 | F63: 陷罔上之科 | H63: 自=스스로 | I63: 스스로 | J63: 스스로 | K63: N | Q63: 보통
A64: 63 | B64: 21 | C64: 2 | D64: 仲存氏曰 | E64: 俱是深憂遠慮 | F64: 此編及原集中所論銀貨一段 | H64: 俱=함께 · 是=옳다·이것 · 深=깊다 · 遠=멀다 | I64: 모두 깊이 근심하고 멀리 생각한 것이다 | J64: 모두 깊이 근심하고 멀리 내다본 말이다 | K64: Y | L64: SD-3 공간·방위 | M64: TD-3 인식·진위 | N64: 深憂遠慮 | O64: 사려 | P64: 깊이와 거리가 사려의 정도로 옮겨감 | Q64: 보통
A65: 64 | B65: 21 | C65: 3 | D65: 俱是深憂遠慮 | E65: 此編及原集中所論銀貨一段 | F65: 有司者宜熟講 | G65: 貨 銀 | H65: 此=이것 · 及=미치다 · 原=물의 발원지 · 中=가운데 · 所=바·곳 · 銀=은 · 貨=사고파는 물건 · 一=하나 | I65: 이 편과 원집 가운데 논한 은화 한 대목은 | J65: 이 편과 원집에서 은화를 논한 대목은 | K65: N | Q65: 보통
A66: 65 | B66: 21 | C66: 4 | D66: 此編及原集中所論銀貨一段 | E66: 有司者宜熟講 | H66: 有=있다 · 者=~하는 것·사람 · 熟=열매가 익다 | I66: 유사인 자는 마땅히 익히 강구해야 한다 | J66: 실무를 맡은 이라면 깊이 헤아려야 한다 | K66: Y | L66: SD-1 자연·물질 | M66: TD-3 인식·진위 | N66: 熟講 | O66: 숙고 | P66: 열매가 익음이 논의의 무르익음으로 옮겨감 | Q66: 보통

Sheet 심세편
A1: 연번 | B1: 문단 | C1: 절번호 | D1: 앞 문맥(참고) | E1: ★ 판정 대상 절 ★ | F1: 뒤 문맥(참고) | G1: 트리거 | H1: 주요 글자의 기본 의미 | I1: 직역 | J1: 의역 | K1: 은유 여부 | L1: 원천 영역 | M1: 목표 영역 | N1: 원천 어휘 | O1: 목표 개념 | P1: 판정 근거 | Q1: 확신도 | R1: 비고
A2: 1 | B2: 2 | C2: 22 | D2: 道 | E2: 逢御史汪道昆 | F2: 屛息路左 | H2: 史=사관·역사 · 道=길 | I2: 어사 왕도곤을 만나 | J2: 어사 왕도곤을 만나자 | K2: N | Q2: 보통
A3: 2 | B3: 2 | C3: 23 | D3: 逢御史汪道昆 | E3: 屛息路左 | F3: 瞻望行塵 | G3: 息 | H3: 屛=숨을 죽이다 · 息=숨쉬다 · 路=길 | I3: 길 왼편에서 숨을 죽이고 | J3: 길가에 비켜서 숨을 죽인 채 | K3: Y | L3: SD-2 신체·감각 | M3: TD-2 권력·지배 | N3: 屛息 | O3: 위축 | P3: 숨을 죽임이 권세 앞의 위축으로 옮겨감 | Q3: 보통
A4: 3 | B4: 2 | C4: 24 | D4: 屛息路左 | E4: 瞻望行塵 | F4: 猶以爲榮 | H4: 望=바라보다 · 行=걸어가다 | I4: 가는 먼지를 바라보며 | J4: 지나가는 먼지를 바라보면서도 | K4: N | Q4: 보통
A5: 4 | B5: 2 | C5: 109 | D5: 始知衣冠士族幷在中原 | E5: 禮儀 | F5: 富盛 | H5: 禮=예 | I5: 예의 | J5: 예의와 | K5: N | Q5: 보통
A6: 5 | B6: 2 | C6: 110 | D6: 禮儀 | E6: 富盛 | F6: 人物殷阜 | G6: 富 | H6: 富=재물이 넉넉하다 | I6: 부성함 | J6: 부유함이며 | K6: N | Q6: 보통
A7: 6 | B7: 2 | C7: 111 | D7: 富盛 | E7: 人物殷阜 | F7: 耳目所識 | H7: 人=사람 · 物=물건 | I7: 인물이 넉넉하고 두텁다 | J7: 인물이 융성하다 | K7: Y | L7: SD-3 공간·방위 | M7: TD-5 문명·제도 | N7: 殷阜 | O7: 번성 | P7: 언덕의 두둑함이 인물의 성함으로 옮겨감 | Q7: 보통
A8: 7 | B8: 2 | C8: 131 | D8: 等百世之王 | E8: 莫之能違也 | F8: 旣無子貢之藝 | H8: 莫=없다 · 之=가다 (조사로도 쓰임) · 能=능하다 · 也=단정하는 조사 | I8: 어길 수 없다 | J8: 거스를 수 없다 | K8: N | Q8: 보통
A9: 8 | B9: 2 | C9: 132 | D9: 莫之能違也 | E9: 旣無子貢之藝 | F9: 季札之智 | G9: 貢 | H9: 旣=이미 · 無=없다 · 子=아들 · 貢=바치는 물건 · 之=가다 (조사로도 쓰임) | I9: 이미 자공의 재주가 없고 | J9: 자공 같은 재주도 없고 | K9: Y | L9: SD-6 문화·제도 | M9: TD-3 인식·진위 | N9: 子貢之藝 | O9: 재능 | P9: 역사 인물의 전거가 재능의 척도로 옮겨감 | Q9: 보통
A10: 9 | B10: 2 | C10: 133 | D10: 旣無子貢之藝 | E10: 季札之智 | F10: 則雖使笙鏞干 | H10: 之=가다 (조사로도 쓰임) · 智=슬기 | I10: 계찰의 지혜도 없으면 | J10: 계찰 같은 식견도 없으면 | K10: Y | L10: SD-6 문화·제도 | M10: TD-3 인식·진위 | N10: 季札之智 | O10: 식견 | P10: 역사 인물의 전거가 식견의 척도로 옮겨감 | Q10: 보통
A11: 10 | B11: 2 | C11: 238 | D11: 也 | E11: 彼將曰 | F11: 吾非利天下也 | H11: 彼=저 · 曰=말하다 | I11: 저들은 장차 말하리라 | J11: 저들은 이렇게 말할 것이다 | K11: N | Q11: 보통
A12: 11 | B12: 2 | C12: 239 | D12: 彼將曰 | E12: 吾非利天下也 | F12: 吾爲明室 | G12: 利 | H12: 吾=나 · 非=아니다 · 利=날이 날카롭다 → 이롭다 · 天=하늘 · 下=아래쪽 · 也=단정하는 조사 | I12: 나는 천하를 이롭게 하려는 것이 아니다 | J12: 나는 천하를 차지하려는 것이 아니라 | K12: N | Q12: 보통
A13: 12 | B13: 2 | C13: 240 | D13: 吾非利天下也 | E13: 吾爲明室 | F13: 復大仇雪大恥 | H13: 吾=나 · 爲=하다·되다 · 明=밝다 | I13: 나는 명나라 황실을 위하여 | J13: 명나라 황실을 위하여 | K13: N | Q13: 보통
A14: 13 | B14: 2 | C14: 288 | D14: 似若無所用心 | E14: 然其心以爲天下之小民 | F14: 薄其賦斂則安矣 | H14: 然=그러하다 · 其=그 · 心=마음 · 以=~로써 · 爲=하다·되다 · 天=하늘 · 下=아래쪽 · 之=가다 (조사로도 쓰임) · 小=작다 · 民=백성 | I14: 그러나 그 마음은 천하의 소민이 | J14: 그러나 속마음은 천하의 백성이 | K14: N | Q14: 보통
A15: 14 | B15: 2 | C15: 289 | D15: 然其心以爲天下之小民 | E15: 薄其賦斂則安矣 | F15: 安知不 | G15: 賦 | H15: 薄=얇다 · 其=그 · 賦=거두는 세 · 則=곧 · 安=편안하다 · 矣=마치는 조사 | I15: 그 부세를 얇게 하면 편안해진다고 여긴다 | J15: 세금만 가볍게 해 주면 만족하리라 여기는 것이다 | K15: Y | L15: SD-3 공간·방위 | M15: TD-2 권력·지배 | N15: 薄其賦斂 | O15: 경감 | P15: 두께의 얇음이 부세의 경감으로 옮겨감 | Q15: 보통
A16: 15 | B16: 2 | C16: 290 | D16: 薄其賦斂則安矣 | E16: 安知不 | F16: 反便乎我之帽服而不欲變我之制度乎 | H16: 安=편안하다 · 知=알다 · 不=아니다 | I16: 어찌 알겠는가 | J16: 어찌 알겠는가 | K16: N | Q16: 보통
A17: 16 | B17: 2 | C17: 296 | D17: 心 | E17: 其豪傑敢怒而不敢言其鄙佞 | F17: 因時義而爲身利 | H17: 其=그 · 而=말 잇는 조사 · 不=아니다 · 言=말하다 | I17: 그 호걸은 감히 노하되 감히 말하지 못하고 그 비루하고 아첨하는 자는 | J17: 호걸은 노하고도 말하지 못하며 비루하고 아첨하는 자는 | K17: N | Q17: 보통
A18: 17 | B18: 2 | C18: 297 | D18: 其豪傑敢怒而不敢言其鄙佞 | E18: 因時義而爲身利 | F18: 一以陰弱中土之士 | G18: 利 | H18: 因=말미암다 · 時=때 · 義=옳음 · 而=말 잇는 조사 · 爲=하다·되다 · 身=몸 · 利=날이 날카롭다 → 이롭다 | I18: 때의 명분을 빌려 제 몸의 이익으로 삼는다 | J18: 시세를 명분 삼아 제 잇속을 챙긴다 | K18: N | Q18: 보통
A19: 18 | B19: 2 | C19: 298 | D19: 因時義而爲身利 | E19: 一以陰弱中土之士 | F19: 一以顯受文敎之名 | H19: 一=하나 · 以=~로써 · 陰=그늘 · 弱=약하다 · 中=가운데 · 之=가다 (조사로도 쓰임) · 士=선비 | I19: 한편으로는 중원의 선비를 그늘로 약하게 하고 | J19: 한편으로는 중원의 선비를 은밀히 약화시키고 | K19: Y | L19: SD-1 자연·물질 | M19: TD-2 권력·지배 | N19: 陰弱 | O19: 은밀한 약화 | P19: 그늘이 은밀한 세력 약화로 옮겨감 | Q19: 높음
A20: 19 | B20: 2 | C20: 328 | D20: 皇帝私尊何累朱子 | E20: 而中州之士如此其恥之者 | F20: 葢有所激於陽尊而爲禦世之資耳 | H20: 而=말 잇는 조사 · 中=가운데 · 州=고을 · 之=가다 (조사로도 쓰임) · 士=선비 · 如=같다 · 此=이것 · 其=그 · 者=~하는 것·사람 | I20: 그런데 중원의 선비가 이처럼 부끄러워하는 것은 | J20: 그런데도 중원의 선비들이 이를 부끄러워하는 것은 | K20: N | Q20: 보통
A21: 20 | B21: 2 | C21: 329 | D21: 而中州之士如此其恥之者 | E21: 葢有所激於陽尊而爲禦世之資耳 | F21: 故時借一二集註之誤 | G21: 資 | H21: 有=있다 · 所=바·곳 · 於=~에 · 陽=볕 · 而=말 잇는 조사 · 爲=하다·되다 · 禦=막아내다 · 世=세상 · 之=가다 (조사로도 쓰임) · 資=밑천 | I21: 대개 겉으로 높이는 데 격분한 바가 있어 세상을 막는 밑천으로 삼을 뿐이다 | J21: 겉으로 떠받드는 태도에 자극받아 세상을 막는 구실로 삼을 뿐이다 | K21: Y | L21: SD-1 자연·물질 | M21: TD-2 권력·지배 | N21: 陽尊 | O21: 드러난 존숭 | P21: 볕이 표면적 존숭으로 옮겨감 | Q21: 보통
A22: 21 | B22: 2 | C22: 330 | D22: 葢有所激於陽尊而爲禦世之資耳 | E22: 故時借一二集註之誤 | F22: 以洩百年煩寃之氣 | H22: 故=까닭 · 時=때 · 一=하나 · 二=둘 · 之=가다 (조사로도 쓰임) | I22: 그러므로 때로 한두 집주의 잘못을 빌려 | J22: 그래서 때로 집주의 오류 한둘을 구실 삼아 | K22: Y | L22: SD-6 문화·제도 | M22: TD-3 인식·진위 | N22: 借集註之誤 | O22: 구실 삼음 | P22: 빌림이 구실의 차용으로 옮겨감 | Q22: 보통

Sheet 코드 정의
A1: 구분 | B1: 코드 | C1: 정의
A2: 원천 영역 | B2: SD-1 자연·물질 | C2: 물·지형·광물·기상 등 자연물과 그 운동
A3: 원천 영역 | B3: SD-2 신체·감각 | C3: 신체 부위와 그 작용, 감각 경험
A4: 원천 영역 | B4: SD-3 공간·방위 | C4: 상하·내외·원근 등 공간 배치와 방위
A5: 원천 영역 | B5: SD-4 사냥·전쟁 | C5: 목표물을 두고 경쟁적으로 추격·획득하는 행위
A6: 원천 영역 | B6: SD-5 운동·시간 | C6: 이동·방향·시간의 경과와 축적
A7: 원천 영역 | B7: SD-6 문화·제도 | C7: 역사 인물·전거, 신분 제도, 문자·복식 등 인공적 산물
A8: 원천 영역 | B8: (수사 기제) | C8: 원천 영역이 아니라 과장·역설·대조 등 표현을 조직하는 방식
A9: 목표 영역 | B9: TD-1 축적·유통 | C9: 재화의 축적, 유통, 경제 원리 자체
A10: 목표 영역 | B10: TD-2 권력·지배 | C10: 정치 권력, 지배와 복속, 국가 간 관계
A11: 목표 영역 | B11: TD-3 인식·진위 | C11: 앎, 판단, 진위 분별, 인식의 한계
A12: 목표 영역 | B12: TD-4 도덕·책무 | C12: 윤리 규범, 의무, 사회적 책임
... A15: 목표 영역 | B15: TD-6 기타 | C15: 위 여섯에 들지 않는 목표. 반드시 비고란에 무엇인지 적을 것

Sheet 트리거 해설
A1: 구분 | B1: 트리거 | C1: 기본 의미와 재화 관련성
A2: 복합어 | B2: 貿易 | C2: 물건을 바꾸다
A3: 복합어 | B3: 典當 | C3: 물건을 잡히고 돈을 빌리다
A4: 복합어 | B4: 包銀 | C4: 사행에 가져가는 정액의 은
A5: 복합어 | B5: 千金 | C5: 천 냥, 큰 재물
A6: 복합어 | B6: 萬金 | C6: 만 냥, 매우 큰 재물
A7: 복합어 | B7: 素封 | C7: 벼슬 없이 부유한 사람
A8: 복합어 | B8: 貨殖 | C8: 재물을 불리다
A9: 복합어 | B9: 財幣 | C9: 재물과 화폐
A10: 복합어 | B10: 財貨 | C10: 재물
A11: 단일자 | B11: 財 | C11: 재물 일반
A12: 단일자 | B12: 貨 | C12: 사고파는 물건
... A42: 단일자 | B42: 羨 | C42: 남아 넘치다
A44: ※ 트리거는 재화 관련 문맥을 기계적으로 골라내기 위한 장치입니다. 트리거가 있다고 은유인 것도, 없다고 은유가 아닌 것도 아닙니다. 트리거를 포함한 절과 그 앞뒤 각 1절이 판정 대상이 됩니다.

Sheet 기본 의미 사전
A1: 글자 | B1: 기본 의미 | D1: ※ 기본 의미란 더 구체적이고 신체적 경험에 가까우며 역사적으로 앞선 의미입니다. 문맥에서 쓰인 뜻이 아닙니다. 두 의미가 다르고 앞의 것을 뒤의 것과의 비교로 이해할 수 있으면 은유로 판정합니다. 주석은 사전을 대신 찾아 준 것일 뿐이며, 주석이 있다고 은유인 것도 없다고 은유가 아닌 것도 아닙니다. 사전에 없는 글자는 직접 확인하십시오.
A2: 一 | B2: 하나
A3: 七 | B3: 일곱
A4: 三 | B4: 셋
A5: 上 | B5: 위쪽
A6: 下 | B6: 아래쪽
A7: 不 | B7: 아니다
A8: 世 | B8: 세상
A9: 中 | B9: 가운데
A10: 主 | B10: 주인
A11: 乃 | B11: 이에
A12: 久 | B12: 오래되다
A13: 之 | B13: 가다 (조사로도 쓰임)
... A470: 鼎 | B470: 솥
