Workbook

Sheet 안내
A1: 연구자료 최종 공개본 안내
A3: 용도 | B3: GitHub 저장소 results/research_data.xlsx 로 추가 업로드할 최종 공개용 데이터 파일
A4: 버전 정책 | B4: 기존 results/v1_research_data.xlsx 는 초기 제출본 보존용으로 유지하고, 이 파일을 results/research_data.xlsx 로 추가 업로드
A5: 최종 판정 | B5: 8편 1,880절 중 은유 217건 확정
A6: 원천 코드 | B6: SD-1 자연·물질 / SD-2 신체·감각 / SD-3 공간·방위 / SD-4 사냥·전쟁 / SD-5 운동·시간 / SD-6 문화·제도
A7: 목표 코드 | B7: TD-1 축적·유통 / TD-2 권력·지배 / TD-3 인식·진위 / TD-4 도덕·책무 / TD-5 문명·제도 / TD-6 기타 / TD-7 경물·감각
A8: 대응 후보군 | B8: 화식열전 TD-1 43건 + 열하일기 비-TD-1 97건
A9: 반례 | B9: 열하일기 TD-1 54건
A10: 감각성 지수 | B10: A/(A+B)×100. 기술적 보조 지표로 한정하여 해석
A11: 공개 저장소 | B11: https://github.com/unjo88/yeolha-hwasik-metaphor
A12: 재현 실행 환경 | B12: https://yeolha-hwasik-metaphor-4vpvxmt9xbzie6mhsscmhj.streamlit.app
A13: 작성 기준 | B13: 2026-08-09 대화에서 확정한 Ⅲ장·Ⅳ장 및 부록 수치에 맞춰 생성

Sheet 판정_217건
A1: 최종 은유 판정 217건
A3: ID | B3: 텍스트 | C3: 절 | D3: 판정 대상 절/원문 | E3: 원천 영역 | F3: 목표 영역 | G3: 원천 어휘·설명 | H3: 목표 개념·설명 | I3: 판정 근거 | J3: 자료 추적
A4: 1 | B4: 화식열전 | C4: 1 | D4: 息之 | E4: SD-1 자연·물질 | F4: TD-1 축적·유통 | G4: 생명·번식 | H4: 자본·증식 | I4: 원천: 자연물·물질과 그 운동. 식물·생명은 자연물의 생장, 저울·직조·바퀴·기와는 물질적 도구와 그 작용 / 목표: 재화의 축적·유통과 경제 원리 | J4: 영역코드_표준화_완성본(1).xlsx
A5: 2 | B5: 화식열전 | C5: 1 | D5: 漢興 | E5: SD-2 신체·감각 | F5: TD-2 권력·지배 | G5: 신체·기립 | H5: 국가·왕조 | I5: 원천: 신체 부위와 감각 작용. 빛·가시성은 시각 경험 / 목표: 정치 권력과 지배 관계 | J5: 영역코드_표준화_완성본(1).xlsx
A6: 3 | B6: 화식열전 | C6: 2 | D6: 富相什則卑下之 | E6: SD-3 공간·방위 | F6: TD-4 도덕·책무 | G6: 공간·상하 | H6: 태도·사회관계 | I6: 원천: 상하·내외·통로 등 공간 배치 / 목표: 윤리 규범과 사회적 책임 | J6: 영역코드_표준화_완성본(1).xlsx
A7: 4 | B7: 화식열전 | C7: 3 | D7: 而富者必用奇勝 | E7: SD-4 사냥·전쟁 | F7: TD-1 축적·유통 | G7: 전쟁·승리 | H7: 부·경영전략 | I7: 원천: 목표물을 두고 경쟁적으로 추격·획득하는 행위 / 목표: 부를 이루는 경영 전략과 경쟁 우위는 경제 축적 영역 | J7: 영역코드_표준화_완성본(1).xlsx
A8: 5 | B8: 화식열전 | C8: 4 | D8: 商不出則三寶絕 | E8: SD-1 자연·물질 | F8: TD-1 축적·유통 | G8: 끈·연결 | H8: 경제·공급 | I8: 원천: 자연물·물질과 그 운동. 식물·생명은 자연물의 생장, 저울·직조·바퀴·기와는 물질적 도구와 그 작용 / 목표: 재화의 축적·유통과 경제 원리 | J8: 영역코드_표준화_완성본(1).xlsx
A9: 6 | B9: 화식열전 | C9: 4 | D9: 弛山澤之禁 | E9: SD-1 자연·물질 | F9: TD-2 권력·지배 | G9: 끈·긴장 | H9: 법·규제 | I9: 원천: 자연물·물질과 그 운동. 식물·생명은 자연물의 생장, 저울·직조·바퀴·기와는 물질적 도구와 그 작용 / 목표: 정치 권력과 지배 관계 | J9: 영역코드_표준화_완성본(1).xlsx
A10: 7 | B10: 화식열전 | C10: 4 | D10: 禮生於有而廢於無 | E10: SD-1 자연·물질 | F10: TD-4 도덕·책무 | G10: 생명·성장 | H10: 예의·도덕 | I10: 원천: 자연물·물질과 그 운동. 식물·생명은 자연물의 생장, 저울·직조·바퀴·기와는 물질적 도구와 그 작용 / 목표: 윤리 규범과 사회적 책임 | J10: 영역코드_표준화_완성본(1).xlsx
A11: 8 | B11: 화식열전 | C11: 4 | D11: 與時俯仰 | E11: SD-2 신체·감각 | F11: TD-1 축적·유통 | G11: 신체·자세 | H11: 시장 대응·처세 | I11: 원천: 신체 부위와 감각 작용. 빛·가시성은 시각 경험 / 목표: 재화의 축적·유통과 경제 원리 | J11: 영역코드_표준화_완성본(1).xlsx
A12: 9 | B12: 화식열전 | C12: 5 | D12: 歸於富厚 | E12: SD-5 운동·시간 | F12: TD-1 축적·유통 | G12: 이동·귀환 | H12: 경제·결과 | I12: 원천: 이동·방향·시간의 경과 / 목표: 재화의 축적·유통과 경제 원리 | J12: 영역코드_표준화_완성본(1).xlsx
A13: 10 | B13: 화식열전 | C13: 5 | D13: 自虞夏之貢以為上田 | E13: SD-3 공간·방위 | F13: TD-5 문명·제도 | G13: 공간·상하 | H13: 토지·등급 | I13: 원천: 상하·내외·통로 등 공간 배치 / 목표: 문명의 상태와 제도·관습 | J13: 영역코드_표준화_완성본(1).xlsx
A14: 11 | B14: 화식열전 | C14: 6 | D14: 交易之物莫不通 | E14: SD-3 공간·방위 | F14: TD-1 축적·유통 | G14: 공간·통로 | H14: 경제·유통 | I14: 원천: 상하·내외·통로 등 공간 배치 / 목표: 재화의 축적·유통과 경제 원리 | J14: 영역코드_표준화_완성본(1).xlsx
A15: 12 | B15: 화식열전 | C15: 6 | D15: 以末致 | E15: SD-1 자연·물질 | F15: TD-1 축적·유통 | G15: 식물·가지 | H15: 상업·산업구조 | I15: 원천: 자연물·물질과 그 운동. 식물·생명은 자연물의 생장, 저울·직조·바퀴·기와는 물질적 도구와 그 작용 / 목표: 재화의 축적·유통과 경제 원리 | J15: 영역코드_표준화_완성본(1).xlsx
... A69: 66 | B69: 화식열전 | C69: 78 | D69: 富最下 | E69: SD-3 공간·방위 | F69: TD-1 축적·유통 | G69: 공간·상하 | H69: 경제활동·가치서열 | I69: 원천: 상하·내외·통로 등 공간 배치 / 목표: 재화의 축적·유통과 경제 원리 | J69: 영역코드_표준화_완성본(1).xlsx
A70: 67 | B70: 도강록 | C70: 8 | D70: 吮朝鮮膏血 | E70: SD-2 신체·감각 | F70: TD-2 권력·지배 | G70: 吮膏血 | I70: 기름과 피를 빨아먹음이 재물 수탈로 옮겨감 앞뒤 문맥을 함께 보면 ‘吮朝鮮膏血’은 단순한 문자적 묘사에 그치 | J70: 대응쌍_후보표_선정완성본(1).xlsx / 후보표
A71: 68 | B71: 도강록 | C71: 8 | D71: 堆着笑臉 | E71: SD-3 공간·방위 | F71: TD-7 경물·감각 | G71: 堆着笑臉 | I71: 쌓아 올림이 얼굴에 웃음을 띰으로 옮겨감 앞뒤 문맥을 함께 보면 ‘堆着笑臉’은 단순한 문자적 묘사에 그치지 | J71: 대응쌍_후보표_선정완성본(1).xlsx / 후보표
A72: 69 | B72: 도강록 | C72: 9 | D72: 大致富厚 | E72: SD-3 공간·방위 | F72: TD-1 축적·유통 | G72: 富厚 | I72: 두께가 재산의 두터움으로 옮겨감 앞뒤 문맥을 함께 보면 ‘大致富厚’은 단순한 문자적 묘사에 그치지 않고, ‘ | J72: 대응쌍_후보표_선정완성본(1).xlsx / 반례 목록
A73: 70 | B73: 도강록 | C73: 11 | D73: 斷膓淸南第一州 | E73: SD-2 신체·감각 | F73: TD-7 경물·감각 | G73: 斷膓 | I73: 창자가 끊어짐이 이별의 슬픔으로 옮겨감 앞뒤 문맥을 함께 보면 ‘斷膓淸南第一州’은 단순한 문자적 묘사에 그치 | J73: 대응쌍_후보표_선정완성본(1).xlsx / 후보표
A74: 71 | B74: 도강록 | C74: 11 | D74: 高勾麗封域時有贏縮 | E74: SD-3 공간·방위 | F74: TD-5 문명·제도 | G74: 贏縮 | I74: 물체의 늘고 줆이 국경의 신축으로 옮겨감 앞뒤 문맥을 함께 보면 ‘高勾麗封域時有贏縮’은 단순한 문자적 묘사에 | J74: 대응쌍_후보표_선정완성본(1).xlsx / 후보표
A75: 72 | B75: 도강록 | C75: 14 | D75: 其利殖之法 | E75: SD-1 자연·물질 | F75: TD-1 축적·유통 | G75: 利殖 | I75: 초목의 생장이 이자의 불어남으로 옮겨감 앞뒤 문맥을 함께 보면 ‘其利殖之法’은 단순한 문자적 묘사에 그치지 | J75: 대응쌍_후보표_선정완성본(1).xlsx / 반례 목록
A76: 73 | B76: 도강록 | C76: 16 | D76: 貿易諸貨爲奇羡 | E76: SD-1 자연·물질 | F76: TD-1 축적·유통 | G76: 奇羨 | I76: 물이 넘침이 무역의 이문으로 옮겨감 앞뒤 문맥을 함께 보면 ‘貿易諸貨爲奇羡’은 단순한 문자적 묘사에 그치지 | J76: 대응쌍_후보표_선정완성본(1).xlsx / 반례 목록
A77: 74 | B77: 도강록 | C77: 18 | D77: 舌本瀏利如誦熟文 | E77: SD-2 신체·감각 | F77: TD-6 기타 | G77: 舌本瀏利 | I77: 혀뿌리의 매끄러움이 말솜씨로 옮겨감(직유) 앞뒤 문맥을 함께 보면 ‘舌本瀏利如誦熟文’은 단순한 문자적 묘사에 | J77: 대응쌍_후보표_선정완성본(1).xlsx / 후보표
A78: 75 | B78: 도강록 | C78: 20 | D78: 一路上染得暑痢 | E78: SD-6 문화·제도 | F78: TD-7 경물·감각 | G78: 染 | I78: 천을 물들임이 병에 걸림으로 옮겨감 앞뒤 문맥을 함께 보면 ‘一路上染得暑痢’은 단순한 문자적 묘사에 그치지 | J78: 대응쌍_후보표_선정완성본(1).xlsx / 후보표
A79: 76 | B79: 도강록 | C79: 20 | D79: 汝復賣眼 | E79: SD-2 신체·감각 | F79: TD-6 기타 | G79: 賣眼 | I79: 눈을 판다는 신체 표현이 묵인으로 옮겨감 앞뒤 문맥을 함께 보면 ‘汝復賣眼’은 단순한 문자적 묘사에 그치지 | J79: 대응쌍_후보표_선정완성본(1).xlsx / 후보표
A80: 77 | B80: 도강록 | C80: 22 | D80: 今日眞得了其債矣 | E80: SD-6 문화·제도 | F80: TD-6 기타 | G80: 得了其債 | I80: 채무 관념이 유람의 숙원 해소로 옮겨감 앞뒤 문맥을 함께 보면 ‘今日眞得了其債矣’은 단순한 문자적 묘사에 그 | J80: 대응쌍_후보표_선정완성본(1).xlsx / 후보표
A81: 78 | B81: 도강록 | C81: 23 | D81: 可謂太崇儉矣 | E81: SD-3 공간·방위 | F81: TD-4 도덕·책무 | G81: 崇 | I81: 공간의 높음이 가치의 존숭으로 옮겨감 앞뒤 문맥을 함께 보면 ‘可謂太崇儉矣’은 단순한 문자적 묘사에 그치지 | J81: 대응쌍_후보표_선정완성본(1).xlsx / 후보표
... A220: 217 | B220: 심세편 | C220: 330 | D220: 故時借一二集註之誤 | E220: SD-6 문화·제도 | F220: TD-3 인식·진위 | G220: 借集註之誤 | I220: 빌림이 구실의 차용으로 옮겨감 앞뒤 문맥을 함께 보면 ‘故時借一二集註之誤’은 단순한 문자적 묘사에 그치지 않 | J220: 대응쌍_후보표_선정완성본(1).xlsx / 후보표

Sheet 판정_규모
A1: 텍스트별 판정 규모
A3: 문헌 | B3: 편 | C3: 판정 대상 절 | D3: 은유 | E3: 비은유 | F3: 은유율(%)
A4: 사기 | B4: 화식열전 | C4: 394 | D4: =COUNTIF(판정_217건!$B$4:$B$220,B4) -> 66 | E4: =C4-D4 -> 328 | F4: =D4/C4*100 -> 16.751269
A5: 열하일기 | B5: 도강록 | C5: 324 | D5: =COUNTIF(판정_217건!$B$4:$B$220,B5) -> 29 | E5: =C5-D5 -> 295 | F5: =D5/C5*100 -> 8.9506173
A6: 열하일기 | B6: 성경잡지 | C6: 295 | D6: =COUNTIF(판정_217건!$B$4:$B$220,B6) -> 23 | E6: =C6-D6 -> 272 | F6: =D6/C6*100 -> 7.7966102
A7: 열하일기 | B7: 일신수필 | C7: 273 | D7: =COUNTIF(판정_217건!$B$4:$B$220,B7) -> 24 | E7: =C7-D7 -> 249 | F7: =D7/C7*100 -> 8.7912088
A8: 열하일기 | B8: 관내정사 | C8: 254 | D8: =COUNTIF(판정_217건!$B$4:$B$220,B8) -> 26 | E8: =C8-D8 -> 228 | F8: =D8/C8*100 -> 10.23622
A9: 열하일기 | B9: 옥갑야화 | C9: 254 | D9: =COUNTIF(판정_217건!$B$4:$B$220,B9) -> 32 | E9: =C9-D9 -> 222 | F9: =D9/C9*100 -> 12.598425
A10: 열하일기 | B10: 행재잡록 | C10: 65 | D10: =COUNTIF(판정_217건!$B$4:$B$220,B10) -> 10 | E10: =C10-D10 -> 55 | F10: =D10/C10*100 -> 15.384615
A11: 열하일기 | B11: 심세편 | C11: 21 | D11: =COUNTIF(판정_217건!$B$4:$B$220,B11) -> 7 | E11: =C11-D11 -> 14 | F11: =D11/C11*100 -> 33.333333
A12: 합계 | C12: =SUM(C4:C11) -> 1880 | D12: =SUM(D4:D11) -> 217 | E12: =SUM(E4:E11) -> 1663 | F12: =D12/C12*100 -> 11.542553

Sheet 원천_분포
A1: 8개 텍스트 원천 영역 분포
A3: 원천 영역 | B3: 화식열전 | C3: 도강록 | D3: 성경잡지 | E3: 일신수필 | F3: 관내정사 | G3: 옥갑야화 | H3: 행재잡록 | I3: 심세편 | J3: 합계
A4: SD-1 자연·물질 | B4: =COUNTIFS(판정_217건!$E$4:$E$220,$A4,판정_217건!$B$4:$B$220,B$3) -> 30 | C4: =COUNTIFS(판정_217건!$E$4:$E$220,$A4,판정_217건!$B$4:$B$220,C$3) -> 10 | D4: =COUNTIFS(판정_217건!$E$4:$E$220,$A4,판정_217건!$B$4:$B$220,D$3) -> 11 | E4: =COUNTIFS(판정_217건!$E$4:$E$220,$A4,판정_217건!$B$4:$B$220,E$3) -> 14 | F4: =COUNTIFS(판정_217건!$E$4:$E$220,$A4,판정_217건!$B$4:$B$220,F$3) -> 13 | G4: =COUNTIFS(판정_217건!$E$4:$E$220,$A4,판정_217건!$B$4:$B$220,G$3) -> 12 | H4: =COUNTIFS(판정_217건!$E$4:$E$220,$A4,판정_217건!$B$4:$B$220,H$3) -> 5 | I4: =COUNTIFS(판정_217건!$E$4:$E$220,$A4,판정_217건!$B$4:$B$220,I$3) -> 2 | J4: =SUM(B4:I4) -> 97
A5: SD-2 신체·감각 | B5: =COUNTIFS(판정_217건!$E$4:$E$220,$A5,판정_217건!$B$4:$B$220,B$3) -> 10 | C5: =COUNTIFS(판정_217건!$E$4:$E$220,$A5,판정_217건!$B$4:$B$220,C$3) -> 6 | D5: =COUNTIFS(판정_217건!$E$4:$E$220,$A5,판정_217건!$B$4:$B$220,D$3) -> 4 | E5: =COUNTIFS(판정_217건!$E$4:$E$220,$A5,판정_217건!$B$4:$B$220,E$3) -> 3 | F5: =COUNTIFS(판정_217건!$E$4:$E$220,$A5,판정_217건!$B$4:$B$220,F$3) -> 5 | G5: =COUNTIFS(판정_217건!$E$4:$E$220,$A5,판정_217건!$B$4:$B$220,G$3) -> 3 | H5: =COUNTIFS(판정_217건!$E$4:$E$220,$A5,판정_217건!$B$4:$B$220,H$3) -> 3 | I5: =COUNTIFS(판정_217건!$E$4:$E$220,$A5,판정_217건!$B$4:$B$220,I$3) -> 0 | J5: =SUM(B5:I5) -> 34
A6: SD-3 공간·방위 | B6: =COUNTIFS(판정_217건!$E$4:$E$220,$A6,판정_217건!$B$4:$B$220,B$3) -> 11 | C6: =COUNTIFS(판정_217건!$E$4:$E$220,$A6,판정_217건!$B$4:$B$220,C$3) -> 9 | D6: =COUNTIFS(판정_217건!$E$4:$E$220,$A6,판정_217건!$B$4:$B$220,D$3) -> 3 | E6: =COUNTIFS(판정_217건!$E$4:$E$220,$A6,판정_217건!$B$4:$B$220,E$3) -> 3 | F6: =COUNTIFS(판정_217건!$E$4:$E$220,$A6,판정_217건!$B$4:$B$220,F$3) -> 4 | G6: =COUNTIFS(판정_217건!$E$4:$E$220,$A6,판정_217건!$B$4:$B$220,G$3) -> 8 | H6: =COUNTIFS(판정_217건!$E$4:$E$220,$A6,판정_217건!$B$4:$B$220,H$3) -> 1 | I6: =COUNTIFS(판정_217건!$E$4:$E$220,$A6,판정_217건!$B$4:$B$220,I$3) -> 2 | J6: =SUM(B6:I6) -> 41
A7: SD-4 사냥·전쟁 | B7: =COUNTIFS(판정_217건!$E$4:$E$220,$A7,판정_217건!$B$4:$B$220,B$3) -> 6 | C7: =COUNTIFS(판정_217건!$E$4:$E$220,$A7,판정_217건!$B$4:$B$220,C$3) -> 0 | D7: =COUNTIFS(판정_217건!$E$4:$E$220,$A7,판정_217건!$B$4:$B$220,D$3) -> 1 | E7: =COUNTIFS(판정_217건!$E$4:$E$220,$A7,판정_217건!$B$4:$B$220,E$3) -> 1 | F7: =COUNTIFS(판정_217건!$E$4:$E$220,$A7,판정_217건!$B$4:$B$220,F$3) -> 0 | G7: =COUNTIFS(판정_217건!$E$4:$E$220,$A7,판정_217건!$B$4:$B$220,G$3) -> 1 | H7: =COUNTIFS(판정_217건!$E$4:$E$220,$A7,판정_217건!$B$4:$B$220,H$3) -> 0 | I7: =COUNTIFS(판정_217건!$E$4:$E$220,$A7,판정_217건!$B$4:$B$220,I$3) -> 0 | J7: =SUM(B7:I7) -> 9
A8: SD-5 운동·시간 | B8: =COUNTIFS(판정_217건!$E$4:$E$220,$A8,판정_217건!$B$4:$B$220,B$3) -> 6 | C8: =COUNTIFS(판정_217건!$E$4:$E$220,$A8,판정_217건!$B$4:$B$220,C$3) -> 0 | D8: =COUNTIFS(판정_217건!$E$4:$E$220,$A8,판정_217건!$B$4:$B$220,D$3) -> 0 | E8: =COUNTIFS(판정_217건!$E$4:$E$220,$A8,판정_217건!$B$4:$B$220,E$3) -> 1 | F8: =COUNTIFS(판정_217건!$E$4:$E$220,$A8,판정_217건!$B$4:$B$220,F$3) -> 1 | G8: =COUNTIFS(판정_217건!$E$4:$E$220,$A8,판정_217건!$B$4:$B$220,G$3) -> 1 | H8: =COUNTIFS(판정_217건!$E$4:$E$220,$A8,판정_217건!$B$4:$B$220,H$3) -> 0 | I8: =COUNTIFS(판정_217건!$E$4:$E$220,$A8,판정_217건!$B$4:$B$220,I$3) -> 0 | J8: =SUM(B8:I8) -> 9
A9: SD-6 문화·제도 | B9: =COUNTIFS(판정_217건!$E$4:$E$220,$A9,판정_217건!$B$4:$B$220,B$3) -> 3 | C9: =COUNTIFS(판정_217건!$E$4:$E$220,$A9,판정_217건!$B$4:$B$220,C$3) -> 4 | D9: =COUNTIFS(판정_217건!$E$4:$E$220,$A9,판정_217건!$B$4:$B$220,D$3) -> 4 | E9: =COUNTIFS(판정_217건!$E$4:$E$220,$A9,판정_217건!$B$4:$B$220,E$3) -> 2 | F9: =COUNTIFS(판정_217건!$E$4:$E$220,$A9,판정_217건!$B$4:$B$220,F$3) -> 3 | G9: =COUNTIFS(판정_217건!$E$4:$E$220,$A9,판정_217건!$B$4:$B$220,G$3) -> 7 | H9: =COUNTIFS(판정_217건!$E$4:$E$220,$A9,판정_217건!$B$4:$B$220,H$3) -> 1 | I9: =COUNTIFS(판정_217건!$E$4:$E$220,$A9,판정_217건!$B$4:$B$220,I$3) -> 3 | J9: =SUM(B9:I9) -> 27
A10: 합계 | B10: =SUM(B4:B9) -> 66 | C10: =SUM(C4:C9) -> 29 | D10: =SUM(D4:D9) -> 23 | E10: =SUM(E4:E9) -> 24 | F10: =SUM(F4:F9) -> 26 | G10: =SUM(G4:G9) -> 32 | H10: =SUM(H4:H9) -> 10 | I10: =SUM(I4:I9) -> 7 | J10: =SUM(J4:J9) -> 217

Sheet 목표_분포
A1: 8개 텍스트 목표 영역 분포
A3: 목표 영역 | B3: 화식열전 | C3: 도강록 | D3: 성경잡지 | E3: 일신수필 | F3: 관내정사 | G3: 옥갑야화 | H3: 행재잡록 | I3: 심세편 | J3: 합계
A4: TD-1 축적·유통 | B4: =COUNTIFS(판정_217건!$F$4:$F$220,$A4,판정_217건!$B$4:$B$220,B$3) -> 43 | C4: =COUNTIFS(판정_217건!$F$4:$F$220,$A4,판정_217건!$B$4:$B$220,C$3) -> 8 | D4: =COUNTIFS(판정_217건!$F$4:$F$220,$A4,판정_217건!$B$4:$B$220,D$3) -> 10 | E4: =COUNTIFS(판정_217건!$F$4:$F$220,$A4,판정_217건!$B$4:$B$220,E$3) -> 10 | F4: =COUNTIFS(판정_217건!$F$4:$F$220,$A4,판정_217건!$B$4:$B$220,F$3) -> 5 | G4: =COUNTIFS(판정_217건!$F$4:$F$220,$A4,판정_217건!$B$4:$B$220,G$3) -> 20 | H4: =COUNTIFS(판정_217건!$F$4:$F$220,$A4,판정_217건!$B$4:$B$220,H$3) -> 1 | I4: =COUNTIFS(판정_217건!$F$4:$F$220,$A4,판정_217건!$B$4:$B$220,I$3) -> 0 | J4: =SUM(B4:I4) -> 97
A5: TD-2 권력·지배 | B5: =COUNTIFS(판정_217건!$F$4:$F$220,$A5,판정_217건!$B$4:$B$220,B$3) -> 5 | C5: =COUNTIFS(판정_217건!$F$4:$F$220,$A5,판정_217건!$B$4:$B$220,C$3) -> 3 | D5: =COUNTIFS(판정_217건!$F$4:$F$220,$A5,판정_217건!$B$4:$B$220,D$3) -> 0 | E5: =COUNTIFS(판정_217건!$F$4:$F$220,$A5,판정_217건!$B$4:$B$220,E$3) -> 3 | F5: =COUNTIFS(판정_217건!$F$4:$F$220,$A5,판정_217건!$B$4:$B$220,F$3) -> 3 | G5: =COUNTIFS(판정_217건!$F$4:$F$220,$A5,판정_217건!$B$4:$B$220,G$3) -> 1 | H5: =COUNTIFS(판정_217건!$F$4:$F$220,$A5,판정_217건!$B$4:$B$220,H$3) -> 3 | I5: =COUNTIFS(판정_217건!$F$4:$F$220,$A5,판정_217건!$B$4:$B$220,I$3) -> 3 | J5: =SUM(B5:I5) -> 21
A6: TD-3 인식·진위 | B6: =COUNTIFS(판정_217건!$F$4:$F$220,$A6,판정_217건!$B$4:$B$220,B$3) -> 0 | C6: =COUNTIFS(판정_217건!$F$4:$F$220,$A6,판정_217건!$B$4:$B$220,C$3) -> 0 | D6: =COUNTIFS(판정_217건!$F$4:$F$220,$A6,판정_217건!$B$4:$B$220,D$3) -> 2 | E6: =COUNTIFS(판정_217건!$F$4:$F$220,$A6,판정_217건!$B$4:$B$220,E$3) -> 1 | F6: =COUNTIFS(판정_217건!$F$4:$F$220,$A6,판정_217건!$B$4:$B$220,F$3) -> 1 | G6: =COUNTIFS(판정_217건!$F$4:$F$220,$A6,판정_217건!$B$4:$B$220,G$3) -> 3 | H6: =COUNTIFS(판정_217건!$F$4:$F$220,$A6,판정_217건!$B$4:$B$220,H$3) -> 2 | I6: =COUNTIFS(판정_217건!$F$4:$F$220,$A6,판정_217건!$B$4:$B$220,I$3) -> 3 | J6: =SUM(B6:I6) -> 12
A7: TD-4 도덕·책무 | B7: =COUNTIFS(판정_217건!$F$4:$F$220,$A7,판정_217건!$B$4:$B$220,B$3) -> 7 | C7: =COUNTIFS(판정_217건!$F$4:$F$220,$A7,판정_217건!$B$4:$B$220,C$3) -> 3 | D7: =COUNTIFS(판정_217건!$F$4:$F$220,$A7,판정_217건!$B$4:$B$220,D$3) -> 3 | E7: =COUNTIFS(판정_217건!$F$4:$F$220,$A7,판정_217건!$B$4:$B$220,E$3) -> 1 | F7: =COUNTIFS(판정_217건!$F$4:$F$220,$A7,판정_217건!$B$4:$B$220,F$3) -> 7 | G7: =COUNTIFS(판정_217건!$F$4:$F$220,$A7,판정_217건!$B$4:$B$220,G$3) -> 3 | H7: =COUNTIFS(판정_217건!$F$4:$F$220,$A7,판정_217건!$B$4:$B$220,H$3) -> 3 | I7: =COUNTIFS(판정_217건!$F$4:$F$220,$A7,판정_217건!$B$4:$B$220,I$3) -> 0 | J7: =SUM(B7:I7) -> 27
A8: TD-5 문명·제도 | B8: =COUNTIFS(판정_217건!$F$4:$F$220,$A8,판정_217건!$B$4:$B$220,B$3) -> 8 | C8: =COUNTIFS(판정_217건!$F$4:$F$220,$A8,판정_217건!$B$4:$B$220,C$3) -> 5 | D8: =COUNTIFS(판정_217건!$F$4:$F$220,$A8,판정_217건!$B$4:$B$220,D$3) -> 3 | E8: =COUNTIFS(판정_217건!$F$4:$F$220,$A8,판정_217건!$B$4:$B$220,E$3) -> 4 | F8: =COUNTIFS(판정_217건!$F$4:$F$220,$A8,판정_217건!$B$4:$B$220,F$3) -> 3 | G8: =COUNTIFS(판정_217건!$F$4:$F$220,$A8,판정_217건!$B$4:$B$220,G$3) -> 5 | H8: =COUNTIFS(판정_217건!$F$4:$F$220,$A8,판정_217건!$B$4:$B$220,H$3) -> 1 | I8: =COUNTIFS(판정_217건!$F$4:$F$220,$A8,판정_217건!$B$4:$B$220,I$3) -> 1 | J8: =SUM(B8:I8) -> 30
A9: TD-6 기타 | B9: =COUNTIFS(판정_217건!$F$4:$F$220,$A9,판정_217건!$B$4:$B$220,B$3) -> 3 | C9: =COUNTIFS(판정_217건!$F$4:$F$220,$A9,판정_217건!$B$4:$B$220,C$3) -> 5 | D9: =COUNTIFS(판정_217건!$F$4:$F$220,$A9,판정_217건!$B$4:$B$220,D$3) -> 2 | E9: =COUNTIFS(판정_217건!$F$4:$F$220,$A9,판정_217건!$B$4:$B$220,E$3) -> 1 | F9: =COUNTIFS(판정_217건!$F$4:$F$220,$A9,판정_217건!$B$4:$B$220,F$3) -> 1 | G9: =COUNTIFS(판정_217건!$F$4:$F$220,$A9,판정_217건!$B$4:$B$220,G$3) -> 0 | H9: =COUNTIFS(판정_217건!$F$4:$F$220,$A9,판정_217건!$B$4:$B$220,H$3) -> 0 | I9: =COUNTIFS(판정_217건!$F$4:$F$220,$A9,판정_217건!$B$4:$B$220,I$3) -> 0 | J9: =SUM(B9:I9) -> 12
A10: TD-7 경물·감각 | B10: =COUNTIFS(판정_217건!$F$4:$F$220,$A10,판정_217건!$B$4:$B$220,B$3) -> 0 | C10: =COUNTIFS(판정_217건!$F$4:$F$220,$A10,판정_217건!$B$4:$B$220,C$3) -> 5 | D10: =COUNTIFS(판정_217건!$F$4:$F$220,$A10,판정_217건!$B$4:$B$220,D$3) -> 3 | E10: =COUNTIFS(판정_217건!$F$4:$F$220,$A10,판정_217건!$B$4:$B$220,E$3) -> 4 | F10: =COUNTIFS(판정_217건!$F$4:$F$220,$A10,판정_217건!$B$4:$B$220,F$3) -> 6 | G10: =COUNTIFS(판정_217건!$F$4:$F$220,$A10,판정_217건!$B$4:$B$220,G$3) -> 0 | H10: =COUNTIFS(판정_217건!$F$4:$F$220,$A10,판정_217건!$B$4:$B$220,H$3) -> 0 | I10: =COUNTIFS(판정_217건!$F$4:$F$220,$A10,판정_217건!$B$4:$B$220,I$3) -> 0 | J10: =SUM(B10:I10) -> 18
A11: 합계 | B11: =SUM(B4:B10) -> 66 | C11: =SUM(C4:C10) -> 29 | D11: =SUM(D4:D10) -> 23 | E11: =SUM(E4:E10) -> 24 | F11: =SUM(F4:F10) -> 26 | G11: =SUM(G4:G10) -> 32 | H11: =SUM(H4:H10) -> 10 | I11: =SUM(I4:I10) -> 7 | J11: =SUM(J4:J10) -> 217

Sheet 원천목표_교차
A1: 원천·목표 영역 교차 분포
A3: 원천 \ 목표 | B3: TD-1 축적·유통 | C3: TD-2 권력·지배 | D3: TD-3 인식·진위 | E3: TD-4 도덕·책무 | F3: TD-5 문명·제도 | G3: TD-6 기타 | H3: TD-7 경물·감각 | I3: 합계
A4: SD-1 자연·물질 | B4: =COUNTIFS(판정_217건!$E$4:$E$220,$A4,판정_217건!$F$4:$F$220,B$3) -> 49 | C4: =COUNTIFS(판정_217건!$E$4:$E$220,$A4,판정_217건!$F$4:$F$220,C$3) -> 5 | D4: =COUNTIFS(판정_217건!$E$4:$E$220,$A4,판정_217건!$F$4:$F$220,D$3) -> 2 | E4: =COUNTIFS(판정_217건!$E$4:$E$220,$A4,판정_217건!$F$4:$F$220,E$3) -> 11 | F4: =COUNTIFS(판정_217건!$E$4:$E$220,$A4,판정_217건!$F$4:$F$220,F$3) -> 20 | G4: =COUNTIFS(판정_217건!$E$4:$E$220,$A4,판정_217건!$F$4:$F$220,G$3) -> 1 | H4: =COUNTIFS(판정_217건!$E$4:$E$220,$A4,판정_217건!$F$4:$F$220,H$3) -> 9 | I4: =SUM(B4:H4) -> 97
A5: SD-2 신체·감각 | B5: =COUNTIFS(판정_217건!$E$4:$E$220,$A5,판정_217건!$F$4:$F$220,B$3) -> 10 | C5: =COUNTIFS(판정_217건!$E$4:$E$220,$A5,판정_217건!$F$4:$F$220,C$3) -> 6 | D5: =COUNTIFS(판정_217건!$E$4:$E$220,$A5,판정_217건!$F$4:$F$220,D$3) -> 0 | E5: =COUNTIFS(판정_217건!$E$4:$E$220,$A5,판정_217건!$F$4:$F$220,E$3) -> 4 | F5: =COUNTIFS(판정_217건!$E$4:$E$220,$A5,판정_217건!$F$4:$F$220,F$3) -> 1 | G5: =COUNTIFS(판정_217건!$E$4:$E$220,$A5,판정_217건!$F$4:$F$220,G$3) -> 7 | H5: =COUNTIFS(판정_217건!$E$4:$E$220,$A5,판정_217건!$F$4:$F$220,H$3) -> 6 | I5: =SUM(B5:H5) -> 34
A6: SD-3 공간·방위 | B6: =COUNTIFS(판정_217건!$E$4:$E$220,$A6,판정_217건!$F$4:$F$220,B$3) -> 18 | C6: =COUNTIFS(판정_217건!$E$4:$E$220,$A6,판정_217건!$F$4:$F$220,C$3) -> 5 | D6: =COUNTIFS(판정_217건!$E$4:$E$220,$A6,판정_217건!$F$4:$F$220,D$3) -> 6 | E6: =COUNTIFS(판정_217건!$E$4:$E$220,$A6,판정_217건!$F$4:$F$220,E$3) -> 5 | F6: =COUNTIFS(판정_217건!$E$4:$E$220,$A6,판정_217건!$F$4:$F$220,F$3) -> 5 | G6: =COUNTIFS(판정_217건!$E$4:$E$220,$A6,판정_217건!$F$4:$F$220,G$3) -> 0 | H6: =COUNTIFS(판정_217건!$E$4:$E$220,$A6,판정_217건!$F$4:$F$220,H$3) -> 2 | I6: =SUM(B6:H6) -> 41
A7: SD-4 사냥·전쟁 | B7: =COUNTIFS(판정_217건!$E$4:$E$220,$A7,판정_217건!$F$4:$F$220,B$3) -> 8 | C7: =COUNTIFS(판정_217건!$E$4:$E$220,$A7,판정_217건!$F$4:$F$220,C$3) -> 1 | D7: =COUNTIFS(판정_217건!$E$4:$E$220,$A7,판정_217건!$F$4:$F$220,D$3) -> 0 | E7: =COUNTIFS(판정_217건!$E$4:$E$220,$A7,판정_217건!$F$4:$F$220,E$3) -> 0 | F7: =COUNTIFS(판정_217건!$E$4:$E$220,$A7,판정_217건!$F$4:$F$220,F$3) -> 0 | G7: =COUNTIFS(판정_217건!$E$4:$E$220,$A7,판정_217건!$F$4:$F$220,G$3) -> 0 | H7: =COUNTIFS(판정_217건!$E$4:$E$220,$A7,판정_217건!$F$4:$F$220,H$3) -> 0 | I7: =SUM(B7:H7) -> 9
A8: SD-5 운동·시간 | B8: =COUNTIFS(판정_217건!$E$4:$E$220,$A8,판정_217건!$F$4:$F$220,B$3) -> 5 | C8: =COUNTIFS(판정_217건!$E$4:$E$220,$A8,판정_217건!$F$4:$F$220,C$3) -> 1 | D8: =COUNTIFS(판정_217건!$E$4:$E$220,$A8,판정_217건!$F$4:$F$220,D$3) -> 0 | E8: =COUNTIFS(판정_217건!$E$4:$E$220,$A8,판정_217건!$F$4:$F$220,E$3) -> 3 | F8: =COUNTIFS(판정_217건!$E$4:$E$220,$A8,판정_217건!$F$4:$F$220,F$3) -> 0 | G8: =COUNTIFS(판정_217건!$E$4:$E$220,$A8,판정_217건!$F$4:$F$220,G$3) -> 0 | H8: =COUNTIFS(판정_217건!$E$4:$E$220,$A8,판정_217건!$F$4:$F$220,H$3) -> 0 | I8: =SUM(B8:H8) -> 9
A9: SD-6 문화·제도 | B9: =COUNTIFS(판정_217건!$E$4:$E$220,$A9,판정_217건!$F$4:$F$220,B$3) -> 7 | C9: =COUNTIFS(판정_217건!$E$4:$E$220,$A9,판정_217건!$F$4:$F$220,C$3) -> 3 | D9: =COUNTIFS(판정_217건!$E$4:$E$220,$A9,판정_217건!$F$4:$F$220,D$3) -> 4 | E9: =COUNTIFS(판정_217건!$E$4:$E$220,$A9,판정_217건!$F$4:$F$220,E$3) -> 4 | F9: =COUNTIFS(판정_217건!$E$4:$E$220,$A9,판정_217건!$F$4:$F$220,F$3) -> 4 | G9: =COUNTIFS(판정_217건!$E$4:$E$220,$A9,판정_217건!$F$4:$F$220,G$3) -> 4 | H9: =COUNTIFS(판정_217건!$E$4:$E$220,$A9,판정_217건!$F$4:$F$220,H$3) -> 1 | I9: =SUM(B9:H9) -> 27
A10: 합계 | B10: =SUM(B4:B9) -> 97 | C10: =SUM(C4:C9) -> 21 | D10: =SUM(D4:D9) -> 12 | E10: =SUM(E4:E9) -> 27 | F10: =SUM(F4:F9) -> 30 | G10: =SUM(G4:G9) -> 12 | H10: =SUM(H4:H9) -> 18 | I10: =SUM(I4:I9) -> 217

Sheet 대응쌍_12
A1: 원천 공유·목표 이동 대표 대응쌍 12쌍
A3: 번호 | B3: 원천 영역 | C3: 화식열전 원천 어휘 | D3: 화식열전 원문 | E3: 화식열전 목표 | F3: 열하일기 텍스트 | G3: 열하일기 원천 어휘 | H3: 열하일기 원문 | I3: 열하일기 목표
A4: 1 | B4: SD-1 자연·물질 | C4: 流水 | D4: 財幣欲其行如流水 | E4: TD-1 축적·유통 | F4: 성경잡지 | G4: 水銀海 | H4: 大野浸成水銀 | I4: TD-7 경물·감각
A5: 2 | B5: SD-1 자연·물질 | C5: 本 | D5: 是故本富為上 | E5: TD-1 축적·유통 | F5: 성경잡지 | G5: 崇本抑末 | H5: 崇本抑末 | I5: TD-5 문명·제도
A6: 3 | B6: SD-1 자연·물질 | C6: 厚 | D6: 厚賂戰士 | E6: TD-1 축적·유통 | F6: 도강록 | G6: 厚 | H6: 厚生然後正其德矣 | I6: TD-5 문명·제도
A7: 4 | B7: SD-1 자연·물질 | C7: 息 | D7: 率亦歲萬息二千 | E7: TD-1 축적·유통 | F7: 일신수필 | G7: 蘇息 | H7: 尙未蘇息 | I7: TD-5 문명·제도
A8: 5 | B8: SD-2 신체·감각 | C8: 病 | D8: 九十病末 | E8: TD-1 축적·유통 | F8: 옥갑야화 | G8: 肥 | H8: 萬金何肥於道哉 | I8: TD-4 도덕·책무
A9: 6 | B9: SD-2 신체·감각 | C9: 俯仰 | D9: 與時俯仰 | E9: TD-1 축적·유통 | F9: 성경잡지 | G9: 仰·俯 | H9: 仰事俯育 | I9: TD-4 도덕·책무
A10: 7 | B10: SD-2 신체·감각 | C10: 起 | D10: 任氏以此起富 | E10: TD-1 축적·유통 | F10: 행재잡록 | G10: 伸誠 | H10: 以伸該國慶祝之誠 | I10: TD-4 도덕·책무
A11: 8 | B11: SD-3 공간·방위 | C11: 下 | D11: 富最下 | E11: TD-1 축적·유통 | F11: 성경잡지 | G11: 貴·賤 | H11: 所以貴道賤利 | I11: TD-3 인식·진위
A12: 9 | B12: SD-3 공간·방위 | C12: 通 | D12: 商而通之 | E12: TD-1 축적·유통 | F12: 관내정사 | G12: 直道 | H12: 除直道不過是法 | I12: TD-2 권력·지배
A13: 10 | B13: SD-4 사냥·전쟁 | C13: 奇勝 | D13: 而富者必用奇勝 | E13: TD-1 축적·유통 | F13: 일신수필 | G13: 龍爭虎鬪 | H13: 龍爭虎鬪之跡 | I13: TD-2 권력·지배
A14: 11 | B14: SD-5 운동·시간 | C14: 趨 | D14: 多去文學而趨利者 | E14: TD-1 축적·유통 | F14: 일신수필 | G14: 邁 | H14: 富强邁秦漢 | I14: TD-2 권력·지배
A15: 12 | B15: SD-6 문화·제도 | C15: 行法 | D15: 商鞅行法是也 | E15: TD-1 축적·유통 | F15: 도강록 | G15: 操縱 | H15: 賈之所操縱 | I15: TD-2 권력·지배

Sheet 대응후보_전체
A1: 대응 후보군 전체: 화식열전 TD-1 43건 + 열하일기 비-TD-1 97건
A3: 구분 | B3: 텍스트 | C3: 절 | D3: 원천 어휘·설명 | E3: 원문 | F3: 원천 영역 | G3: 목표 영역 | H3: 판정 근거
A4: 화식열전 축적·유통 | B4: 화식열전 | C4: 1 | D4: 생명·번식 | E4: 息之 | F4: SD-1 자연·물질 | G4: TD-1 축적·유통 | H4: 원천: 자연물·물질과 그 운동. 식물·생명은 자연물의 생장, 저울·직조·바퀴·기와는 물질적 도구와 그 작용 / 목표: 재화의 축적·유통과 경제 원리
A5: 화식열전 축적·유통 | B5: 화식열전 | C5: 3 | D5: 전쟁·승리 | E5: 而富者必用奇勝 | F5: SD-4 사냥·전쟁 | G5: TD-1 축적·유통 | H5: 원천: 목표물을 두고 경쟁적으로 추격·획득하는 행위 / 목표: 부를 이루는 경영 전략과 경쟁 우위는 경제 축적 영역
A6: 화식열전 축적·유통 | B6: 화식열전 | C6: 4 | D6: 끈·연결 | E6: 商不出則三寶絕 | F6: SD-1 자연·물질 | G6: TD-1 축적·유통 | H6: 원천: 자연물·물질과 그 운동. 식물·생명은 자연물의 생장, 저울·직조·바퀴·기와는 물질적 도구와 그 작용 / 목표: 재화의 축적·유통과 경제 원리
A7: 화식열전 축적·유통 | B7: 화식열전 | C7: 4 | D7: 신체·자세 | E7: 與時俯仰 | F7: SD-2 신체·감각 | G7: TD-1 축적·유통 | H7: 원천: 신체 부위와 감각 작용. 빛·가시성은 시각 경험 / 목표: 재화의 축적·유통과 경제 원리
A8: 화식열전 축적·유통 | B8: 화식열전 | C8: 5 | D8: 이동·귀환 | E8: 歸於富厚 | F8: SD-5 운동·시간 | G8: TD-1 축적·유통 | H8: 원천: 이동·방향·시간의 경과 / 목표: 재화의 축적·유통과 경제 원리
A9: 화식열전 축적·유통 | B9: 화식열전 | C9: 6 | D9: 공간·통로 | E9: 交易之物莫不通 | F9: SD-3 공간·방위 | G9: TD-1 축적·유통 | H9: 원천: 상하·내외·통로 등 공간 배치 / 목표: 재화의 축적·유통과 경제 원리
A10: 화식열전 축적·유통 | B10: 화식열전 | C10: 6 | D10: 식물·가지 | E10: 以末致 | F10: SD-1 자연·물질 | G10: TD-1 축적·유통 | H10: 원천: 자연물·물질과 그 운동. 식물·생명은 자연물의 생장, 저울·직조·바퀴·기와는 물질적 도구와 그 작용 / 목표: 재화의 축적·유통과 경제 원리
A11: 화식열전 축적·유통 | B11: 화식열전 | C11: 6 | D11: 추격·사냥 | E11: 使之逐漁鹽商賈之利 | F11: SD-4 사냥·전쟁 | G11: TD-1 축적·유통 | H11: 원천: 목표물을 두고 경쟁적으로 추격·획득하는 행위 / 목표: 재화의 축적·유통과 경제 원리
A12: 화식열전 축적·유통 | B12: 화식열전 | C12: 8 | D12: 식물·뿌리 | E12: 用本守之 | F12: SD-1 자연·물질 | G12: TD-1 축적·유통 | H12: 원천: 자연물·물질과 그 운동. 식물·생명은 자연물의 생장, 저울·직조·바퀴·기와는 물질적 도구와 그 작용 / 목표: 재화의 축적·유통과 경제 원리
A13: 화식열전 축적·유통 | B13: 화식열전 | C13: 9 | D13: 이동·귀환 | E13: 廉賈歸富 | F13: SD-5 운동·시간 | G13: TD-1 축적·유통 | H13: 원천: 이동·방향·시간의 경과 / 목표: 재화의 축적·유통과 경제 원리
A14: 화식열전 축적·유통 | B14: 화식열전 | C14: 9 | D14: 이동·귀환 | E14: 而豪傑金玉盡歸任氏 | F14: SD-5 운동·시간 | G14: TD-1 축적·유통 | H14: 원천: 이동·방향·시간의 경과 / 목표: 재화의 축적·유통과 경제 원리
... A46: 화식열전 축적·유통 | B46: 화식열전 | C46: 78 | D46: 공간·상하 | E46: 富最下 | F46: SD-3 공간·방위 | G46: TD-1 축적·유통 | H46: 원천: 상하·내외·통로 등 공간 배치 / 목표: 재화의 축적·유통과 경제 원리
A47: 열하일기 비축적·유통 | B47: 도강록 | C47: 8 | D47: 吮膏血 | E47: 吮朝鮮膏血 | F47: SD-2 신체·감각 | G47: TD-2 권력·지배 | H47: 기름과 피를 빨아먹음이 재물 수탈로 옮겨감 앞뒤 문맥을 함께 보면 ‘吮朝鮮膏血’은 단순한 문자적 묘사에 그치
A48: 열하일기 비축적·유통 | B48: 도강록 | C48: 8 | D48: 堆着笑臉 | E48: 堆着笑臉 | F48: SD-3 공간·방위 | G48: TD-7 경물·감각 | H48: 쌓아 올림이 얼굴에 웃음을 띰으로 옮겨감 앞뒤 문맥을 함께 보면 ‘堆着笑臉’은 단순한 문자적 묘사에 그치지
A49: 열하일기 비축적·유통 | B49: 도강록 | C49: 11 | D49: 斷膓 | E49: 斷膓淸南第一州 | F49: SD-2 신체·감각 | G49: TD-7 경물·감각 | H49: 창자가 끊어짐이 이별의 슬픔으로 옮겨감 앞뒤 문맥을 함께 보면 ‘斷膓淸南第一州’은 단순한 문자적 묘사에 그치
A50: 열하일기 비축적·유통 | B50: 도강록 | C50: 11 | D50: 贏縮 | E50: 高勾麗封域時有贏縮 | F50: SD-3 공간·방위 | G50: TD-5 문명·제도 | H50: 물체의 늘고 줆이 국경의 신축으로 옮겨감 앞뒤 문맥을 함께 보면 ‘高勾麗封域時有贏縮’은 단순한 문자적 묘사에
A51: 열하일기 비축적·유통 | B51: 도강록 | C51: 18 | D51: 舌本瀏利 | E51: 舌本瀏利如誦熟文 | F51: SD-2 신체·감각 | G51: TD-6 기타 | H51: 혀뿌리의 매끄러움이 말솜씨로 옮겨감(직유) 앞뒤 문맥을 함께 보면 ‘舌本瀏利如誦熟文’은 단순한 문자적 묘사에
A52: 열하일기 비축적·유통 | B52: 도강록 | C52: 20 | D52: 染 | E52: 一路上染得暑痢 | F52: SD-6 문화·제도 | G52: TD-7 경물·감각 | H52: 천을 물들임이 병에 걸림으로 옮겨감 앞뒤 문맥을 함께 보면 ‘一路上染得暑痢’은 단순한 문자적 묘사에 그치지
A53: 열하일기 비축적·유통 | B53: 도강록 | C53: 20 | D53: 賣眼 | E53: 汝復賣眼 | F53: SD-2 신체·감각 | G53: TD-6 기타 | H53: 눈을 판다는 신체 표현이 묵인으로 옮겨감 앞뒤 문맥을 함께 보면 ‘汝復賣眼’은 단순한 문자적 묘사에 그치지
A54: 열하일기 비축적·유통 | B54: 도강록 | C54: 22 | D54: 得了其債 | E54: 今日眞得了其債矣 | F54: SD-6 문화·제도 | G54: TD-6 기타 | H54: 채무 관념이 유람의 숙원 해소로 옮겨감 앞뒤 문맥을 함께 보면 ‘今日眞得了其債矣’은 단순한 문자적 묘사에 그
A55: 열하일기 비축적·유통 | B55: 도강록 | C55: 23 | D55: 崇 | E55: 可謂太崇儉矣 | F55: SD-3 공간·방위 | G55: TD-4 도덕·책무 | H55: 공간의 높음이 가치의 존숭으로 옮겨감 앞뒤 문맥을 함께 보면 ‘可謂太崇儉矣’은 단순한 문자적 묘사에 그치지
A56: 열하일기 비축적·유통 | B56: 도강록 | C56: 27 | D56: 繁華 | E56: 繁華富麗 | F56: SD-1 자연·물질 | G56: TD-5 문명·제도 | H56: 초목의 무성함과 꽃이 도시의 성황으로 옮겨감 앞뒤 문맥을 함께 보면 ‘繁華富麗’은 단순한 문자적 묘사에 그치
A57: 열하일기 비축적·유통 | B57: 도강록 | C57: 31 | D57: 重 | E57: 盖康煕甚重稼穡制 | F57: SD-1 자연·물질 | G57: TD-5 문명·제도 | H57: 물체의 무게를 정책적 중요도와 가치의 크기에 대응시켜 농업을 중시함을 나타낸다. 앞뒤 문맥을 함께 보면 ‘盖
A58: 열하일기 비축적·유통 | B58: 도강록 | C58: 36 | D58: 息怒 | E58: 息怒 | F58: SD-2 신체·감각 | G58: TD-7 경물·감각 | H58: 숨을 죽임이 감정의 진정으로 옮겨감 앞뒤 문맥을 함께 보면 ‘息怒’은 단순한 문자적 묘사에 그치지 않고, ‘
... A143: 열하일기 비축적·유통 | B143: 심세편 | C143: 330 | D143: 借集註之誤 | E143: 故時借一二集註之誤 | F143: SD-6 문화·제도 | G143: TD-3 인식·진위 | H143: 빌림이 구실의 차용으로 옮겨감 앞뒤 문맥을 함께 보면 ‘故時借一二集註之誤’은 단순한 문자적 묘사에 그치지 않

Sheet 반례_54
A1: 반례: 열하일기에서 축적·유통을 목표로 하는 은유 54건
A3: 텍스트 | B3: 절 | C3: 원천 어휘·설명 | D3: 원문 | E3: 원천 영역 | F3: 목표 영역 | G3: 판정 근거
A4: 도강록 | B4: 9 | C4: 富厚 | D4: 大致富厚 | E4: SD-3 공간·방위 | F4: TD-1 축적·유통 | G4: 두께가 재산의 두터움으로 옮겨감 앞뒤 문맥을 함께 보면 ‘大致富厚’은 단순한 문자적 묘사에 그치지 않고, ‘
A5: 도강록 | B5: 14 | C5: 利殖 | D5: 其利殖之法 | E5: SD-1 자연·물질 | F5: TD-1 축적·유통 | G5: 초목의 생장이 이자의 불어남으로 옮겨감 앞뒤 문맥을 함께 보면 ‘其利殖之法’은 단순한 문자적 묘사에 그치지
A6: 도강록 | B6: 16 | C6: 奇羨 | D6: 貿易諸貨爲奇羡 | E6: SD-1 자연·물질 | F6: TD-1 축적·유통 | G6: 물이 넘침이 무역의 이문으로 옮겨감 앞뒤 문맥을 함께 보면 ‘貿易諸貨爲奇羡’은 단순한 문자적 묘사에 그치지
A7: 도강록 | B7: 26 | C7: 高價 | D7: 要索高價 | E7: SD-3 공간·방위 | F7: TD-1 축적·유통 | G7: 값의 크기를 공간의 높낮이로 나타냄 앞뒤 문맥을 함께 보면 ‘要索高價’은 단순한 문자적 묘사에 그치지 않고,
A8: 도강록 | B8: 32 | C8: 虛 | D8: 則烟桶爲虛位矣 | E8: SD-3 공간·방위 | F8: TD-1 축적·유통 | G8: 내용물이 없는 빈 공간을 기능과 역할이 없는 상태에 대응시킨다. 앞뒤 문맥을 함께 보면 ‘則烟桶爲虛位矣’은
A9: 도강록 | B9: 38 | C9: 濫 | D9: 及包外濫銀 | E9: SD-1 자연·물질 | F9: TD-1 축적·유통 | G9: 물이 넘침이 규정 초과의 은으로 옮겨감 앞뒤 문맥을 함께 보면 ‘及包外濫銀’은 단순한 문자적 묘사에 그치지
A10: 도강록 | B10: 67 | C10: 濫 | D10: 其濫銀奚論 | E10: SD-1 자연·물질 | F10: TD-1 축적·유통 | G10: 물이 넘침이 규정 초과의 은으로 옮겨감 앞뒤 문맥을 함께 보면 ‘其濫銀奚論’은 단순한 문자적 묘사에 그치지
A11: 도강록 | B11: 127 | C11: 厚價 | D11: 而要索厚價 | E11: SD-3 공간·방위 | F11: TD-1 축적·유통 | G11: 두께가 값의 높음으로 옮겨감 앞뒤 문맥을 함께 보면 ‘而要索厚價’은 단순한 문자적 묘사에 그치지 않고, ‘厚
A12: 성경잡지 | B12: 13 | C12: 湧價 | D12: 濫呼湧價 | E12: SD-1 자연·물질 | F12: TD-1 축적·유통 | G12: 물이 솟구침이 값의 급등으로 옮겨감 앞뒤 문맥을 함께 보면 ‘濫呼湧價’은 단순한 문자적 묘사에 그치지 않고,
A13: 성경잡지 | B13: 23 | C13: 逐利 | D13: 逐利口外 | E13: SD-4 사냥·전쟁 | F13: TD-1 축적·유통 | G13: 사냥의 추격이 이익 좇기로 옮겨감 앞뒤 문맥을 함께 보면 ‘逐利口外’은 단순한 문자적 묘사에 그치지 않고,
A14: 성경잡지 | B14: 61 | C14: 仰 | D14: 賣買只仰蒙古寧古塔船廠等地 | E14: SD-2 신체·감각 | F14: TD-1 축적·유통 | G14: 위를 바라보는 자세를 몽골 등 외부 시장에 의존하여 매매하는 상태에 대응시킨다. 앞뒤 문맥을 함께 보면 ‘賣
A15: 성경잡지 | B15: 85 | C15: 機利 | D15: 以爲機利 | E15: SD-6 문화·제도 | F15: TD-1 축적·유통 | G15: 베틀의 기틀이 이익의 기회로 옮겨감 앞뒤 문맥을 함께 보면 ‘以爲機利’은 단순한 문자적 묘사에 그치지 않고,
... A57: 행재잡록 | B57: 37 | C57: 竭帑銀 | D57: 竭帑銀以 | E57: SD-1 자연·물질 | F57: TD-1 축적·유통 | G57: 물이 마름이 국고의 소진으로 옮겨감 앞뒤 문맥을 함께 보면 ‘竭帑銀以’은 단순한 문자적 묘사에 그치지 않고,

Sheet 감각성_지수
A1: 텍스트별 감각성 지수 산출 원표
A3: 텍스트 | B3: 분석 단위 | C3: 문맥 추출수 | D3: A(감각적) | E3: B(추상적) | F3: 감각성 지수(%)
A4: 화식열전 | B4: 문장 | C4: 119 | D4: 71 | E4: 81 | F4: =D4/(D4+E4)*100 -> 46.710526
A5: 도강록 | B5: 어구 | C5: 94 | D5: 62 | E5: 47 | F5: =D5/(D5+E5)*100 -> 56.880734
A6: 관내정사 | B6: 어구 | C6: 75 | D6: 41 | E6: 50 | F6: =D6/(D6+E6)*100 -> 45.054945
A7: 옥갑야화 | B7: 어구 | C7: 60 | D7: 57 | E7: 29 | F7: =D7/(D7+E7)*100 -> 66.27907
A8: 행재잡록 | B8: 어구 | C8: 18 | D8: 12 | E8: 5 | F8: =D8/(D8+E8)*100 -> 70.588235
A9: 성경잡지 | B9: 어구 | C9: 82 | D9: 35 | E9: 38 | F9: =D9/(D9+E9)*100 -> 47.945205
A10: 일신수필 | B10: 어구 | C10: 80 | D10: 67 | E10: 43 | F10: =D10/(D10+E10)*100 -> 60.909091
A11: 심세편(참고) | B11: 어구 | C11: 7 | D11: 0 | E11: 5 | F11: 산출 제외
A12: 열하일기 6편 합계 | C12: =SUM(C5:C10) -> 409 | D12: =SUM(D5:D10) -> 274 | E12: =SUM(E5:E10) -> 212 | F12: =D12/(D12+E12)*100 -> 56.378601
A14: 주석 | B14: 문장/어구는 각 저본의 표점·분절 형태에 따른 문맥 추출 단위이다. 재현 가능성은 구성타당도를 의미하지 않으며, 본 지수는 기술적 보조 지표로 한정한다.

Sheet 어휘_목록
A1: 트리거 및 A·B 어휘 목록
A3: 구분 | B3: 순번 | C3: 어휘 | D3: 목록 내 개수 | E3: 비고
A4: 트리거 — 단일자 | B4: 1 | C4: 財 | D4: 32
A5: 트리거 — 단일자 | B5: 2 | C5: 貨 | D5: 32
A6: 트리거 — 단일자 | B6: 3 | C6: 利 | D6: 32
A7: 트리거 — 단일자 | B7: 4 | C7: 富 | D7: 32
A8: 트리거 — 단일자 | B8: 5 | C8: 貧 | D8: 32
A9: 트리거 — 단일자 | B9: 6 | C9: 買 | D9: 32
A10: 트리거 — 단일자 | B10: 7 | C10: 賣 | D10: 32
A11: 트리거 — 단일자 | B11: 8 | C11: 銀 | D11: 32
A12: 트리거 — 단일자 | B12: 9 | C12: 錢 | D12: 32
A13: 트리거 — 단일자 | B13: 10 | C13: 商 | D13: 32
A14: 트리거 — 단일자 | B14: 11 | C14: 賈 | D14: 32
A15: 트리거 — 단일자 | B15: 12 | C15: 價 | D15: 32
A16: 트리거 — 단일자 | B16: 13 | C16: 資 | D16: 32
A17: 트리거 — 단일자 | B17: 14 | C17: 產 | D17: 32 | E17: 원문 표기 차이(이체자)를 반영해 모두 트리거에 포함
A18: 트리거 — 단일자 | B18: 15 | C18: 産 | D18: 32 | E18: 원문 표기 차이(이체자)를 반영해 모두 트리거에 포함
A19: 트리거 — 단일자 | B19: 16 | C19: 殖 | D19: 32
A20: 트리거 — 단일자 | B20: 17 | C20: 稅 | D20: 32
A21: 트리거 — 단일자 | B21: 18 | C21: 賦 | D21: 32
A22: 트리거 — 단일자 | B22: 19 | C22: 貢 | D22: 32
A23: 트리거 — 단일자 | B23: 20 | C23: 儉 | D23: 32
A24: 트리거 — 단일자 | B24: 21 | C24: 奢 | D24: 32
A25: 트리거 — 단일자 | B25: 22 | C25: 窖 | D25: 32
A26: 트리거 — 단일자 | B26: 23 | C26: 券 | D26: 32
A27: 트리거 — 단일자 | B27: 24 | C27: 契 | D27: 32
A28: 트리거 — 단일자 | B28: 25 | C28: 倍 | D28: 32
A29: 트리거 — 단일자 | B29: 26 | C29: 息 | D29: 32
A30: 트리거 — 단일자 | B30: 27 | C30: 債 | D30: 32
... A150: B 추상적·규범적 | B150: 42 | C150: 盜 | D150: 42

Sheet A_B_경계_판정원칙
A1: A/B 경계 사례 및 은유 판정 원칙
A3: A/B 경계 사례
A4: 유형 | B4: 해당 글자 | C4: 판정 | D4: 판정 근거
A5: 행위·평가 중첩형 | B5: 儉, 奢 | C5: B | D5: 행위와 평가의 의미가 겹치지만 재화 관련 문맥에서는 규범적·평가적 함의가 우세하므로 B로 처리한다.
A6: 실물·가치 중첩형 | B6: 金, 銀, 錢 | C6: A | D6: 화폐·금속이라는 실물 지시가 우세하며, 가치 의미 역시 실물 지시에 기반하므로 A로 처리한다.
A7: 신분·평가 중첩형 | B7: 貴, 賤 | C7: B | D7: 가격의 높고 낮음과 신분의 귀천 모두 평가적 위계를 전제하므로 B로 처리한다.
A8: 트리거·A/B 중복형 | B8: 銀·錢 / 儉·奢 | C8: A / B | D8: 트리거 목록은 분석 대상 문맥을 추출하고, A·B 목록은 추출 문맥의 어휘 빈도를 산출하므로 기능이 다르다.
A11: 은유 판정 원칙
A12: 원칙 | B12: 내용
A13: ① | B13: 판정 단위는 절로 하되, 앞뒤 문맥은 해당 절의 의미를 확정하는 자료로 사용한다. 한 절에 은유가 둘 이상 나타나는 경우에는 분석 목적상 대표적인 은유 하나를 판정한다.
A14: ② | B14: 핵심 어휘의 기본 의미를 확인한다. 기본 의미는 상대적으로 더 구체적이고 신체적·물질적 경험에 가까우며, 역사적으로 앞선 의미를 우선적으로 고려한다.
A15: ③ | B15: 핵심 어휘의 기본 의미와 문맥 의미가 서로 다른 개념 영역에 속하고, 기본 의미에 기반한 구체적 경험을 통해 문맥의 추상적 개념을 이해할 수 있을 때 은유로 판정한다.
A16: ④ | B16: 시간 단위, 관직명, 제도명이나 의미 확장이 관습화되어 문맥에서 원천 장면이 활성화되지 않는 표현은 비은유로 처리한다.
A17: ⑤ | B17: 과장과 역설은 원천 영역으로 분류하지 않고 수사 기제로 별도 표시한다. 직유 표지가 있는 표현도 개념 영역 간 대응이 확인되면 포함하며, 환유는 제외한다.
A18: ⑥ | B18: 동일한 어휘가 동일한 기본 의미와 개념적 대응으로 사용된 경우에는 텍스트 전체에서 동일한 원천 영역을 적용한다. 다만 문맥에 따라 기본 의미나 개념적 대응이 달라지는 경우에는 해당 문맥을 기준으로 판정한다.
